patientId,x,y,width,height,Target
0004cfab-14fd-4e49-80ba-63a80b6bddd6,,,,,0
003d8fa0-6bf1-40ed-b54c-ac657f8495c5,,,,,0
00436515-870c-4b36-a041-de91049b9ab4,264.0,152.0,213.0,379.0,1
00436515-870c-4b36-a041-de91049b9ab4,562.0,152.0,256.0,453.0,1
006cec2e-6ce2-4549-bffa-eadfcd1e9970,,,,,0
008c19e8-a820-403a-930a-bc74a4053664,,,,,0
009eb222-eabc-4150-8121-d5a6d06b8ebf,,,,,0
00f08de1-517e-4652-a04f-d1dc9ee48593,181.0,184.0,206.0,506.0,1
00f08de1-517e-4652-a04f-d1dc9ee48593,571.0,275.0,230.0,476.0,1
01538c3b-3de9-4fbb-95a8-732235821bbf,,,,,0
017c7b5b-618e-4bc9-943c-04c6a988d992,,,,,0
019d950b-dd38-4cf3-a686-527a75728be6,229.0,318.0,250.0,301.0,1
019d950b-dd38-4cf3-a686-527a75728be6,604.0,216.0,196.0,328.0,1
019e035e-2f82-4c66-a198-57422a27925f,,,,,0
01a4059c-22f7-4f51-8a27-50aff0b3aeb3,,,,,0
01adfd2f-7bc7-4cef-ab68-a0992752b620,225.0,415.0,98.0,101.0,1
01c0b605-0a82-401b-9649-81252304ac45,,,,,0
01cc7c75-4498-43ab-b650-5553d0507f76,,,,,0
01d1f0be-5216-4af5-b2dc-a160c1c56122,,,,,0
01e16ddb-682d-4901-b56d-8686c4f9f976,,,,,0
01e4fd43-4f2c-421f-bd68-c756dceb5742,,,,,0
01e800d4-4d8d-4ef5-a40a-f37b923bb7ad,,,,,0
01f11e57-5c11-4ab0-9312-d88c3826721c,,,,,0
01f6bf01-9887-498c-ab11-1d10c6a22221,,,,,0
01fa0f5e-00c3-41cb-b5c7-10600c8633ae,602.0,438.0,101.0,101.0,1
01fa0f5e-00c3-41cb-b5c7-10600c8633ae,364.0,419.0,96.0,121.0,1
021443b8-0e56-4ce2-87e2-53302d8441ca,,,,,0
022b7bbd-963b-49ea-afd7-b6b7986da555,,,,,0
024cff3e-86d2-4658-b204-79b94b74b94f,,,,,0
029216c8-ea0d-47bb-88fd-bf611cc5d1fc,,,,,0
02b20ea4-9c01-48b2-b3b3-5dae20e80095,,,,,0
02c34d5b-16e9-412e-a385-ccd8cbceae16,633.0,421.0,214.0,266.0,1
02c34d5b-16e9-412e-a385-ccd8cbceae16,317.0,416.0,88.0,242.0,1
03249840-0a17-448c-bf41-7e156428ab59,730.0,265.0,115.0,223.0,1
03249840-0a17-448c-bf41-7e156428ab59,349.0,277.0,122.0,309.0,1
035789b1-3736-405d-9910-f8f23c62ae9f,692.0,338.0,140.0,191.0,1
035789b1-3736-405d-9910-f8f23c62ae9f,239.0,352.0,121.0,93.0,1
03682e3c-d601-4e35-9ba5-06e85bba5c7c,,,,,0
0385fdea-9b37-4039-b10c-d3094f6afdfa,,,,,0
03a9498c-549d-4e7d-800b-e74797f7f625,195.0,511.0,218.0,271.0,1
03a9498c-549d-4e7d-800b-e74797f7f625,612.0,214.0,109.0,89.0,1
03a9498c-549d-4e7d-800b-e74797f7f625,610.0,599.0,265.0,245.0,1
03ab53d0-0a93-43f7-bfb7-4fc5b4db75dc,,,,,0
03ae75b6-45a7-4a68-9871-f07b82b17bf6,584.0,367.0,241.0,466.0,1
03ae75b6-45a7-4a68-9871-f07b82b17bf6,210.0,396.0,182.0,493.0,1
03cd7a5b-d5d7-40a1-81b1-c4264920530a,667.0,125.0,255.0,749.0,1
03cd7a5b-d5d7-40a1-81b1-c4264920530a,284.0,170.0,215.0,571.0,1
03f43232-8362-4a4b-8632-aa336ce7ac08,,,,,0
0404639a-94b5-40c8-af85-8b0c6a972b01,,,,,0
040a0743-f663-4746-8224-f0e3bacc7ba5,294.0,228.0,87.0,144.0,1
040a0743-f663-4746-8224-f0e3bacc7ba5,180.0,504.0,236.0,205.0,1
040a0743-f663-4746-8224-f0e3bacc7ba5,637.0,240.0,242.0,547.0,1
041bf0ac-a841-4c4a-9f91-45f4b3b34671,,,,,0
0499513a-5d48-4cf9-aac8-115e2a52fe1a,675.0,642.0,179.0,161.0,1
0499513a-5d48-4cf9-aac8-115e2a52fe1a,381.0,613.0,108.0,162.0,1
04a6aa6d-bd6d-48b1-822b-21b81c4bdf3a,349.0,735.0,173.0,172.0,1
05073cbd-ad54-456d-9de6-b468db719b57,,,,,0
05083068-f4df-464a-b669-3c084ee05f1f,288.0,301.0,111.0,158.0,1
053f400c-145d-4770-841c-3ea961bb3644,,,,,0
05576ba5-4a1e-4533-a6e3-9eee9a56368f,,,,,0
056fb495-574d-4b37-9f89-77b9ced2ef43,,,,,0
059f1e59-573c-49d1-ac78-3323a2ff047f,547.0,554.0,137.0,97.0,1
05b5185a-e24a-424e-a62f-4e32c1e5a4b3,,,,,0
05b91b32-5635-4071-b45d-6a73f8eea918,576.0,206.0,219.0,611.0,1
05b91b32-5635-4071-b45d-6a73f8eea918,160.0,264.0,317.0,501.0,1
05be93e5-70aa-4879-bf06-6c866bde90d7,,,,,0
05c4f636-2c27-4b78-b874-878f499813aa,,,,,0
05c8ec6f-c41d-4dbe-a6a0-2875334b0b9e,,,,,0
05d3817a-5535-4e77-8dda-d4412e496c81,256.0,73.0,274.0,682.0,1
05d3817a-5535-4e77-8dda-d4412e496c81,614.0,78.0,276.0,759.0,1
05d4d725-02a2-4c90-8ef8-463217889ba8,110.0,78.0,338.0,675.0,1
05d4d725-02a2-4c90-8ef8-463217889ba8,518.0,123.0,381.0,715.0,1
05e6c2e5-897d-49d7-a35f-c0fd707a2992,,,,,0
05e79372-5e61-4957-bedf-c2c51a0757ad,,,,,0
05eebe4c-bca2-40d4-bb20-54fc60e2bcea,219.0,148.0,278.0,584.0,1
05eebe4c-bca2-40d4-bb20-54fc60e2bcea,529.0,139.0,371.0,577.0,1
05f6eacc-e1a9-4b88-a0ec-f4ab5ba72e93,,,,,0
05fe7d73-5c8c-4349-88c4-2071a00d6d81,6.0,176.0,367.0,575.0,1
05fe7d73-5c8c-4349-88c4-2071a00d6d81,459.0,246.0,351.0,645.0,1
05ff7ddc-3fb7-4378-ac14-a10a08c64aaf,,,,,0
0609fbd5-ef5c-4fdc-a51d-9fa0f05ea481,,,,,0
061628a9-8a6d-4e01-8f26-b7a6cca2b13d,,,,,0
0618a5bc-196d-4afc-9ac4-d0aa940c6e03,222.0,95.0,255.0,297.0,1
061b44ff-fd22-473d-853f-81da70e14a63,596.0,121.0,307.0,620.0,1
061bb9bf-13c6-4ea0-bd82-5768fb83dff8,94.0,340.0,323.0,300.0,1
061bb9bf-13c6-4ea0-bd82-5768fb83dff8,581.0,382.0,313.0,223.0,1
061d0ff4-a611-42ce-b780-1d1eb55e50ab,220.0,209.0,298.0,703.0,1
061d0ff4-a611-42ce-b780-1d1eb55e50ab,600.0,262.0,256.0,721.0,1
0620afa3-b2ea-442e-9e4f-c854086ca763,212.0,436.0,293.0,284.0,1
06216b5c-c03f-4562-bfec-bec5235943d2,,,,,0
0623ea89-c89c-4743-b492-55e398de4c9b,,,,,0
06250f9d-5ad9-44ca-9283-dbf787e2ad22,55.0,228.0,310.0,546.0,1
06250f9d-5ad9-44ca-9283-dbf787e2ad22,460.0,243.0,380.0,574.0,1
0638126f-126f-4f53-befe-538ff87597c6,,,,,0
06463240-3dd5-4d64-ad20-0956af60d1a2,,,,,0
064bd2d6-5cc4-4933-957f-c880f44e2de2,,,,,0
065158ed-021d-4d2d-a2e2-79b69a03853d,,,,,0
06550cfd-e9d5-415e-bae9-3146329ed9e6,166.0,161.0,284.0,464.0,1
06550cfd-e9d5-415e-bae9-3146329ed9e6,492.0,145.0,347.0,408.0,1
065b3a2f-1af3-4ebd-a740-9e49f9c685db,,,,,0
06634f15-9c78-47a1-97eb-f10f4c210765,84.0,348.0,329.0,481.0,1
06634f15-9c78-47a1-97eb-f10f4c210765,495.0,305.0,333.0,484.0,1
0666201a-fab4-4828-81dd-73292312c766,,,,,0
068c876a-d9ee-4a1e-810a-63c8195b27bd,,,,,0
0695a0d8-d4b6-4dbe-bc04-497897e4516a,129.0,219.0,139.0,193.0,1
0695a0d8-d4b6-4dbe-bc04-497897e4516a,87.0,414.0,241.0,201.0,1
0697baae-e475-4fa3-ad82-51b319a026cc,510.0,380.0,274.0,282.0,1
0697baae-e475-4fa3-ad82-51b319a026cc,152.0,383.0,215.0,240.0,1
06a2ae98-575c-40c3-a32b-d0c80fee06c5,,,,,0
06a7820e-8f38-4958-b871-518030a63432,,,,,0
06b64e36-9e61-4865-bfe4-d96eef86548c,504.0,265.0,262.0,380.0,1
06bc1cfe-23a0-43a4-a01b-dfa10314bbb0,,,,,0
06c3982f-b0a4-4e3a-a85c-564c2e47e472,,,,,0
06c3e09b-341b-4fb9-9e28-bfd9cf298c6d,253.0,450.0,241.0,233.0,1
06cc46b7-50b1-41c1-a406-ccac7a5ac3e2,519.0,295.0,233.0,351.0,1
06cc46b7-50b1-41c1-a406-ccac7a5ac3e2,220.0,279.0,233.0,492.0,1
06e09ebb-cb5b-4c30-8d3a-67a6ec34692b,152.0,129.0,184.0,374.0,1
06e09ebb-cb5b-4c30-8d3a-67a6ec34692b,577.0,161.0,242.0,370.0,1
06e48d8a-93d5-40c6-b6be-f04378117ac8,,,,,0
06ea9b14-2cac-42c6-b3d1-b955feafee23,,,,,0
06ec9278-5144-4b88-87f4-c195bb24857d,506.0,367.0,279.0,216.0,1
06edaefa-0bab-4e20-bba9-ee66be0edb12,,,,,0
06ef9df8-ccf3-4086-9115-ecdb99d27df5,,,,,0
06f4f57e-ab00-459a-aa03-2ffe1dc75bdb,,,,,0
06fc2885-127a-4274-b20c-554d352ea21b,197.0,129.0,297.0,521.0,1
06fc2885-127a-4274-b20c-554d352ea21b,612.0,292.0,274.0,418.0,1
07015c3f-79d8-4340-9baf-255b2a5418bd,,,,,0
07120dca-52d2-4c79-84fd-a11f995df2fd,,,,,0
071223f2-92fd-40a1-b0d4-30308521ff46,,,,,0
07125480-e928-4b5c-aaf2-62dddb1bf2a1,,,,,0
074113b7-da5f-4742-93fd-654ee20939f5,,,,,0
0742a7f3-5f8e-474b-bd1f-0ba8ba9a6b19,150.0,266.0,262.0,451.0,1
0742a7f3-5f8e-474b-bd1f-0ba8ba9a6b19,561.0,312.0,218.0,487.0,1
074aea8f-d454-4590-9178-3183dbddcf30,,,,,0
07586610-21e3-45ff-ad4d-d7e2d19c9a33,,,,,0
075f24e4-0d8e-4606-8e68-ee5ea0b953b5,,,,,0
076149ed-e1a7-4424-b283-18161c95e0e2,,,,,0
07624954-ac9b-42d4-9de3-9d35a18df062,,,,,0
076eab63-d75d-4272-a5d3-13eae02f2c8f,186.0,203.0,269.0,594.0,1
076eab63-d75d-4272-a5d3-13eae02f2c8f,583.0,224.0,250.0,571.0,1
07752357-2f21-4e42-9015-27886b3d5857,,,,,0
077ff78d-27ef-49d4-9e8e-00e458844a3e,550.0,129.0,386.0,745.0,1
077ff78d-27ef-49d4-9e8e-00e458844a3e,237.0,115.0,262.0,748.0,1
0790ee1e-70c5-4f8f-9b80-cd10ecfd90f2,,,,,0
07afb190-e345-418c-8bd8-ca864b11b6d1,,,,,0
07b7b9b0-718a-4750-b1f4-5af45c5607f2,142.0,453.0,327.0,479.0,1
07b7b9b0-718a-4750-b1f4-5af45c5607f2,561.0,579.0,369.0,387.0,1
07c5e2ff-fd3a-47c7-936f-33f34d11b41d,,,,,0
07c79bc0-131c-48ad-bf12-a386cad3d3a9,,,,,0
07c99b1f-cf0c-40da-8ea9-8c5c9cd51189,616.0,391.0,196.0,249.0,1
07c99b1f-cf0c-40da-8ea9-8c5c9cd51189,256.0,153.0,234.0,443.0,1
07d0762b-8d1f-41d9-8ea9-1b6e4097cd33,,,,,0
07d45be8-4344-473d-b377-26354b64078e,,,,,0
07d8975a-76e3-4160-8784-c97e35166271,,,,,0
07e08ccd-ea26-4cb2-b7ea-a330aff72a3a,,,,,0
07f62c5d-2351-49fa-8eed-02800042dc8d,,,,,0
07f8978f-eaac-467e-8ff1-4de731dc441e,,,,,0
081e308c-0134-4ba3-b745-f632e37a83a1,,,,,0
0821dd8e-16f7-4931-ac86-37a6cb40df84,,,,,0
082391ac-5057-4479-8abf-12b42afb47ca,,,,,0
08295bd5-d317-467a-acbb-ba3ba9218c9f,,,,,0
08483dbc-6223-43e2-b049-b1f86ef8bbcc,,,,,0
0851431b-cad7-436f-acb8-06aed97e5339,55.0,95.0,304.0,677.0,1
0851431b-cad7-436f-acb8-06aed97e5339,529.0,460.0,195.0,261.0,1
0851e63b-8a7c-4089-afd2-b63c28795669,,,,,0
085a6486-c3b3-4ca2-80f1-be07d23e853b,665.0,231.0,185.0,284.0,1
085a6486-c3b3-4ca2-80f1-be07d23e853b,147.0,325.0,158.0,225.0,1
085a6486-c3b3-4ca2-80f1-be07d23e853b,332.0,422.0,155.0,249.0,1
085c8aef-ef57-43c8-a14e-4eb3f252010f,,,,,0
085f5a19-2746-43e1-a3c7-34ce070d1ad8,,,,,0
087bcaa5-2477-4111-8390-fa5f2dec4852,265.0,254.0,270.0,478.0,1
08886e85-61de-479a-b2df-99ef3c5d0b05,,,,,0
088b89f6-6847-4a20-b1ad-5887b56bbae7,470.0,607.0,301.0,278.0,1
088d38bd-2b6b-48cf-9c83-e9e4214a9c28,,,,,0
0898494b-fa6c-442c-b049-eb974ccee7b3,,,,,0
089a996e-425c-4311-b473-6948b3eb1060,347.0,315.0,240.0,342.0,1
08a09eef-7c20-414d-b36f-bd609dc5c763,,,,,0
08a74d38-bb50-4c38-9e41-7fd0976d428d,,,,,0
08ac2f29-e8b4-484e-9394-806ef7bee8ea,,,,,0
08af877f-f833-4d4f-b64c-24e014d63311,296.0,356.0,339.0,354.0,1
08b9ee23-ff64-4494-b293-5e43f3de3453,,,,,0
08cbc4cf-9efb-47e4-a77f-d734e6a273c5,,,,,0
08cf13be-3988-4a73-b5b6-b9b09e1daab8,,,,,0
08cf3d00-57e7-49c2-ae30-7994da5cfa86,,,,,0
08da8f40-b186-473b-9fa3-1caa4ecdc02b,132.0,98.0,282.0,774.0,1
08da8f40-b186-473b-9fa3-1caa4ecdc02b,496.0,130.0,394.0,755.0,1
08dc2e8b-754a-47ad-97e2-efe6e14fd732,,,,,0
08dd362a-d27b-47bd-a763-5e07f49f4584,,,,,0
08e31c62-d3bb-4f18-8e78-78e276494ba3,,,,,0
08e84251-b9cc-47e7-9486-be7becdd1d84,259.0,546.0,201.0,319.0,1
08e84251-b9cc-47e7-9486-be7becdd1d84,613.0,654.0,292.0,226.0,1
08f095ca-158b-4c84-81c1-8f2cd7e20184,,,,,0
08fa5211-04ae-4150-b006-9683187f67d3,,,,,0
090f0fcb-98c9-4324-9857-3bc2a9cfd4e8,,,,,0
09137a8c-017a-4bc3-8195-1d152b992cd0,251.0,108.0,274.0,636.0,1
09137a8c-017a-4bc3-8195-1d152b992cd0,615.0,149.0,308.0,652.0,1
0916b1f0-5d26-4703-94db-9a6808f287f7,,,,,0
091781dd-be2b-4517-9264-ade2f0c85487,550.0,134.0,272.0,716.0,1
091cc2b7-8ba6-4fce-8ae2-7547117dbddf,131.0,200.0,255.0,655.0,1
091cc2b7-8ba6-4fce-8ae2-7547117dbddf,559.0,239.0,297.0,735.0,1
091d75a8-e23e-4cb8-af67-10cb314077ec,118.0,501.0,228.0,134.0,1
091d75a8-e23e-4cb8-af67-10cb314077ec,579.0,501.0,280.0,396.0,1
091e90d0-bdb7-4815-935f-5b52b93ddbe6,,,,,0
0922222f-03d6-4346-bf1a-63ed17eb45d3,,,,,0
09232852-c9c0-487a-b656-d6fa013b0453,,,,,0
093ce867-9a80-4748-83ed-3d81d26b7741,,,,,0
09460406-b734-43b0-8233-23055dea6dde,,,,,0
0952761e-07c2-441a-bb1b-11bf1b5375c5,,,,,0
09591753-b569-435e-bd44-a80a3cfc6927,,,,,0
095aecad-1618-4b23-b7b9-342c25c4666b,,,,,0
096783f6-e36c-4625-86bf-4d060a00a3b7,,,,,0
096a447e-8908-432b-a713-a51d3cd2ae9e,630.0,509.0,209.0,250.0,1
096c2c94-dec1-4f8a-8718-2eb7d73547d0,,,,,0
0983ae59-b906-4fd5-a810-edfe0580fe3b,212.0,333.0,224.0,391.0,1
09854bb5-4fed-43e2-96cf-8f24ca71cb6e,,,,,0
09875c3b-c520-4b08-89b0-a7a7299c37b2,515.0,156.0,240.0,388.0,1
0989935f-d8e5-4b59-a72e-077da14ba7f6,,,,,0
098c0843-d0f1-4aa3-b593-925d9327e31a,,,,,0
098cc073-48f8-4cb9-b6fc-4b2cc5d8e081,,,,,0
098e14d4-3205-4c2d-a059-738f830c0aa5,126.0,592.0,142.0,188.0,1
098e14d4-3205-4c2d-a059-738f830c0aa5,487.0,321.0,327.0,456.0,1
098e14d4-3205-4c2d-a059-738f830c0aa5,168.0,303.0,215.0,341.0,1
099abc5b-f471-4e24-90be-f1a4b4428166,,,,,0
09b2d54e-3a85-4efd-8204-ea73bc70c405,209.0,236.0,278.0,463.0,1
09b2d54e-3a85-4efd-8204-ea73bc70c405,582.0,310.0,276.0,649.0,1
09cdcb9a-3768-4403-a85e-37a65711aec4,214.0,181.0,215.0,242.0,1
09cdcb9a-3768-4403-a85e-37a65711aec4,535.0,224.0,164.0,219.0,1
09d11876-e367-473a-addf-f445b1a94bec,,,,,0
09d41130-fc56-4a25-96f0-862f00a790cb,,,,,0
09de3f3c-b46f-4be4-b9a8-f767b000845b,,,,,0
09eb4d2d-ebb1-4eb7-bfbb-038ffb7100ca,,,,,0
09f0ac0a-2933-45fc-a937-c0da67f5fd0d,295.0,158.0,205.0,383.0,1
09f0ac0a-2933-45fc-a937-c0da67f5fd0d,565.0,82.0,286.0,554.0,1
09f0d4b9-acf6-4e2d-9a1a-5af5734bd96b,,,,,0
09f314e5-047f-4f7d-87b3-b944e9e566dd,,,,,0
09f3a088-a8cc-4fb5-9f43-c0b150828cc2,,,,,0
09f4c4be-0320-4e2c-8e3a-f5fd0a193085,,,,,0
0a03fbf6-3c9a-4e2e-89ce-c7629ae43a27,106.0,685.0,377.0,256.0,1
0a03fbf6-3c9a-4e2e-89ce-c7629ae43a27,582.0,522.0,403.0,444.0,1
0a0f91dc-6015-4342-b809-d19610854a21,646.0,465.0,200.0,168.0,1
0a25c372-266b-4d06-9ff5-a4fbb0461be4,,,,,0
0a34d5d9-8c50-4b97-9c9c-e5d6ed862a3d,,,,,0
0a35c2fa-9f9e-4157-8deb-8e5d9e69dbc3,,,,,0
0a4d9634-7ee8-4512-ba83-6ff5e352b2c2,,,,,0
0a51f668-b7b1-4d8d-9ab9-de1f702f071a,168.0,402.0,295.0,525.0,1
0a55219b-5303-4490-b173-6039f355db2f,,,,,0
0a5b4860-e6ab-4737-a389-9d0cf7300770,,,,,0
0a5c4dcb-33ac-4466-9dbf-42ed5c8ec1f0,,,,,0
0a62df77-7459-4acc-9cca-a62c2cec4b0f,158.0,256.0,296.0,318.0,1
0a62df77-7459-4acc-9cca-a62c2cec4b0f,563.0,195.0,261.0,332.0,1
0a6a5956-58cf-4f17-9e39-7e0d17310f67,538.0,231.0,264.0,426.0,1
0a74f788-cd7e-47a5-a437-cb9a7dd00a06,,,,,0
0a80033c-8a64-4810-9ecb-6013f7b0dde9,,,,,0
0a8db596-9ef7-4b6c-a5db-7bb6029d0b9d,,,,,0
0a97ffca-0d28-47ff-92ea-bf7144a91b66,,,,,0
0aa43663-a1f3-44cb-8ecc-9b36fbb0d778,486.0,129.0,397.0,649.0,1
0aa43663-a1f3-44cb-8ecc-9b36fbb0d778,137.0,155.0,294.0,604.0,1
0ab1a1e1-3fe3-4baa-876b-f66825931486,,,,,0
0ac2fb38-efab-454a-971e-d8349b8ad28d,518.0,327.0,203.0,258.0,1
0ac2fb38-efab-454a-971e-d8349b8ad28d,57.0,380.0,277.0,289.0,1
0ac7133f-2b44-44c3-b377-de36af4dbc87,,,,,0
0ac789c5-f138-4b5d-9c2e-9ca25de243d8,,,,,0
0acc499c-802c-47e8-a297-87ea7d971462,,,,,0
0ae5ae70-e9a3-4214-93d0-0834f0cd4835,,,,,0
0ae5dcc7-197d-4d59-991a-3b93f3a1e760,643.0,483.0,195.0,272.0,1
0ae6a60a-7657-4fa4-8f64-2aa088c4cd7c,,,,,0
0ae738d0-5bdd-4ebf-9c1f-6b10a25be92a,239.0,487.0,236.0,235.0,1
0ae738d0-5bdd-4ebf-9c1f-6b10a25be92a,670.0,574.0,166.0,183.0,1
0ae93f35-2954-41a2-a33b-6614f36dd1c3,,,,,0
0af0a3a7-6df3-4217-b24f-cf6fcdc9a3bf,,,,,0
0af9ad69-4d76-4de9-b93a-294478a97866,657.0,313.0,211.0,447.0,1
0af9ad69-4d76-4de9-b93a-294478a97866,273.0,386.0,224.0,307.0,1
0afef50e-63a7-4adf-9bc1-02f73612be56,,,,,0
0affd017-4c75-4cf8-9c30-e33c5d853f11,,,,,0
0b0073e0-9c19-4da4-88f2-b3d2ebc6f1f4,576.0,464.0,324.0,301.0,1
0b0073e0-9c19-4da4-88f2-b3d2ebc6f1f4,173.0,496.0,251.0,280.0,1
0b00ec19-0e23-48eb-8936-c03379bf65c2,,,,,0
0b01310b-50f4-4d78-992d-bcad614e6d46,,,,,0
0b0bd979-ce90-4ed4-8772-b136515e38c0,,,,,0
0b18b129-53a3-416c-8559-7a2e9748d2cc,,,,,0
0b18dcfc-c526-435b-aea8-d8038aa224ef,,,,,0
0b1c0cf3-21b9-49f0-b33b-3e71b24295eb,,,,,0
0b202292-a925-4706-963f-28fd16cef0c2,203.0,78.0,231.0,464.0,1
0b2057bc-4c6d-4c90-8975-94c02392e460,496.0,604.0,240.0,273.0,1
0b2057bc-4c6d-4c90-8975-94c02392e460,99.0,211.0,222.0,385.0,1
0b2057bc-4c6d-4c90-8975-94c02392e460,79.0,583.0,248.0,256.0,1
0b2e67fe-09ae-40b0-8089-4dddb7c2c0cf,,,,,0
0b3e4d34-b9d2-42b2-8d4a-08e67098486f,,,,,0
0b48e8f1-1f33-47ea-8cd1-1c65ae26ad72,,,,,0
0b55aeff-b31c-479e-8035-c9a64144083e,,,,,0
0b5d9c4e-6394-4239-af74-1f51d623995d,,,,,0
0b5fa34f-5c96-4cc5-becc-317acdff3221,546.0,292.0,223.0,362.0,1
0b609c12-d05a-4cfe-8204-e0c75c300d0b,,,,,0
0b667844-0121-4eed-9a95-b670061a7a83,,,,,0
0b6c6a3e-4eda-4886-9182-e0b686fd9e53,,,,,0
0b71e171-37a0-4f7e-827f-c8250180bbf2,,,,,0
0b7a4fb2-adab-484b-a0f7-23f5111bc745,557.0,185.0,335.0,686.0,1
0b7a4fb2-adab-484b-a0f7-23f5111bc745,220.0,177.0,236.0,709.0,1
0b8ba576-7734-4192-ba1b-5618dd257f6b,,,,,0
0b8c48a7-3158-4df1-b484-b6f677ff9612,,,,,0
0b8d4689-aff3-472b-bad1-d12d648dbc2c,,,,,0
0b8e3d9e-0bcd-41a3-b788-0175c43b2624,,,,,0
0b9736d7-413f-4fe0-8ff3-163c290e2679,,,,,0
0b9f36a1-cc44-44f4-b500-cf1127fc71e6,,,,,0
0bad22f7-1833-43bc-92ec-ac2aba6e1ef7,,,,,0
0bad68b0-b67c-47c9-bb8b-b9513a326394,,,,,0
0bb3e7f7-bcb1-4dd5-b9ba-ce5c6eaa9ba0,,,,,0
0bbb1ff7-dba6-4d5b-affe-b3ca0050d965,65.0,445.0,265.0,255.0,1
0bbf677c-7038-4bb9-a1b3-b41db928292c,,,,,0
0bd68d89-6a56-4b5e-b2f5-1be2d3665f97,138.0,240.0,230.0,305.0,1
0bd68d89-6a56-4b5e-b2f5-1be2d3665f97,550.0,232.0,255.0,403.0,1
0be9dc1f-eff8-4813-bd77-b076fbfc537e,,,,,0
0beab473-5df5-41b5-b737-85749bf77a44,,,,,0
0c0181c0-c009-4387-b087-d314a4ffcba2,,,,,0
0c03597a-dc89-4480-9412-dd2121411278,,,,,0
0c066cf2-d552-4843-b613-38a8bddddcd2,,,,,0
0c0da1cf-9514-4c21-9988-fb53c52528d1,119.0,62.0,288.0,678.0,1
0c0da1cf-9514-4c21-9988-fb53c52528d1,503.0,38.0,349.0,715.0,1
0c0ee7f2-41b1-4d98-99b4-c9f98a82276a,,,,,0
0c119e49-629b-4507-9df6-4dd03327b89e,,,,,0
0c122fd9-6dc8-4224-baae-812ed5c4bd12,232.0,106.0,207.0,240.0,1
0c15e437-7eea-4ed1-b1d8-124f79cc1893,262.0,186.0,187.0,395.0,1
0c1822ea-5a61-4e64-97f7-ec1885d97fc2,,,,,0
0c235f29-e4c5-4cb1-ad36-80ace7249062,,,,,0
0c24e2a2-9fca-463a-a1fa-fbcda2712260,639.0,526.0,184.0,218.0,1
0c2726d2-057e-49f0-ba94-fdaf5123afdb,,,,,0
0c294ecf-23d6-4c56-b5e2-0482915cd102,544.0,145.0,320.0,647.0,1
0c294ecf-23d6-4c56-b5e2-0482915cd102,188.0,130.0,274.0,608.0,1
0c46d62b-fd38-4445-9776-3963704c838b,,,,,0
0c4d320e-7342-44e4-a634-56f4ca110c58,,,,,0
0c4ed1ea-1d52-4895-b7dc-9e6bc16aaabe,,,,,0
0c523b07-6025-4d80-9de3-f435fd92002a,162.0,498.0,235.0,210.0,1
0c552b6a-8b71-42d2-b3e1-645297a288ba,,,,,0
0c594af1-df7f-4956-aa0c-5861ef0d8a21,,,,,0
0c5dc7d1-7022-4e46-bc02-ff9999912edd,564.0,356.0,274.0,496.0,1
0c5dc7d1-7022-4e46-bc02-ff9999912edd,195.0,320.0,281.0,515.0,1
0c647889-f16e-4d22-8445-cc59707f26d3,,,,,0
0c77d941-5f63-4e2a-9c1e-4a58043acd55,582.0,315.0,358.0,232.0,1
0c7c5bbd-b443-422c-b772-a8bd90900647,,,,,0
0c7f863b-b14d-4a57-880a-a7d75c00ac7d,,,,,0
0ca8314a-88e7-4661-b5fd-3bdee5fc2616,150.0,211.0,248.0,195.0,1
0cac94e3-15f2-4657-beae-b508b5e0d176,659.0,619.0,207.0,178.0,1
0cb52e59-3b50-41fb-a022-5b24741dbcfc,209.0,90.0,246.0,464.0,1
0cb6fe57-ead1-444b-8563-a51f14014e2d,,,,,0
0cb75033-7ff0-4f4b-938f-cb6b58bf7fdb,,,,,0
0cbadade-7aae-495f-bb51-42b8ebd1b7cb,,,,,0
0cbc601f-91f0-4f86-b780-ffeac24471c7,131.0,294.0,290.0,518.0,1
0cbe036d-0188-4ba5-b15d-d60022a81d6f,,,,,0
0cbe5298-68a4-4de0-a693-46eb8e8858ca,69.0,480.0,328.0,377.0,1
0cbf3284-5b78-4e23-bffd-e546f7e76da9,631.0,432.0,355.0,271.0,1
0ccff729-ee71-4a5f-ad01-ce12ab162afa,550.0,506.0,310.0,325.0,1
0ccff729-ee71-4a5f-ad01-ce12ab162afa,141.0,480.0,305.0,401.0,1
0cd86974-65ae-4967-9fab-30c0b2db5fb8,,,,,0
0d4192cd-b111-45df-86f6-712b04dad4a9,,,,,0
0d5478d8-151a-4ce9-85b4-87645d2f8bdc,,,,,0
0d587b82-827b-4e80-af20-4ee8207700ee,386.0,294.0,71.0,123.0,1
0d587b82-827b-4e80-af20-4ee8207700ee,629.0,283.0,54.0,104.0,1
0d5bc737-03de-4bb8-98a1-45b7180c3e0f,342.0,157.0,148.0,113.0,1
0d5bc737-03de-4bb8-98a1-45b7180c3e0f,633.0,128.0,90.0,195.0,1
0d5bc737-03de-4bb8-98a1-45b7180c3e0f,655.0,478.0,163.0,141.0,1
0d5bc737-03de-4bb8-98a1-45b7180c3e0f,214.0,374.0,193.0,251.0,1
0d77cf1a-64d4-4f8a-938b-9b838d549090,281.0,435.0,232.0,393.0,1
0d77cf1a-64d4-4f8a-938b-9b838d549090,661.0,378.0,239.0,501.0,1
0d8610ad-2f35-4ad8-920a-77920bec7ee4,,,,,0
0d96ad36-6fce-4ae2-a88f-faa5c7bfbf0e,,,,,0
0d9b1283-fc24-4fd3-a520-bc5d563e13e1,689.0,388.0,195.0,197.0,1
0da20cef-4860-4363-b83f-eaa0522c0aab,,,,,0
0daa445f-6b0b-499f-8162-91296e89f61c,707.0,352.0,207.0,252.0,1
0daa445f-6b0b-499f-8162-91296e89f61c,170.0,402.0,174.0,198.0,1
0db8b03b-efb4-4a92-9c82-39a5bfecb689,648.0,481.0,174.0,181.0,1
0e1a2d64-c6fd-4b32-946c-b02a2d575c63,,,,,0
0e6c2821-9ab8-46a0-8128-d8fe66b39375,,,,,0
0e91afec-c246-450b-9f10-e07a75ae0086,216.0,530.0,139.0,281.0,1
0ec6b85a-de25-4870-a100-0d7ca6c798bf,158.0,323.0,179.0,369.0,1
0ecd37a6-c1bb-40cf-8e48-1020140ae173,336.0,482.0,113.0,131.0,1
0ecd37a6-c1bb-40cf-8e48-1020140ae173,725.0,420.0,106.0,193.0,1
0ee29524-a273-4e20-a1fd-9df974be263e,714.0,566.0,125.0,149.0,1
0ee29524-a273-4e20-a1fd-9df974be263e,307.0,428.0,153.0,265.0,1
0efbd9ef-d4c3-4420-924d-db1ff63200f9,,,,,0
0f15c248-4f8c-4d9e-b39b-6e7d59b973c5,259.0,395.0,60.0,186.0,1
0f15c248-4f8c-4d9e-b39b-6e7d59b973c5,627.0,344.0,131.0,177.0,1
0f2bce55-7193-45d0-8223-d978b550477a,245.0,421.0,172.0,114.0,1
0f2bce55-7193-45d0-8223-d978b550477a,597.0,447.0,111.0,95.0,1
0f712b0f-1966-40e9-a66a-1025198a6966,,,,,0
0f7aad9e-fc37-4689-8c84-3a83a6bd79b0,,,,,0
0f938aa7-9459-4c95-9b99-d0bf94cc789e,637.0,467.0,203.0,176.0,1
0f938aa7-9459-4c95-9b99-d0bf94cc789e,306.0,454.0,197.0,150.0,1
10223464-9ce5-4445-ba26-cd5a01ed5d4f,,,,,0
104c55a0-70a6-49a7-a677-c170d356372a,613.0,529.0,206.0,283.0,1
104c55a0-70a6-49a7-a677-c170d356372a,192.0,398.0,249.0,282.0,1
105f5536-9a5d-45cb-bdbe-bf955f461411,,,,,0
112bf6f9-0ac8-4ca0-a84b-ea29811fd871,144.0,243.0,279.0,563.0,1
112bf6f9-0ac8-4ca0-a84b-ea29811fd871,584.0,233.0,274.0,514.0,1
112ef47f-9c95-442d-8e12-35755033f034,,,,,0
1153fe0a-8d2d-4900-8cfd-af90d1e0bdfe,606.0,312.0,265.0,204.0,1
1153fe0a-8d2d-4900-8cfd-af90d1e0bdfe,204.0,481.0,236.0,242.0,1
1169aece-61f6-4843-8abe-f2b11265d2fd,250.0,232.0,259.0,476.0,1
11a02fa2-7942-4278-ae3c-3153687ec131,,,,,0
11beb646-df06-43e4-9a42-457a9a8a87e6,,,,,0
11e13a2f-fc65-40c6-82d8-fa5aa88495a0,,,,,0
124f5571-659f-47ff-9354-f46fae71b248,,,,,0
12705828-047b-45cb-a8cb-4932ed887de1,,,,,0
12b4c5bc-48cb-4010-9b2e-eeb8b0d5cc8e,568.0,338.0,229.0,257.0,1
12b4c5bc-48cb-4010-9b2e-eeb8b0d5cc8e,275.0,534.0,169.0,203.0,1
12b4c5bc-48cb-4010-9b2e-eeb8b0d5cc8e,604.0,644.0,225.0,118.0,1
12f43927-7592-404e-87c7-4027e114e7ff,,,,,0
12f9962e-5c0a-4445-90a3-3b9ae1168cb3,,,,,0
1321f38d-adb7-491d-97eb-277d57ab6e59,567.0,432.0,270.0,187.0,1
1321f38d-adb7-491d-97eb-277d57ab6e59,265.0,458.0,195.0,160.0,1
13932109-fbd1-4b6b-b81c-91682740cc50,139.0,554.0,323.0,207.0,1
13932109-fbd1-4b6b-b81c-91682740cc50,533.0,371.0,256.0,387.0,1
139700f3-4883-410d-aaf9-8f60b154d446,,,,,0
13acd418-a94d-4b36-900d-c13b9bd048c9,186.0,247.0,176.0,296.0,1
13acd418-a94d-4b36-900d-c13b9bd048c9,555.0,313.0,146.0,258.0,1
13e4a88e-245a-491b-9cd7-a8672c98175e,,,,,0
142c7419-9cd2-4436-8860-cd2c4355abff,582.0,385.0,271.0,444.0,1
142c7419-9cd2-4436-8860-cd2c4355abff,123.0,432.0,256.0,304.0,1
14996682-7fb0-42e1-a925-ab2a639bae18,151.0,500.0,205.0,181.0,1
149d826e-7078-4b2c-888a-d8811c72caf8,661.0,430.0,160.0,197.0,1
149d826e-7078-4b2c-888a-d8811c72caf8,221.0,428.0,179.0,202.0,1
15326703-f0f5-4acd-9c2e-f37f898aecc8,,,,,0
153c4961-5c28-448a-9dc0-c972ce580671,,,,,0
154dba64-5188-418e-82ec-d8f1485b433b,,,,,0
15508c0e-a6bd-4d3a-9be2-76466b9f7eb1,560.0,488.0,288.0,277.0,1
15508c0e-a6bd-4d3a-9be2-76466b9f7eb1,228.0,407.0,248.0,332.0,1
1557bea3-b9f0-4235-b06f-49de5ee8d194,,,,,0
15602987-7fe1-4ff9-a7f7-24c9fe79e8df,,,,,0
1561af3e-022a-448f-a729-2c4ba5546aa3,,,,,0
15688c5b-57a9-419c-b93c-115d7cec828d,,,,,0
15713eb9-2c08-452e-8a4d-467fad2ce8de,,,,,0
15737cc0-fd06-4a89-9ce6-8b95bf0d6033,,,,,0
1574002d-50dc-4515-ad32-310e465592f8,,,,,0
1578e536-3b42-4258-967d-0ea897410008,,,,,0
157ad25e-fee4-4273-9d6f-725aa15bdb28,,,,,0
158cf8f2-8066-42f9-aad0-f52e1bc8de07,143.0,413.0,134.0,217.0,1
158d5bc5-bafd-47da-a827-dbbd36a15f76,,,,,0
15965584-26e8-450b-823d-030d71049494,649.0,422.0,129.0,76.0,1
159afd7a-feda-4c99-aa7b-f6eaef84afb9,131.0,317.0,170.0,249.0,1
159afd7a-feda-4c99-aa7b-f6eaef84afb9,584.0,498.0,143.0,246.0,1
159b6cd1-8a7f-419a-a299-db96e99d8ab4,,,,,0
159ca18a-4b95-45f5-b489-acde49608baa,,,,,0
159ed892-8494-47c9-a375-3e5a65f0a013,,,,,0
15bba9aa-1a49-4633-ac86-e8000f676d78,,,,,0
15bed4e1-1b6d-4224-bfe8-b044725ccd77,,,,,0
15c0c631-f3dd-43e8-935c-a360155eb669,,,,,0
15c9162f-953a-48e3-a125-f2ab70ca03d5,529.0,156.0,302.0,534.0,1
15d9403c-bf5b-41be-add6-a5c2a9e16d35,489.0,271.0,267.0,188.0,1
15de0e36-aad2-49f5-b797-dba25cc0c500,731.0,558.0,247.0,272.0,1
15df7a1f-a2a4-4d5e-8771-3280fa1184c3,185.0,262.0,231.0,579.0,1
15df7a1f-a2a4-4d5e-8771-3280fa1184c3,640.0,305.0,274.0,528.0,1
15e59a01-43b7-415e-ba43-ea0b0c63caf5,,,,,0
15ea3d73-122d-4273-83e0-01f62d801ca7,147.0,438.0,256.0,289.0,1
15ea3d73-122d-4273-83e0-01f62d801ca7,175.0,242.0,237.0,183.0,1
15ea3d73-122d-4273-83e0-01f62d801ca7,608.0,422.0,173.0,241.0,1
15ec434a-959d-4e67-b1c2-2e9fa10b880a,,,,,0
15ee34b0-feca-424f-8ac6-9c61ad8ecbe1,,,,,0
15fa29d8-09cf-436e-8bf8-cd85b260f2cc,,,,,0
160786ef-dd0f-4c51-8268-b6faa3cfe59b,227.0,239.0,197.0,234.0,1
16100182-5312-47a2-bd58-4d2d52abcc49,,,,,0
16105557-552b-498e-af02-9f0285876567,162.0,483.0,202.0,330.0,1
1622a51d-3ae2-466c-a5c8-304862f69eff,,,,,0
1627a4b4-a485-43a4-9b9b-1a9a4240c158,,,,,0
1635232a-0e9b-4f49-a83b-e35ad819ef56,,,,,0
163956ec-35f4-4df2-a3e4-0f9d8eab4066,,,,,0
163aa468-b519-4109-85ac-58b46a5b8bf7,,,,,0
163d7cb1-bf62-4643-a1a2-73c03257b9d7,,,,,0
16495067-35af-4582-b7b4-1ae3bde67e7b,,,,,0
164e8e2e-f90c-41d8-a7ee-cfee6fef16b2,263.0,455.0,126.0,184.0,1
164e8e2e-f90c-41d8-a7ee-cfee6fef16b2,592.0,372.0,284.0,347.0,1
166088ea-38d0-4881-8a1a-7e6d5fc442dd,582.0,156.0,332.0,607.0,1
166088ea-38d0-4881-8a1a-7e6d5fc442dd,243.0,174.0,259.0,621.0,1
16637461-2175-426c-a0fd-e6bf3c6dbe95,,,,,0
166479fb-b1f7-494c-b894-2ddf6d21131a,580.0,413.0,261.0,417.0,1
166479fb-b1f7-494c-b894-2ddf6d21131a,240.0,403.0,211.0,417.0,1
1668be84-8c1e-4f22-9a54-b88d285043dc,,,,,0
16729ed9-6a28-4b2d-a7b7-adcbf82ba1f3,,,,,0
16758f5e-cd88-4484-83b8-96bdf97f9b58,,,,,0
16775991-c274-45ad-8413-6c3382db4418,,,,,0
1677cfe0-e54f-4672-b49c-36cfd12ec76b,,,,,0
168f4fcb-a87d-49fc-b167-4ed42fd1ec43,,,,,0
16923fe0-5e98-4bcf-92e6-65d10161660d,215.0,326.0,164.0,341.0,1
16939adb-3468-4e45-9b87-0ec9a8b0f2ea,506.0,371.0,363.0,291.0,1
1693a790-88c8-46fa-9ce7-3b0c5834ba90,215.0,273.0,131.0,150.0,1
16968a9f-ba45-4f51-a584-ac57612de5c3,548.0,412.0,257.0,343.0,1
16968a9f-ba45-4f51-a584-ac57612de5c3,273.0,405.0,182.0,315.0,1
16989af1-a5ad-4840-b79b-e0f29aaa88f9,,,,,0
16c68f73-6276-44e1-a40a-b15a0b807924,,,,,0
16dd5796-1dd9-466b-ab05-e50ae5fafe39,,,,,0
16eaa539-922b-41c1-95e4-afc569bf818f,204.0,471.0,222.0,266.0,1
16f2213e-4b37-4e9b-a875-2264999a2a86,,,,,0
16fbf1ae-c5fb-45f4-ba27-8880b5bdb1be,,,,,0
16fecf77-f64c-4a80-94e9-4eaa27b78aec,569.0,206.0,273.0,469.0,1
16fff742-c937-4b49-b7bd-b6d9f7b75847,626.0,456.0,202.0,434.0,1
16fff742-c937-4b49-b7bd-b6d9f7b75847,260.0,372.0,220.0,375.0,1
17029a43-0aec-4db0-9ff6-de544ff2e7fd,,,,,0
1705a701-d5b2-486b-b9a3-3d5e8f580d1a,,,,,0
1707921a-8b1d-419e-b5de-6e069bc9e4eb,105.0,451.0,246.0,301.0,1
1709e1fe-b49b-4120-b00a-e814a8bf7417,,,,,0
17333415-7c33-46d1-b90c-5598e39b74c8,,,,,0
17398977-1b0f-4de4-9038-9c8cb7406c82,605.0,441.0,349.0,502.0,1
173e6c82-aa90-443c-8cae-9e284713ca7c,,,,,0
17477206-a644-49de-83a8-b32d5ba9ba5b,600.0,343.0,309.0,287.0,1
1754e482-71f1-47c5-b9ab-80f4debcd897,,,,,0
175974c7-d2c8-4f5c-9a5c-31b9212dda7b,,,,,0
1760b065-e0c6-4e44-90aa-29cc0c5fb321,,,,,0
17700745-d6cb-49cb-aa70-d725ba0165ae,172.0,281.0,266.0,455.0,1
177423d8-e811-4fd7-bfba-6b77b479e466,272.0,464.0,225.0,291.0,1
17764c35-e511-4ff1-a7d1-cc5d670b0f08,579.0,481.0,257.0,270.0,1
17764c35-e511-4ff1-a7d1-cc5d670b0f08,168.0,414.0,264.0,344.0,1
17861c63-e67f-443d-99e7-11bbf3f6239e,,,,,0
1788f915-4e52-436e-945d-515e7a99d14b,,,,,0
179f022d-f515-438c-b17d-f0a998b0e115,,,,,0
17a1427c-70b0-4383-b5f3-a2b5f1ec0691,568.0,440.0,344.0,429.0,1
17a1427c-70b0-4383-b5f3-a2b5f1ec0691,173.0,392.0,259.0,454.0,1
17a8f738-d00a-4198-9c1d-29d3fd2e1145,,,,,0
17ad2599-0077-4b6d-b9dc-e80efcb9c815,,,,,0
17aeadce-6ff0-425b-83ab-2bebabd40cad,,,,,0
17af0269-b24a-462b-bb27-01ca17cb6494,,,,,0
17af8e70-3af0-4a47-a5ba-f16938c87c7e,153.0,418.0,220.0,449.0,1
17bb1968-907d-4085-8cc3-e66f6357a518,,,,,0
17bb233f-6ee9-4645-92ee-b415499f691a,158.0,87.0,279.0,718.0,1
17bbf318-ef96-4dac-99e0-59fae5c60b56,,,,,0
17c15be0-a3be-49a4-a923-955ff5c962b2,138.0,451.0,318.0,330.0,1
17c15be0-a3be-49a4-a923-955ff5c962b2,530.0,458.0,313.0,403.0,1
17c3519c-2700-4357-87d4-94f0fb4f7bbe,185.0,260.0,293.0,475.0,1
17c749dc-e97a-4c5c-b4f4-c68b135a1a64,219.0,419.0,220.0,264.0,1
17ce3ada-4124-4b81-bf9e-47433582852f,,,,,0
17d34b01-a492-4764-9ee7-1403ed7a3f97,636.0,498.0,278.0,288.0,1
17d4c5c2-d44a-47db-98b9-771b5589bb24,,,,,0
17da6531-1b17-43c8-b052-c5e75b582730,155.0,418.0,268.0,233.0,1
17db8400-909f-46d9-8d94-bc33309bb0ff,,,,,0
17e48dc0-50da-4085-b6bc-4627c165bd13,,,,,0
17e4fe87-199a-481d-a77f-52a4e481780a,,,,,0
17e95c76-ae2f-4ad9-b713-08b617d3c9bd,255.0,250.0,262.0,640.0,1
17e95c76-ae2f-4ad9-b713-08b617d3c9bd,612.0,278.0,281.0,608.0,1
17f54918-66ce-491f-b674-97c2e365f1ef,,,,,0
180e443a-c5d0-46ad-8b5f-73b7e3939a80,,,,,0
18106833-c6ca-4dfc-88e0-67ff7c7f6746,,,,,0
1819f120-e9c3-49a9-aeca-edf35d7a9c90,,,,,0
18287dd8-6e84-424c-914d-c549680d1b9f,,,,,0
182dfedc-976f-4464-9023-d787392b7ee1,,,,,0
183bce98-efb3-43ff-9879-fbefaa4f17ea,,,,,0
1847b55c-2fed-494c-8d76-7f76630ba39f,,,,,0
1848803a-5c73-49ff-babe-800c2389d745,,,,,0
18494f9c-d897-4af4-aa20-e0517395ac49,537.0,206.0,270.0,603.0,1
18494f9c-d897-4af4-aa20-e0517395ac49,151.0,177.0,290.0,553.0,1
1851dff6-31ec-4453-9ddc-95c0aedace5b,600.0,106.0,246.0,561.0,1
1851dff6-31ec-4453-9ddc-95c0aedace5b,147.0,63.0,279.0,463.0,1
18536f77-096d-4d43-8bd2-3fdf65c9969a,,,,,0
1854a99c-bfc7-4f4e-8396-c97eebb20106,,,,,0
185968b1-eeb0-450a-8862-8cce9e6ed3ff,,,,,0
186b30df-a0e3-4b33-a49a-8b77f4240116,,,,,0
1876d119-b100-4269-bcf6-766203b1ed29,,,,,0
18781612-b624-49ff-b26e-ca6eaf9a153d,,,,,0
18858e0d-b651-4ea1-91c9-62268b06d1a6,173.0,468.0,306.0,313.0,1
188713c0-6005-47fd-a5b4-62d3c9119c0d,177.0,367.0,194.0,366.0,1
188713c0-6005-47fd-a5b4-62d3c9119c0d,493.0,449.0,282.0,350.0,1
1888810b-4d10-423a-adf6-5fd52aa9961a,,,,,0
1889dd53-607f-4897-9be6-b2a5c078d6b3,105.0,486.0,295.0,339.0,1
1895cf28-e433-486c-8c12-38c2e548453d,,,,,0
18977885-5d9f-42f9-80a1-d39e201845ee,,,,,0
18a81d53-15a3-470e-b51a-98d9348189e4,,,,,0
18b3a0ce-d693-4953-992a-4f83bcf89697,,,,,0
18b6e05f-6b9b-4af5-a1c4-be5ac246d342,,,,,0
18cded58-0cce-4b19-93de-48082a7b7d4c,586.0,458.0,344.0,409.0,1
18d48b37-94c0-4ad3-ad89-fbe7166b2f5f,,,,,0
18d59c3b-b605-47e0-8cff-60858afa90bc,,,,,0
18dea804-4283-4c5c-94ea-47c42bbb619e,83.0,163.0,326.0,640.0,1
18dea804-4283-4c5c-94ea-47c42bbb619e,494.0,132.0,353.0,689.0,1
18eb8255-4e16-4f71-8ea2-1a8749cbb488,,,,,0
18f349ea-e436-443c-a040-c07c705f9989,591.0,94.0,354.0,685.0,1
18f349ea-e436-443c-a040-c07c705f9989,217.0,92.0,273.0,666.0,1
18f5bbd2-65a0-43a2-9b49-90e3f3c0f141,,,,,0
18f9d3eb-9698-4c3a-8852-e73961eb6b88,,,,,0
18fa0b55-548e-4298-8f66-13f255bdb6b1,,,,,0
1907a293-8503-4525-8f47-370e2447385c,,,,,0
19104346-c9d8-4580-8635-80f5c1c79c24,,,,,0
1913cf64-e905-433e-873e-1b28f5090119,,,,,0
191e4702-68d1-4bd2-93cd-500463e3dce1,,,,,0
192748b6-82f2-4f0d-a25d-cea1600c7246,,,,,0
192969b5-ad24-4dfc-922e-b5f22b880b35,,,,,0
192c7502-0bb4-4479-ae6c-9ff142f1c684,131.0,225.0,259.0,393.0,1
192e8e4a-4db4-4c04-9b74-297e15b87c8e,599.0,327.0,299.0,431.0,1
19370915-6723-41fe-be09-29defbd9b7c1,308.0,361.0,165.0,313.0,1
193c688f-171d-45ec-9446-d9a227bcc22b,,,,,0
193d589c-8295-4445-8e13-bd3beeddcbe4,606.0,370.0,235.0,449.0,1
193d589c-8295-4445-8e13-bd3beeddcbe4,93.0,204.0,372.0,645.0,1
193fcf6f-e8c1-4ddd-bf36-7abcc1b0cabf,,,,,0
1953e32b-c76f-4ff4-a893-484772972100,,,,,0
195c5e5f-7058-48c5-8fe9-67cffd60c9b3,,,,,0
195ddf15-9620-4827-97da-01a44d5842f7,366.0,146.0,138.0,304.0,1
197afa6e-d36d-41eb-9028-d4a055f4c838,,,,,0
197c3079-d2b8-4227-8513-743e0e3d6431,564.0,403.0,250.0,414.0,1
197eb663-bd40-4c72-9fec-4160cec1f64b,200.0,475.0,231.0,259.0,1
1990c90d-34cf-443c-99ad-5ce522ae8f0c,,,,,0
199ad34d-2478-4948-9f8b-91889c0a4c01,,,,,0
199bee4a-bc48-44a4-8dbe-7a0fab49324c,,,,,0
19a0469f-b168-45f7-a84e-1080db9951b5,,,,,0
19e505bb-7c9f-43e7-af1e-79c6dec095b3,,,,,0
1a7606e0-4d81-4bbe-ae22-93ca30540cb9,550.0,451.0,155.0,148.0,1
1a93ba37-ec6b-4562-87b1-ca23be8a1e1e,,,,,0
1acc13bc-a199-49bf-8360-c20314fd85fd,599.0,415.0,209.0,352.0,1
1acc13bc-a199-49bf-8360-c20314fd85fd,247.0,450.0,223.0,341.0,1
1b2aefc5-a9dd-4f84-a314-3acec56df761,701.0,490.0,199.0,294.0,1
1b2aefc5-a9dd-4f84-a314-3acec56df761,284.0,550.0,173.0,201.0,1
1b3bc37d-dfa7-4dee-a7dc-18008b346586,256.0,408.0,103.0,257.0,1
1b569787-f2f1-44eb-b5dd-04f9cc28cd83,,,,,0
1b5c50df-36c2-4b74-85f0-84925fa63ac1,624.0,481.0,182.0,280.0,1
1b5c50df-36c2-4b74-85f0-84925fa63ac1,194.0,507.0,199.0,201.0,1
1b6ac013-a672-4eda-9e69-75b0628ff944,208.0,377.0,169.0,374.0,1
1b6ac013-a672-4eda-9e69-75b0628ff944,612.0,364.0,225.0,396.0,1
1be56c93-6607-4b08-b73a-dfe4ca81f7b1,319.0,698.0,94.0,85.0,1
1bf08f3b-a273-4f51-bafa-b55ada2c23b5,322.0,327.0,116.0,119.0,1
1bf08f3b-a273-4f51-bafa-b55ada2c23b5,340.0,564.0,108.0,137.0,1
1bf08f3b-a273-4f51-bafa-b55ada2c23b5,631.0,339.0,102.0,106.0,1
1bf08f3b-a273-4f51-bafa-b55ada2c23b5,631.0,474.0,129.0,208.0,1
1c50630a-5004-462a-a613-024b3f2a2e7d,,,,,0
1c6867ff-939e-4096-9738-322c4c2a02bf,613.0,511.0,204.0,268.0,1
1c6867ff-939e-4096-9738-322c4c2a02bf,209.0,428.0,158.0,315.0,1
1c6b087d-a573-450b-9a4c-f5a5de9a8004,667.0,496.0,159.0,116.0,1
1caf3708-4998-4594-bf7f-ea4beb24b6f5,725.0,728.0,137.0,85.0,1
1ccfb985-e736-49e5-985b-f44268fb13bc,,,,,0
1d06aef5-4b70-4148-82c0-9a7c156a274e,,,,,0
1d0ba9aa-6e78-4642-8595-cdd07ffa7130,,,,,0
1d43596b-dc8c-4f65-9f7e-b3cad1a18345,,,,,0
1d57c801-71b4-49da-8933-2cabdc927fef,596.0,502.0,176.0,107.0,1
1d57c801-71b4-49da-8933-2cabdc927fef,262.0,571.0,136.0,77.0,1
1d57c801-71b4-49da-8933-2cabdc927fef,220.0,332.0,165.0,160.0,1
1dec61b5-720c-481d-a94a-0bb8706e1096,,,,,0
1e543f92-8124-495a-bde0-8f81bcaedce0,,,,,0
1ebe7102-56ce-40f3-8897-5ec33f446625,,,,,0
1ee75274-e35f-41fd-9265-63fefb9f9e31,,,,,0
1f0a35e1-1cd4-4d07-bacc-f22368f3cd08,194.0,442.0,172.0,93.0,1
1f26f1eb-f306-4148-9a20-0144b8521dff,,,,,0
1f5f34b6-8e8d-4e25-88fc-6ba1b5b0ac06,630.0,206.0,165.0,381.0,1
1f6a4921-3e72-4e98-aaa2-5df79fe85c02,,,,,0
1fd55aa5-fd24-44d9-a828-0619dc944ecb,,,,,0
207560f9-0c11-46f4-b6b3-9ee68a558565,,,,,0
20db11bd-2bd8-46d7-b2d3-77b8d4d8ec67,,,,,0
20ed5a77-bb84-4c95-b126-714bd59cdfbf,148.0,312.0,178.0,428.0,1
20ed5a77-bb84-4c95-b126-714bd59cdfbf,559.0,362.0,187.0,367.0,1
2131a5d5-d3ca-4ce1-97a7-4ae34ef0d19f,,,,,0
213c5da7-32fa-482c-be59-94ea948ffbff,,,,,0
21d50009-6fea-47e1-8af4-e60aca364ec8,,,,,0
21dc80a4-e6b7-4cfc-9463-3fc2f660833f,203.0,467.0,262.0,332.0,1
21e403ae-139b-4419-b3fa-0bf13d97d245,,,,,0
220244af-7a1e-41fb-980f-3497be7ce13f,,,,,0
2230de59-e044-4b6d-95c0-1154c0cbb802,642.0,521.0,120.0,255.0,1
22576a85-b417-4d9a-ad80-115b92a3975a,,,,,0
2278d9f3-e7bf-4e36-a194-aaf5bdb20762,308.0,294.0,191.0,372.0,1
2278d9f3-e7bf-4e36-a194-aaf5bdb20762,690.0,275.0,223.0,404.0,1
22a72d2d-1043-4e16-9480-f64adeddb3a3,,,,,0
22a849f4-c10a-4217-ad87-cdb80c34a5e5,,,,,0
22c1b139-cb5e-41cd-83fd-7e06d6f4038e,611.0,506.0,178.0,364.0,1
22c1b139-cb5e-41cd-83fd-7e06d6f4038e,219.0,490.0,225.0,305.0,1
22f2d3ec-f7ea-4778-850d-bb111590202f,213.0,321.0,169.0,137.0,1
230adb79-3015-4657-86d3-fa3f146a10f5,,,,,0
230cf514-a68f-4a2e-8d76-14756b40d4d7,,,,,0
236f9fa0-0a74-492d-b9ae-45f0d685ca9b,,,,,0
2409fc29-8acb-4e1d-8fdd-fc333d5c4852,736.0,243.0,227.0,281.0,1
2409fc29-8acb-4e1d-8fdd-fc333d5c4852,219.0,257.0,209.0,261.0,1
2415c886-456c-447a-b418-bbf877ddefd1,205.0,234.0,149.0,233.0,1
2415c886-456c-447a-b418-bbf877ddefd1,560.0,199.0,85.0,212.0,1
2435fdf0-87b7-4ac9-b84c-e50f368ee32e,,,,,0
2456d8c4-83a0-44cb-a947-7d6aa7df6fd5,,,,,0
2458bc6a-a46c-42f7-b25f-135c7db35a8b,,,,,0
2458db44-f35a-4251-bebf-19514b25fd1c,,,,,0
2474f5d3-45d0-44d2-a859-90a39f7dd9f6,,,,,0
24a0f5b2-e762-4c07-ac23-b190fb0211ce,,,,,0
254bf9c2-9e64-44ec-a9f4-b776edeec834,,,,,0
25be7594-8de6-47ce-80cc-2df7e94d17f9,,,,,0
25d1ddb4-df24-4e52-8a84-b0dff45f9718,568.0,333.0,158.0,345.0,1
25d1ddb4-df24-4e52-8a84-b0dff45f9718,207.0,338.0,160.0,238.0,1
2626a2bb-234f-4309-aff4-317f6fac9b06,,,,,0
266a1a21-27ff-4038-9327-098964c8fc78,,,,,0
26c9c155-e9b6-4c6b-8648-d155753289a2,,,,,0
2705edc9-b3bf-432a-b86d-04630ebd0e24,,,,,0
272c12da-2d1a-4616-9911-ce159cef7fff,,,,,0
274bfd01-cec9-450c-b231-1d17165cab93,,,,,0
275f9fff-2439-4f3f-9c48-7c21f348701a,,,,,0
27b2992d-54c7-4fcd-a060-b118bd8fe5ca,,,,,0
27d8a7c7-b9e0-46f2-bd34-eb2f2362b846,,,,,0
27f50647-8355-4a2f-91ba-ba3f1ea540d0,,,,,0
281d879b-1f4a-4ef9-a88a-c311d31415ab,,,,,0
283be94e-ba07-4525-aaf4-3a4b6d884cdc,,,,,0
29576186-ed47-4331-8ea0-08d899822c1f,191.0,496.0,206.0,196.0,1
296a0445-1221-4911-9bf2-52c67c52dd63,,,,,0
296c307e-cf85-4ef4-95eb-7a05d4576dfa,300.0,459.0,148.0,137.0,1
2a2f58c6-73d5-4e72-82ec-e07daa759544,,,,,0
2a34d198-3bc6-4a97-9c41-6a51df8e79f2,,,,,0
2af2b9f2-500a-429f-a7cf-7b47ee4f3220,,,,,0
2af433f9-69ad-4a61-8717-327b3280cf96,,,,,0
2b57dc05-b925-4d58-b536-c9eae9677d05,521.0,574.0,197.0,189.0,1
2b57dc05-b925-4d58-b536-c9eae9677d05,163.0,708.0,142.0,90.0,1
2b70a757-4dff-4d97-baf5-f41b8d3ab4da,147.0,236.0,209.0,292.0,1
2b70a757-4dff-4d97-baf5-f41b8d3ab4da,594.0,289.0,184.0,227.0,1
2b74be46-2b42-4baf-9c9c-cc253e766a56,,,,,0
2b9ea83c-941d-4db3-8c6f-0b6ea714d520,,,,,0
2cdcdf0a-daf7-4ec5-9c8f-1019432ab7da,,,,,0
2cf61db7-101c-4430-ae32-949b5a62f653,,,,,0
2d09d0bb-a4fb-4a50-99c4-496ad756533e,199.0,663.0,188.0,70.0,1
2d107d75-46d8-4679-8086-f23f28872982,,,,,0
2d2679da-35e6-49fb-a703-52aadee243ea,,,,,0
2d4ccddd-1bc0-45ab-b5fa-539b197b2884,,,,,0
2d5d4cc5-5633-4718-ac7a-61bd0c7dbf4f,292.0,370.0,104.0,86.0,1
2d85bce0-9c45-4ba4-832d-ac65bd3cb601,,,,,0
2dff430f-e5e9-4d90-9139-14f64a68fb15,,,,,0
2e0da34c-1385-4691-be5c-cefed3f4fa7e,,,,,0
2e13b706-c1be-4f91-9108-dcd693f0c076,,,,,0
2e13eff6-7bb4-4b45-846f-1522888dbfe1,616.0,437.0,156.0,124.0,1
2e19d541-b5d1-41d9-8265-989b6bfb1ecd,609.0,237.0,197.0,402.0,1
2e826ff4-4329-4b2b-9467-c4506ab1f6ba,,,,,0
2e853bc6-714b-4092-b570-ec70dcc13911,553.0,141.0,242.0,489.0,1
2e853bc6-714b-4092-b570-ec70dcc13911,174.0,154.0,207.0,500.0,1
2f0f42a4-dc05-477c-91d2-fd7228d4844b,,,,,0
2f1f42a8-c2c1-40c1-8b62-2ffeb551e768,,,,,0
2fcb3969-e438-4461-9739-5e8a44233312,,,,,0
2fe31a38-e27f-4359-8a0d-cbbb2e270202,,,,,0
300a88f3-fd64-4069-bdcf-d19d125e146b,,,,,0
304cd9fa-df87-4fb1-bf38-53a130dfa025,,,,,0
30ac4f03-d153-4c6a-a13b-e47855fcb2fb,587.0,289.0,178.0,409.0,1
30ac4f03-d153-4c6a-a13b-e47855fcb2fb,284.0,244.0,155.0,403.0,1
30b6e850-9920-4921-980a-fa2328a62d58,,,,,0
31102758-a5ba-44c9-b480-b744bcfcb861,526.0,699.0,147.0,198.0,1
31102758-a5ba-44c9-b480-b744bcfcb861,208.0,262.0,119.0,103.0,1
31102758-a5ba-44c9-b480-b744bcfcb861,154.0,479.0,146.0,131.0,1
313a3547-7b54-4b60-af7f-2f53977681c2,,,,,0
31428408-0d97-4ff5-b387-8d1c95cf5a0d,588.0,314.0,159.0,92.0,1
31428408-0d97-4ff5-b387-8d1c95cf5a0d,540.0,423.0,225.0,171.0,1
315275a1-3a50-42a6-9528-ba99a286be5b,,,,,0
3156adea-d1f0-4a8e-9dfd-fc1d9bf5fc1f,486.0,511.0,205.0,141.0,1
3156adea-d1f0-4a8e-9dfd-fc1d9bf5fc1f,213.0,347.0,126.0,198.0,1
315b5137-1117-4090-9329-d6a6fff607ef,553.0,518.0,134.0,129.0,1
315b5137-1117-4090-9329-d6a6fff607ef,552.0,687.0,274.0,186.0,1
315fa31c-3495-451e-b063-5c5944493d17,,,,,0
3164b8ce-f84e-47db-9c14-e78890c955ed,326.0,386.0,145.0,196.0,1
3164b8ce-f84e-47db-9c14-e78890c955ed,630.0,506.0,208.0,167.0,1
3168b733-12d4-475e-8789-8c8b230743c4,,,,,0
31764d54-ea3b-434f-bae2-8c579ed13799,258.0,521.0,266.0,229.0,1
31764d54-ea3b-434f-bae2-8c579ed13799,293.0,311.0,166.0,167.0,1
31764d54-ea3b-434f-bae2-8c579ed13799,713.0,593.0,181.0,130.0,1
31764d54-ea3b-434f-bae2-8c579ed13799,649.0,319.0,190.0,172.0,1
3186d210-966f-4733-ba72-98729be9551a,175.0,482.0,170.0,289.0,1
3186d210-966f-4733-ba72-98729be9551a,510.0,524.0,151.0,301.0,1
3188fbe0-d713-426e-a50d-a8d28cba7eea,,,,,0
318d7fc0-551e-4bf8-94c0-575c80a47957,,,,,0
318ddd27-55ab-49f2-9de1-78a0232946f2,,,,,0
31902a4d-1835-463a-a19a-5a84cd646751,208.0,202.0,165.0,187.0,1
31970b0a-818f-4e1e-8c75-19dec06abfa5,,,,,0
319e7123-a32b-4971-acd0-975c52958411,224.0,167.0,268.0,231.0,1
319e7123-a32b-4971-acd0-975c52958411,270.0,450.0,196.0,142.0,1
31a577cf-9e18-462a-b220-74bb2e2a850c,,,,,0
31a7fd05-b49d-4220-9268-33a61f4663a3,,,,,0
31ba8a38-bc46-4208-9225-f4a6290d7966,247.0,632.0,138.0,298.0,1
31ba8a38-bc46-4208-9225-f4a6290d7966,537.0,602.0,249.0,273.0,1
31ba8a38-bc46-4208-9225-f4a6290d7966,279.0,317.0,101.0,160.0,1
31bfce74-d914-4acd-9aeb-1155a3c52ecc,,,,,0
31bfdeb1-9233-4db2-849f-bb890cd0d397,,,,,0
31d283d7-f700-43a1-b25e-17f4449fb54b,,,,,0
31d34fd3-7d8f-4b3d-86bc-6b060f20d8ee,568.0,323.0,157.0,175.0,1
31d34fd3-7d8f-4b3d-86bc-6b060f20d8ee,288.0,331.0,141.0,202.0,1
31d76acb-c15d-4968-beba-92d071417d06,,,,,0
31d8f203-84cd-4f5e-8276-9f4ed5ebc190,,,,,0
31dfda01-0949-4b8d-93e0-61f49f2b4a3c,,,,,0
31ea34d0-7ac3-4069-85ce-641bb524ec63,645.0,424.0,263.0,304.0,1
31ea34d0-7ac3-4069-85ce-641bb524ec63,310.0,424.0,172.0,223.0,1
320df0f4-4189-401a-a836-569ba4f8f389,195.0,615.0,258.0,229.0,1
320ed4b4-0793-4224-866b-29d9cfc5b90f,618.0,658.0,146.0,163.0,1
320ed4b4-0793-4224-866b-29d9cfc5b90f,288.0,292.0,150.0,238.0,1
320fb85d-09c5-4c0b-be25-91c0086c2c51,213.0,479.0,217.0,176.0,1
320fb85d-09c5-4c0b-be25-91c0086c2c51,281.0,120.0,170.0,180.0,1
320fb85d-09c5-4c0b-be25-91c0086c2c51,629.0,458.0,232.0,304.0,1
32176b3f-d931-4219-a5f8-e2af7eff02b3,602.0,800.0,234.0,188.0,1
32176b3f-d931-4219-a5f8-e2af7eff02b3,114.0,752.0,231.0,181.0,1
3220814c-9264-4036-8598-1974deeb2a6b,,,,,0
322b2a18-a2ea-4012-bdda-345e3571f60a,,,,,0
3247efbe-0804-4aa6-865b-155e6b9bbb86,198.0,466.0,185.0,122.0,1
3247efbe-0804-4aa6-865b-155e6b9bbb86,596.0,402.0,182.0,257.0,1
324d0f66-9315-4312-8d1d-963cbc131bb5,,,,,0
3258ba2b-f4fe-45f2-ac47-5d6d1fa5819c,192.0,518.0,265.0,101.0,1
326d1185-cddf-4ead-8777-cf5877ba899b,,,,,0
326f2ae5-5cd6-44eb-bc82-05d3f1aa6111,,,,,0
3275fe4e-18e7-4fe2-94f9-aa0d725232aa,612.0,669.0,199.0,150.0,1
327783c9-4a11-44c0-98de-3a7f2101f2bf,,,,,0
327988cd-ed44-464a-88bb-a903bef4c947,611.0,655.0,143.0,158.0,1
327988cd-ed44-464a-88bb-a903bef4c947,299.0,379.0,114.0,273.0,1
327b0e67-ffdb-4980-a5a5-da0eb0d8e13c,,,,,0
327e22ca-95fb-4c16-8314-827e535694ac,,,,,0
32827da4-939c-46de-85db-a2d75cb0dfad,714.0,514.0,205.0,188.0,1
32827da4-939c-46de-85db-a2d75cb0dfad,419.0,250.0,151.0,234.0,1
3282f02d-965e-4da5-acf7-b3d8e8154a31,305.0,235.0,126.0,325.0,1
3282f02d-965e-4da5-acf7-b3d8e8154a31,624.0,356.0,135.0,288.0,1
3283404d-1d5b-4498-99d7-7bc636e98456,,,,,0
328ffa15-a1fe-4d51-865e-aa4c1855c9df,,,,,0
329e55d1-2e27-4ffe-95b1-df5f5015aae6,,,,,0
32a68e19-d39c-4a94-8335-b1bb9c369300,,,,,0
32aeea3d-b01e-421f-9094-d4fdd87e85ac,381.0,369.0,128.0,264.0,1
32aeea3d-b01e-421f-9094-d4fdd87e85ac,648.0,364.0,128.0,268.0,1
32bac08d-957e-44e0-9c11-26657e24170b,127.0,592.0,218.0,176.0,1
32bac08d-957e-44e0-9c11-26657e24170b,513.0,564.0,209.0,204.0,1
32c00024-2c45-4ba5-a8e6-29bd9aaf85f4,,,,,0
32c41ed0-6704-465c-94d3-3073b9b4415e,726.0,595.0,201.0,208.0,1
32c41ed0-6704-465c-94d3-3073b9b4415e,197.0,519.0,231.0,265.0,1
32ceee8d-3208-4abc-b329-55f7d2264398,621.0,279.0,194.0,248.0,1
32ceee8d-3208-4abc-b329-55f7d2264398,260.0,251.0,180.0,271.0,1
32d18643-336b-4b68-a0a4-12efb635e9c7,508.0,540.0,175.0,276.0,1
32e2cb16-4f2c-4ed4-8de3-0e6db806cf41,,,,,0
32e9a5df-2282-4204-8355-030f26816f33,,,,,0
32eb1efb-96c1-41a9-b6a1-498ee55a371b,,,,,0
32f02701-5caf-4d1a-8293-861b33c20908,230.0,249.0,159.0,195.0,1
32f02701-5caf-4d1a-8293-861b33c20908,547.0,287.0,195.0,220.0,1
32f38c16-cd6b-42f0-8a20-68115d2ce57f,,,,,0
32f3d89e-418f-4146-8036-7583ad6f1f0a,272.0,619.0,181.0,208.0,1
32f3d89e-418f-4146-8036-7583ad6f1f0a,627.0,619.0,173.0,217.0,1
32ff4490-edba-46e5-89b0-c8cbe78dd475,,,,,0
331b086e-e4a6-44f9-aa82-aff072c27a7a,600.0,319.0,212.0,385.0,1
331b086e-e4a6-44f9-aa82-aff072c27a7a,239.0,264.0,201.0,421.0,1
33210eba-57f9-44fe-870c-4ca9b94a9e22,,,,,0
3330f82a-8a0b-4d69-a5a7-a2bee99c9405,,,,,0
33335926-998f-4a33-a799-5cf60aa28f43,,,,,0
333f3a4a-0169-42ef-b0aa-2c9fe63a282b,,,,,0
334228b8-383d-4d22-9fbc-031279cbdda4,,,,,0
3343048f-3d87-46e3-a22c-95ad7f0fa46c,,,,,0
334ebbf2-a210-4051-9629-9ede16de9d3a,,,,,0
3352dd2e-717c-4a5a-ad4b-81315818b351,584.0,470.0,138.0,189.0,1
3355e305-dd26-43f8-95a0-d7b793854fef,,,,,0
33596fbb-e758-4e0b-83ec-3b8b7faeae6c,,,,,0
3359a106-ac44-4b50-9af2-66651271a1dd,,,,,0
335d1349-f547-4c69-a2fe-ab0da3230f44,,,,,0
335d17b1-bdfb-4939-9dc9-fa93f09648eb,310.0,372.0,210.0,245.0,1
335d17b1-bdfb-4939-9dc9-fa93f09648eb,604.0,323.0,264.0,270.0,1
335ee631-5d9a-464c-8fdd-fa759b5c9fe0,205.0,543.0,182.0,234.0,1
336c9afc-e140-4d5e-ab50-7b11809dbc1f,588.0,198.0,273.0,714.0,1
336c9afc-e140-4d5e-ab50-7b11809dbc1f,117.0,553.0,226.0,341.0,1
3397d218-ad10-49dd-a3e0-9b1ee6d3d91d,107.0,550.0,248.0,148.0,1
339907f7-5f76-40b4-8476-9c3460417d16,622.0,421.0,283.0,402.0,1
339907f7-5f76-40b4-8476-9c3460417d16,148.0,486.0,256.0,320.0,1
339d0607-e869-4869-ac6d-379172682713,566.0,427.0,282.0,142.0,1
339d0607-e869-4869-ac6d-379172682713,315.0,408.0,131.0,130.0,1
33a2a0e3-3c02-4d03-acf9-183932ebfa09,,,,,0
33ad483b-e621-4536-8b7e-4dbcd9d6ef9a,,,,,0
33aea267-1950-4677-b4b0-fcf47f5669e1,,,,,0
33b5a647-c43a-4f1a-9b6b-1234576fccfc,,,,,0
33b759a7-cc42-4d7e-8f54-c1a32b389674,158.0,621.0,251.0,246.0,1
33b759a7-cc42-4d7e-8f54-c1a32b389674,603.0,612.0,212.0,305.0,1
33c80447-e65b-41f8-ad03-523b78048641,263.0,210.0,242.0,524.0,1
33c80447-e65b-41f8-ad03-523b78048641,595.0,189.0,317.0,584.0,1
33c88ecb-1aee-45d1-ab06-1ecd6eea7ae2,,,,,0
33d0e01d-6a72-4dfe-ae47-a526edf8bbea,,,,,0
33d18acf-9ad3-4441-9167-e23bf9a3022f,363.0,288.0,109.0,239.0,1
33d76709-1280-4da7-8c5a-64daa504b9f8,,,,,0
33dbca25-e1c9-4bcf-a8a7-4fa716e8a53a,,,,,0
33df5e75-0b13-4c2b-b217-a0b32e3fc396,541.0,235.0,318.0,630.0,1
33df5e75-0b13-4c2b-b217-a0b32e3fc396,117.0,195.0,269.0,585.0,1
33eed7ed-1ee6-45d6-b5fe-a1cb92196847,,,,,0
33ef7198-c976-4bb9-82ba-9ed9a73350ac,,,,,0
340986f3-1268-42a5-b0ae-b4c5c07cbd6e,,,,,0
3416e4ff-a8a4-4822-85ab-2e7e066457ba,138.0,517.0,191.0,163.0,1
341904e7-1a0f-494d-970d-43d8066b8851,,,,,0
341983d7-a04e-4b75-a021-1c5562139301,385.0,482.0,100.0,75.0,1
342868be-14cd-4700-82c6-575f62097e6e,409.0,553.0,140.0,217.0,1
342868be-14cd-4700-82c6-575f62097e6e,667.0,542.0,233.0,199.0,1
34289db0-ad2b-4f15-86d3-446abad897e2,,,,,0
3428d5f3-ae3f-43d1-9f7a-9d7d4afd5782,,,,,0
34297b7d-9e22-4e73-b105-a8db72ad36ee,241.0,549.0,177.0,141.0,1
3434bd60-a1d3-45b1-8565-1cac209cf1f2,,,,,0
343cdfd6-5bfc-4f64-a4ed-e05ffbb9725a,,,,,0
34428185-9eff-43e5-b784-664c07e6220d,,,,,0
344b53a8-61bc-491b-bdc4-f63422c192d1,,,,,0
3454a6ae-2660-44c8-b15a-0f8a65ba0c6e,,,,,0
34591201-fa13-4dfc-809f-bb3cb8ca7665,98.0,222.0,256.0,634.0,1
34591201-fa13-4dfc-809f-bb3cb8ca7665,505.0,543.0,252.0,406.0,1
345e85a4-6f43-422c-b472-61e36c37faa2,213.0,601.0,157.0,159.0,1
345e85a4-6f43-422c-b472-61e36c37faa2,646.0,632.0,170.0,98.0,1
3467f6d0-3091-4d79-a983-e7ca4c299240,,,,,0
34684181-63e8-4ead-aa4a-44b560a1bcaa,,,,,0
3473faaf-3f36-433b-aa8f-4e69a9948d18,,,,,0
34783bc6-c67c-45fc-81ca-202df5b71f38,620.0,451.0,149.0,120.0,1
34783bc6-c67c-45fc-81ca-202df5b71f38,299.0,238.0,177.0,329.0,1
347b3a7c-e866-4835-967a-78f7e3577e42,,,,,0
3488c0cf-8257-454e-a9a8-fdcecc72d5ea,,,,,0
34956207-2ebf-4a47-bc56-faf23701adf2,179.0,244.0,271.0,555.0,1
34956207-2ebf-4a47-bc56-faf23701adf2,553.0,333.0,195.0,617.0,1
349905eb-e0f8-4898-a029-75da0197394d,,,,,0
349c35ba-a32c-4cef-bfe9-613da6d7054d,167.0,384.0,221.0,202.0,1
349f10b4-dc3e-4f3f-b2e4-a5b81448ce87,365.0,192.0,115.0,173.0,1
349f10b4-dc3e-4f3f-b2e4-a5b81448ce87,614.0,264.0,128.0,171.0,1
349f10b4-dc3e-4f3f-b2e4-a5b81448ce87,594.0,465.0,259.0,272.0,1
349f10b4-dc3e-4f3f-b2e4-a5b81448ce87,204.0,385.0,219.0,222.0,1
349f45a5-625e-4332-9f9e-93c781f9dacf,355.0,423.0,180.0,370.0,1
34a24f18-584c-41df-b0c6-2cc9fc5cc0e3,262.0,400.0,154.0,168.0,1
34b275e2-88a3-44a1-a8ad-16d8d79b1999,584.0,582.0,259.0,167.0,1
34b275e2-88a3-44a1-a8ad-16d8d79b1999,159.0,549.0,230.0,228.0,1
34c83691-e038-4b28-b2c3-7fe99d4783c8,632.0,228.0,204.0,536.0,1
34c83691-e038-4b28-b2c3-7fe99d4783c8,348.0,281.0,165.0,314.0,1
34c9ca0b-413a-447a-ab1a-66b08a53af7d,130.0,528.0,201.0,116.0,1
34d866a7-2e4e-477a-9c47-cf7ba3488d33,,,,,0
34dde192-6b08-405f-9672-60e19c896d28,626.0,445.0,168.0,443.0,1
34dde192-6b08-405f-9672-60e19c896d28,219.0,403.0,219.0,353.0,1
34e283d8-3c14-4d47-8882-fb53ec242f87,626.0,409.0,214.0,403.0,1
34e283d8-3c14-4d47-8882-fb53ec242f87,227.0,207.0,250.0,570.0,1
34f28fd4-00e4-445e-adc8-d86ac1f98bf9,,,,,0
34fdff09-5bc2-4df5-b8cf-3c37662037c8,333.0,502.0,144.0,130.0,1
3501387b-29ea-4eee-9bbb-d6f62d812661,,,,,0
35061124-9245-4434-b165-b89aef28bb75,327.0,138.0,108.0,157.0,1
351d5ab2-c3a6-40ed-baf5-b4a68f45eb4e,535.0,76.0,315.0,739.0,1
351d5ab2-c3a6-40ed-baf5-b4a68f45eb4e,45.0,239.0,341.0,547.0,1
351fb5a8-d0ba-4467-b081-2cb45a3f88c1,,,,,0
351fe1bb-2966-43a1-9837-fc9664c05266,268.0,214.0,196.0,222.0,1
351fe1bb-2966-43a1-9837-fc9664c05266,606.0,326.0,207.0,370.0,1
351fe1bb-2966-43a1-9837-fc9664c05266,225.0,442.0,228.0,224.0,1
3537a092-af77-448a-9cfb-f28903403012,,,,,0
35394354-d37b-4d2f-89ee-152ad05a6b8f,,,,,0
354298de-cfa4-435c-b757-4dbce12102d6,,,,,0
35555536-4cf7-4f87-bfe2-8af308264f73,,,,,0
355e1c01-1ed4-4219-bed0-483d52e23c84,,,,,0
3560b1b0-6f5d-4439-b9ca-2043e8cbecd9,637.0,243.0,177.0,349.0,1
3560b1b0-6f5d-4439-b9ca-2043e8cbecd9,246.0,158.0,254.0,367.0,1
356b4fae-852c-40cc-b736-53b64ea38a99,118.0,305.0,237.0,501.0,1
356b4fae-852c-40cc-b736-53b64ea38a99,493.0,375.0,262.0,477.0,1
356b74cb-83dc-4785-b2cb-c55e6cd417bb,,,,,0
356cf5c6-8b83-443f-9b4b-8b1e43ff1f46,,,,,0
35705250-dc4c-408b-8caf-237bd857ae52,721.0,498.0,246.0,310.0,1
35705250-dc4c-408b-8caf-237bd857ae52,235.0,307.0,262.0,287.0,1
35726244-0298-433e-9376-d1a1fe5724cf,195.0,744.0,92.0,67.0,1
357417d0-9e34-425e-919f-b4f7f9643bc4,,,,,0
357e0be1-1698-4b87-aa27-db197bc709ce,286.0,423.0,198.0,144.0,1
358a25c3-ecbc-490b-b887-1594168f4dab,556.0,319.0,273.0,501.0,1
3592ae43-bcf5-48e8-9cca-680c9a724831,625.0,191.0,199.0,392.0,1
3592ae43-bcf5-48e8-9cca-680c9a724831,375.0,206.0,161.0,366.0,1
35956b97-fd90-43fd-a2f3-670ba5ef779c,,,,,0
35a9fe12-15e7-46d5-9095-529d5298ca70,443.0,395.0,86.0,186.0,1
35ab8f3b-8ec0-4e59-9d5b-74d526914d66,,,,,0
35aea96c-a183-4e11-b13e-f887f9a59d6d,,,,,0
35b7784f-f4e5-453c-9d6b-e6c1eff5c7be,,,,,0
35b79607-9453-4a1f-a53f-8334a1b8de5f,,,,,0
35bcc518-3d98-491e-b997-4ee1fb2a877c,,,,,0
35c9b827-764f-4911-9630-7fd4a9de1ada,,,,,0
35d0aad3-1463-4a9b-b411-f552a10db72b,,,,,0
35d5dba1-22ee-4f68-b28f-bd16ae96ae00,164.0,189.0,288.0,620.0,1
35d5dba1-22ee-4f68-b28f-bd16ae96ae00,580.0,182.0,273.0,679.0,1
35dc2301-0e1e-4d37-8926-350cd1be37ca,549.0,264.0,187.0,327.0,1
35dc2301-0e1e-4d37-8926-350cd1be37ca,160.0,378.0,180.0,235.0,1
35e2f247-6930-4b7d-bc43-baaa622cce2c,616.0,213.0,250.0,642.0,1
35e2f247-6930-4b7d-bc43-baaa622cce2c,232.0,132.0,292.0,669.0,1
35f9509f-a9d4-4d9c-8401-887063252793,,,,,0
35ffa64a-fc84-4582-95ad-40d4eab93197,242.0,168.0,178.0,178.0,1
3601ea72-9ad8-4638-aca9-6f22d945bd01,,,,,0
36023d29-a39d-4603-a84c-bd26242f5f55,,,,,0
36042724-581b-4459-a45a-603beec0bdf2,621.0,429.0,213.0,349.0,1
36042724-581b-4459-a45a-603beec0bdf2,271.0,308.0,174.0,375.0,1
3606dcdc-56a2-405f-b799-2f7e13d1b2e8,577.0,571.0,242.0,261.0,1
3606dcdc-56a2-405f-b799-2f7e13d1b2e8,240.0,82.0,238.0,676.0,1
36144553-f906-4552-9d9e-e0c25885dcba,202.0,340.0,234.0,287.0,1
361c09b7-beb1-4be9-bb4b-c6400c293a19,545.0,375.0,259.0,468.0,1
361c09b7-beb1-4be9-bb4b-c6400c293a19,179.0,324.0,246.0,512.0,1
36235ca3-ecd1-4565-a2d7-41ad3f776ffe,,,,,0
3628b7fe-f0d4-4e24-bdff-e811ff0105ff,,,,,0
3632aa2e-04b5-499d-8a27-1af18699e5fa,126.0,356.0,220.0,259.0,1
3646e1b0-48d7-4a90-83a0-585654f5ad23,,,,,0
3647d0dd-fcf0-4606-bddc-ba872f5f7ccb,183.0,563.0,293.0,231.0,1
36491026-0b06-429a-97bf-644518295055,215.0,347.0,249.0,149.0,1
364ed67e-971c-4c7e-9713-aeb0eb0bc6d3,,,,,0
3664fe85-e22a-40f4-b7e9-0d6c155fb7e7,602.0,471.0,243.0,202.0,1
3664fe85-e22a-40f4-b7e9-0d6c155fb7e7,135.0,527.0,200.0,385.0,1
36664b0f-d7cb-438b-9318-0f890fb8129c,,,,,0
3666d8e9-60ac-4d61-a527-a87a4fbe4459,308.0,541.0,98.0,146.0,1
366b30d6-2c8b-4985-978b-b8cde00f4377,606.0,147.0,307.0,738.0,1
366b30d6-2c8b-4985-978b-b8cde00f4377,203.0,199.0,312.0,582.0,1
366de153-5cd0-4a35-b09c-4409fdfa81b9,,,,,0
366e8aa6-2b32-47b1-955d-1246bb000c1f,,,,,0
3673cc6c-6c57-4910-ace9-795fe9a4d0c2,215.0,165.0,250.0,537.0,1
3673cc6c-6c57-4910-ace9-795fe9a4d0c2,544.0,186.0,311.0,523.0,1
367711a9-7fa0-4215-9fcd-b06ca7f40c30,608.0,618.0,325.0,96.0,1
367f60d0-7180-4459-aad0-e36bd6ae4844,,,,,0
3681ccb2-b646-46ec-a277-e0fc8499a2c2,,,,,0
3685fe73-c5fe-47d6-b9ba-d433b79041d6,214.0,641.0,248.0,214.0,1
3685fe73-c5fe-47d6-b9ba-d433b79041d6,585.0,658.0,292.0,270.0,1
36880ed5-467f-489a-bc53-bc399f314fb8,,,,,0
36898db8-3570-4740-a396-aaf6cee6b7a1,579.0,332.0,235.0,483.0,1
36898db8-3570-4740-a396-aaf6cee6b7a1,135.0,383.0,296.0,332.0,1
3690bde1-7419-46a5-baa2-14b88feed1ea,235.0,272.0,245.0,214.0,1
36946b92-64ac-4bfd-9984-e3f9b8b95bc5,651.0,298.0,278.0,546.0,1
36946b92-64ac-4bfd-9984-e3f9b8b95bc5,168.0,505.0,287.0,323.0,1
36973ee8-995d-4966-8ac4-29a2b51aae94,,,,,0
3698b8bd-311e-4784-b9c3-dbe1d5296dc5,540.0,245.0,226.0,370.0,1
3698b8bd-311e-4784-b9c3-dbe1d5296dc5,137.0,413.0,240.0,276.0,1
369fef8a-d290-4b0f-a4cf-02b2690bb9b0,,,,,0
36af11b1-75ca-473d-b29c-4bfa1802a81e,675.0,364.0,156.0,204.0,1
36af11b1-75ca-473d-b29c-4bfa1802a81e,459.0,371.0,84.0,176.0,1
36b39f2c-26bf-4436-acc5-08cb70fe0d7b,,,,,0
36b750d4-ac1c-4301-addb-bb00f6edad82,473.0,172.0,285.0,371.0,1
36b750d4-ac1c-4301-addb-bb00f6edad82,150.0,254.0,267.0,327.0,1
36c0d012-2a39-43f1-a871-914447931fa8,,,,,0
36c3ea72-267d-4eb7-a0b2-a3e34acd2d07,226.0,340.0,210.0,379.0,1
36c67a1f-c782-4fae-b8d4-092bc51c6b05,165.0,160.0,239.0,606.0,1
36c67a1f-c782-4fae-b8d4-092bc51c6b05,522.0,152.0,243.0,538.0,1
36cf3250-2ea6-4ef9-8143-c1bbafe83475,599.0,611.0,161.0,154.0,1
36e2d7a1-bfea-4126-a44c-0388463a7461,,,,,0
36f775ee-d044-43a3-bbe5-000ed7b498b8,129.0,544.0,241.0,292.0,1
36f8833d-6bec-4307-af23-3908684ee79b,579.0,356.0,236.0,258.0,1
36f8833d-6bec-4307-af23-3908684ee79b,246.0,396.0,191.0,319.0,1
36fc451d-e7c1-4931-8409-cd771610bf7d,,,,,0
37020e71-a5a3-4672-9ab0-b0da860d0756,,,,,0
3703a60d-cd4c-4183-865d-82825a95af81,565.0,215.0,278.0,637.0,1
3703a60d-cd4c-4183-865d-82825a95af81,127.0,146.0,331.0,599.0,1
37067b6c-b928-42dd-9c56-8112cf4cb95f,,,,,0
3708739c-3a94-4ab8-9676-01250c8bf243,,,,,0
370e588e-adfb-49c3-b5da-6de6e259206d,,,,,0
371634ac-fc6c-42d3-9860-e284539921d2,,,,,0
371ef146-4a13-4b5f-9d48-7889a12d8ebf,122.0,264.0,210.0,411.0,1
371ef146-4a13-4b5f-9d48-7889a12d8ebf,527.0,559.0,149.0,224.0,1
37261c45-c1d3-4e6b-9d3a-a2ca48b99db8,212.0,112.0,157.0,418.0,1
37261c45-c1d3-4e6b-9d3a-a2ca48b99db8,578.0,105.0,223.0,470.0,1
37290d29-2a81-4c9d-aef6-15eea1376e0c,660.0,428.0,161.0,176.0,1
372b2fea-2013-4600-a06f-765c3f054a82,,,,,0
372dc27b-20c5-418a-b09d-8816843e940e,195.0,205.0,226.0,368.0,1
372dc27b-20c5-418a-b09d-8816843e940e,567.0,255.0,239.0,417.0,1
3732fff6-535e-4ade-9b06-165b44f3e153,,,,,0
373a5932-9260-40b0-9762-f5420f1fc4e5,580.0,392.0,272.0,438.0,1
373a5932-9260-40b0-9762-f5420f1fc4e5,226.0,363.0,208.0,350.0,1
3746cf34-b723-47aa-a0c7-22b63cf958b3,,,,,0
3747c54e-e425-451d-90c0-943e99b873d4,703.0,517.0,136.0,139.0,1
3747c54e-e425-451d-90c0-943e99b873d4,279.0,641.0,127.0,112.0,1
3752f5db-8f1a-4060-aa89-e3aae6af021d,,,,,0
376a90dd-55c7-40a7-b5ea-73cafe9d75aa,577.0,120.0,254.0,696.0,1
376a90dd-55c7-40a7-b5ea-73cafe9d75aa,122.0,125.0,302.0,654.0,1
37731818-2afa-4a22-bd18-db49152ae9b7,,,,,0
37797c44-8479-4adf-b134-5074203fcf0e,,,,,0
378519f3-871d-4eaa-835a-069edecc41ae,,,,,0
37853254-69f9-4bc4-bd2c-22a069218e57,,,,,0
37857a93-3b7c-49ad-86c3-80e19ff11966,,,,,0
378fbf29-e4ad-412f-9acc-e5ed2dd2e103,,,,,0
37a1e5df-1309-40c2-b943-0d347681258b,181.0,330.0,201.0,243.0,1
37a371ad-7e94-4a2c-923c-2ddfce97f2ed,,,,,0
37a3ae61-b059-4972-9e28-c7bc02cd1ada,219.0,461.0,226.0,318.0,1
37a3ae61-b059-4972-9e28-c7bc02cd1ada,602.0,478.0,256.0,309.0,1
37a5ce8f-bf20-402b-b8f6-5c9f4c32c7e1,,,,,0
37abb6cd-4189-4750-bfdf-faf6bad1b233,666.0,280.0,321.0,553.0,1
37abb6cd-4189-4750-bfdf-faf6bad1b233,312.0,354.0,236.0,413.0,1
37ae254b-fd12-4ba1-8166-b21df238e6e9,,,,,0
37ae5e7e-007e-4f68-be2a-40a4f5d67cbe,253.0,449.0,166.0,202.0,1
37ae5e7e-007e-4f68-be2a-40a4f5d67cbe,655.0,491.0,230.0,223.0,1
37ae5f8b-8504-479e-bdbd-58dc6158f0f6,,,,,0
37bf8743-ce24-4848-bf86-519659823bb3,,,,,0
37c377d9-a4f9-4b58-82b5-42c1624e2d57,461.0,436.0,225.0,259.0,1
37c377d9-a4f9-4b58-82b5-42c1624e2d57,92.0,412.0,235.0,288.0,1
37c9c0cb-0536-4056-a7c6-98a37569e1cb,602.0,406.0,216.0,155.0,1
37c9c0cb-0536-4056-a7c6-98a37569e1cb,211.0,549.0,214.0,142.0,1
37cb8cfe-e91d-41d4-96f1-d59a4089dc2d,,,,,0
37cee605-4445-412a-95b3-009af9f59edb,,,,,0
37da4826-2d0a-41dc-8a81-720bef416a37,174.0,487.0,179.0,194.0,1
37da4826-2d0a-41dc-8a81-720bef416a37,552.0,528.0,269.0,300.0,1
37f5c61c-c395-468f-a4ea-7108343a22cb,166.0,158.0,300.0,652.0,1
37f5c61c-c395-468f-a4ea-7108343a22cb,588.0,178.0,265.0,630.0,1
38016466-59bb-4364-a099-03813dd09f46,277.0,264.0,218.0,513.0,1
38016466-59bb-4364-a099-03813dd09f46,610.0,264.0,210.0,553.0,1
3802b256-c042-4f52-ab00-73877c1d1a57,,,,,0
38158e52-8b85-4a90-b09b-92cb9ebaf70b,,,,,0
3818b3c2-3960-4490-9615-2747147f1950,199.0,425.0,197.0,265.0,1
381bfecb-e26e-4eb5-8c71-3703e4a88606,,,,,0
381d7ec4-d880-4594-b303-056c8608a44f,,,,,0
381e2cd6-431e-4cc3-b6b0-5771b5741d8a,153.0,401.0,266.0,227.0,1
381e2cd6-431e-4cc3-b6b0-5771b5741d8a,577.0,517.0,220.0,160.0,1
381f5739-96aa-417b-9074-a4e5f94ec0cc,,,,,0
38262da1-7640-43a1-88ba-1c14960c159e,588.0,383.0,187.0,279.0,1
38262da1-7640-43a1-88ba-1c14960c159e,186.0,278.0,224.0,386.0,1
382c6f6b-94fe-4f7d-97ce-466d93122d1b,,,,,0
382cd774-87dd-4cdc-859b-5b973575c1d1,,,,,0
382db3e8-f756-48c5-8def-e0630634a680,225.0,459.0,189.0,172.0,1
38314ee1-b525-43aa-af34-8e1dd877395e,308.0,475.0,142.0,168.0,1
38395193-8ed1-4d49-9f3e-4d9a2418eaed,209.0,410.0,201.0,162.0,1
383d8991-e27b-4f43-bab1-e1f492ace0f5,523.0,420.0,96.0,129.0,1
383d8991-e27b-4f43-bab1-e1f492ace0f5,99.0,434.0,183.0,199.0,1
385c5485-7307-464b-a0b5-a4a6612d8bd2,,,,,0
3862449a-cc8b-40da-91a0-a1437618e65c,615.0,116.0,332.0,662.0,1
3862449a-cc8b-40da-91a0-a1437618e65c,241.0,126.0,285.0,661.0,1
3874e3f6-0c79-4fc1-a874-1d761e475e53,591.0,506.0,176.0,316.0,1
3874e3f6-0c79-4fc1-a874-1d761e475e53,336.0,413.0,171.0,368.0,1
387ae1ba-6db4-4045-b41d-fec998d94944,,,,,0
387b11e3-b35d-499a-924b-39d0ea06bbc1,,,,,0
388718ee-17f8-446c-9e25-688100629227,,,,,0
388b9fdd-6056-4c84-819a-7db7b9e41e3c,,,,,0
388d9b4f-6c31-44ac-b878-8f5c3843fd1f,731.0,412.0,183.0,192.0,1
388d9b4f-6c31-44ac-b878-8f5c3843fd1f,215.0,437.0,204.0,174.0,1
3892a267-e293-471a-b15f-ba5d2e453f64,577.0,160.0,271.0,582.0,1
3892a267-e293-471a-b15f-ba5d2e453f64,183.0,147.0,287.0,566.0,1
38943e84-044b-4faf-b4dd-cf4a0215cc8b,,,,,0
389667d4-723e-4d59-9647-668106c276cc,599.0,321.0,235.0,318.0,1
389667d4-723e-4d59-9647-668106c276cc,282.0,383.0,160.0,166.0,1
3897fd2d-8a09-4b85-9e18-a86ef62b4ca9,,,,,0
38a2d9bc-5487-4abd-8431-698574ab58be,,,,,0
38a60ce9-5adc-4875-9fb6-05ea5d44b557,,,,,0
38b2fb12-5462-498c-b2d6-13262b7e72a8,,,,,0
38b7377c-4b94-4afc-8738-da7da52fe760,,,,,0
38be51d6-beec-491d-9c69-93f9369fa59b,,,,,0
38c3c661-624a-4fdf-bd26-c7b33e20169a,,,,,0
38c9b6fd-df99-42f8-bae8-b9522ede8a79,,,,,0
38ccf1a4-071c-4243-86b5-3f7d5db8df5c,,,,,0
38d37747-f284-4263-8bc2-2ff3f085a1b8,,,,,0
38d43187-e89e-4ce0-baea-54ed3b254b26,,,,,0
38d8647a-5c4c-43ae-8daf-73a21f2a4e4d,,,,,0
38e479a3-f9fc-44f0-8f8d-dc5de7668895,,,,,0
38e8ed40-7a1f-4678-b655-31d3431b0ba7,752.0,377.0,141.0,303.0,1
38e99364-5995-4b7c-ad87-f8b558a0b5a4,,,,,0
39008738-cdf0-4380-8137-2e37d234ae70,,,,,0
390eb7b5-2719-408a-b9ac-7ad6225c4889,,,,,0
391589be-c014-4862-ae43-84f42b030f30,598.0,366.0,250.0,450.0,1
391589be-c014-4862-ae43-84f42b030f30,216.0,296.0,250.0,323.0,1
3916c02c-db1b-459d-a490-db001b4b63fd,,,,,0
391a0d8a-9d87-4420-9e76-2bd87dbce5a3,529.0,421.0,256.0,404.0,1
391a0d8a-9d87-4420-9e76-2bd87dbce5a3,114.0,442.0,243.0,240.0,1
391e3cbd-2da7-4021-81e2-5ed9297fce3f,,,,,0
3922a7cc-ff8d-4479-893c-b82d86109414,235.0,73.0,194.0,301.0,1
3922a7cc-ff8d-4479-893c-b82d86109414,561.0,87.0,232.0,610.0,1
392d05d8-1655-4a0f-b254-71826bfb4742,136.0,576.0,284.0,331.0,1
392d05d8-1655-4a0f-b254-71826bfb4742,515.0,506.0,280.0,421.0,1
394002c4-8633-4639-a5a0-6bb85e83d2ef,,,,,0
39592532-8042-47e7-9c94-c3731ab6a40c,,,,,0
395add1e-0bf4-4466-830c-84feba17710e,,,,,0
395cb95f-700c-4a77-89f1-dcbddf957552,528.0,251.0,217.0,381.0,1
395cb95f-700c-4a77-89f1-dcbddf957552,189.0,225.0,226.0,364.0,1
396a6819-5c6c-4809-8b76-4f41243a1d4f,,,,,0
3980d859-3ace-428b-bb22-1fe9bcac46ab,,,,,0
39a544f1-29e2-4af5-9b72-40c75ded4020,,,,,0
39a5e461-791e-45f0-a4a9-2f4d06c8eca8,232.0,194.0,219.0,522.0,1
39a5e461-791e-45f0-a4a9-2f4d06c8eca8,552.0,147.0,236.0,263.0,1
39a77f09-4cc6-435b-90ad-489a894cf6ff,,,,,0
39ab54cb-9b3f-405c-b4e0-e084a93a87c6,,,,,0
39be0109-70d7-4bec-a59e-970da31447b2,551.0,267.0,205.0,443.0,1
39be0109-70d7-4bec-a59e-970da31447b2,233.0,522.0,212.0,329.0,1
39d69ac2-14d7-4659-af55-125893812ad8,155.0,249.0,289.0,686.0,1
39d69ac2-14d7-4659-af55-125893812ad8,579.0,261.0,284.0,743.0,1
39d8b259-c37f-4e07-b128-b768d8d7a010,696.0,398.0,161.0,301.0,1
39d8b259-c37f-4e07-b128-b768d8d7a010,263.0,475.0,215.0,170.0,1
39dfde4f-439d-4f30-b38b-efb0c159924a,,,,,0
39e63d68-2b27-49a2-a20f-80072facefcd,,,,,0
39ec7b31-4066-4173-bc5e-2f733c95d94a,,,,,0
3a010152-9ce2-4780-bdd8-bac6fa101991,690.0,582.0,123.0,138.0,1
3a0c1a58-6d13-43f3-a5a0-07d8ecdf7fd5,184.0,372.0,239.0,187.0,1
3a0dc1e6-cfac-412d-a6c2-70c69236ee6a,,,,,0
3a0fb504-c7fe-4f7e-9bf1-98560c74614d,228.0,309.0,205.0,431.0,1
3a0fb504-c7fe-4f7e-9bf1-98560c74614d,580.0,412.0,232.0,398.0,1
3a146de9-9044-4abc-b15c-e7e0d18a0704,555.0,206.0,274.0,652.0,1
3a146de9-9044-4abc-b15c-e7e0d18a0704,142.0,159.0,281.0,660.0,1
3a19bdf2-b88b-4414-97bd-b24d79cdd53d,,,,,0
3a240406-146b-4521-a667-c15a29c67fdd,,,,,0
3a2ffaba-3b8e-41fa-b991-28af2acef25f,,,,,0
3a363bfe-b666-48a3-b82a-b990f4989b20,,,,,0
3a3f6705-9288-4d51-a1a2-eef738ac8d3b,,,,,0
3a42b5cf-5133-4645-8140-74702ea66990,,,,,0
3a43b20a-c8c9-45d4-b499-1d54d632df1a,,,,,0
3a516419-d69d-423d-a1f1-f0f2572b6f41,,,,,0
3a570b6e-35b5-481d-874c-b5c166453927,,,,,0
3a61e62c-62b5-4f89-ba74-32e52ef8321d,,,,,0
3a6a0da1-e18e-4850-b42a-08416939e0a8,,,,,0
3a6bee2a-e8ca-41eb-b33f-5048b9f0e068,123.0,324.0,310.0,583.0,1
3a6bee2a-e8ca-41eb-b33f-5048b9f0e068,542.0,316.0,325.0,622.0,1
3a6c8986-b679-43a4-aa31-9e9e59b5d79b,561.0,178.0,214.0,546.0,1
3a6c8986-b679-43a4-aa31-9e9e59b5d79b,234.0,181.0,188.0,509.0,1
3a711453-b25c-4239-9c8b-080070a8afcc,622.0,488.0,235.0,223.0,1
3a711453-b25c-4239-9c8b-080070a8afcc,203.0,410.0,214.0,427.0,1
3a776e35-1909-4109-aa86-0fd23f023e44,129.0,414.0,264.0,489.0,1
3a776e35-1909-4109-aa86-0fd23f023e44,565.0,520.0,225.0,411.0,1
3a7feaee-a0fb-4db7-814d-ebc3a9f98824,,,,,0
3a90e0ef-db94-463a-a74d-f0f3a12788fa,,,,,0
3a9211e6-2e40-493c-90bc-f26067d5b0b7,,,,,0
3a95e2d5-ec7a-4020-a48c-7d61fdb3d0af,492.0,82.0,192.0,639.0,1
3a95e2d5-ec7a-4020-a48c-7d61fdb3d0af,117.0,64.0,239.0,544.0,1
3a991b9c-0848-4627-8a56-a900cbdea40e,,,,,0
3a9c2da0-7cf6-4d51-8012-096f6f4e461e,,,,,0
3a9cc5df-5d6a-4401-bd8e-8cd1f0b27285,276.0,372.0,193.0,290.0,1
3aa28a0b-fc2f-4f03-87ab-26808d456527,,,,,0
3ab1f012-e633-4d65-acb3-65e6380ff455,,,,,0
3ac49fd1-c580-48f1-8e3c-6a50d3447ba7,,,,,0
3ac5424d-8742-4e11-be82-cfefa8d0380a,,,,,0
3accdbb1-0300-4065-8757-94eb3dd213c3,123.0,204.0,332.0,816.0,1
3accdbb1-0300-4065-8757-94eb3dd213c3,621.0,172.0,339.0,852.0,1
3adf7f71-3ded-406d-a08c-a61d152f78dc,141.0,250.0,263.0,591.0,1
3adf7f71-3ded-406d-a08c-a61d152f78dc,554.0,297.0,298.0,594.0,1
3ae849f7-9df9-4a5c-843f-7539837fadb6,,,,,0
3aec9f35-58ba-4c7b-8b02-06f1218d3b3f,,,,,0
3aed4a87-9c2e-4c32-a082-25b918c4f76d,,,,,0
3af08ed2-1f93-4a0f-bfaa-f62ef0548177,,,,,0
3af465f7-7be0-4b58-969b-943499e00946,599.0,498.0,266.0,355.0,1
3b01037c-d534-4829-9ec8-81119a652602,642.0,277.0,243.0,406.0,1
3b01037c-d534-4829-9ec8-81119a652602,315.0,309.0,226.0,429.0,1
3b039064-dc2b-43dc-a9d3-0edf181f523a,,,,,0
3b0e8d0a-230a-4483-96c9-d91bb17be632,511.0,373.0,215.0,395.0,1
3b0e8d0a-230a-4483-96c9-d91bb17be632,139.0,100.0,196.0,589.0,1
3b12ae6f-0386-45b2-8fab-5ae6b93fbfda,109.0,558.0,204.0,149.0,1
3b12ae6f-0386-45b2-8fab-5ae6b93fbfda,511.0,463.0,181.0,177.0,1
3b16ec55-a7b0-4924-99b9-222623e807fa,,,,,0
3b1bead0-08fc-4f1c-acad-7fef601ebeaa,,,,,0
3b2503ab-5006-420a-a26a-f5c8409488bf,,,,,0
3b266180-6af2-4859-9576-17fd9ab9fff1,548.0,197.0,305.0,618.0,1
3b266180-6af2-4859-9576-17fd9ab9fff1,102.0,192.0,317.0,587.0,1
3b29eb24-e46f-4529-a0e0-c4c342727152,,,,,0
3b2d5952-ecd3-4e79-9ecc-908adde0ab99,226.0,219.0,248.0,545.0,1
3b2d5952-ecd3-4e79-9ecc-908adde0ab99,574.0,174.0,321.0,592.0,1
3b31b14d-5c0e-4a47-983f-98099dd9f991,220.0,559.0,226.0,204.0,1
3b31cd2d-db9f-4671-8adc-c41203f013ae,,,,,0
3b33c07b-2698-4366-90c4-94256f5f34a2,,,,,0
3b34aba3-d852-40e7-8f50-91dc2ef63dd6,,,,,0
3b42d3d4-02ff-4c17-8d67-f8e2c311a860,,,,,0
3b49769a-ae88-4b47-ac0a-92abf3e05f94,,,,,0
3b57df96-2208-4717-9d32-0d54ebbee4fa,339.0,429.0,133.0,223.0,1
3b637053-8dd4-4651-8170-080d1a1a4e3a,492.0,325.0,281.0,575.0,1
3b637053-8dd4-4651-8170-080d1a1a4e3a,161.0,334.0,238.0,491.0,1
3b6538ab-c405-4a7b-9e2e-239a97e224ef,582.0,96.0,290.0,740.0,1
3b6538ab-c405-4a7b-9e2e-239a97e224ef,160.0,129.0,284.0,654.0,1
3b6cfaf6-8a40-41e8-b5dc-dc8c51fb8fd9,,,,,0
3b7065a3-bc37-4671-be14-3170a8d1a7f2,,,,,0
3b7db421-60ed-46f1-a0d6-5acb1d05d828,,,,,0
3b81309b-5e5e-4d02-8eaf-265a770de5b7,,,,,0
3b831cd2-d077-4b82-98ab-fcd2f2fba1ac,,,,,0
3b935aac-701f-406e-a4e8-eab033f2cc38,220.0,545.0,174.0,282.0,1
3b977435-19c7-4f6f-bb33-d19e184c602c,,,,,0
3ba80992-3ec3-421a-97b8-354f1a5dbae1,540.0,540.0,233.0,203.0,1
3ba80992-3ec3-421a-97b8-354f1a5dbae1,138.0,512.0,226.0,219.0,1
3bb9b9b3-b086-4083-ae6f-d1f86c3eb089,280.0,498.0,150.0,210.0,1
3bb9b9b3-b086-4083-ae6f-d1f86c3eb089,579.0,536.0,246.0,155.0,1
3bba8ae0-61b8-4682-8b16-2e08078878b9,122.0,621.0,98.0,83.0,1
3bba8ae0-61b8-4682-8b16-2e08078878b9,241.0,463.0,191.0,258.0,1
3bbcfb90-b950-4502-9866-82a131651a73,,,,,0
3bc84e99-82ac-4945-8d31-0bc0cffe91ef,538.0,116.0,253.0,631.0,1
3bc84e99-82ac-4945-8d31-0bc0cffe91ef,210.0,118.0,211.0,532.0,1
3bcaf9a6-5613-4b1d-b538-eaf47ba4e62a,,,,,0
3bd6f6e0-c07a-4c22-87e7-53d60de9ad0e,518.0,422.0,192.0,458.0,1
3bd6f6e0-c07a-4c22-87e7-53d60de9ad0e,142.0,265.0,228.0,503.0,1
3bdf49c0-0eed-4b48-b831-1510cffd2d04,176.0,498.0,261.0,192.0,1
3bdf49c0-0eed-4b48-b831-1510cffd2d04,621.0,372.0,224.0,245.0,1
3be59bb1-6183-4c8d-9ac8-4591b6ab90d0,232.0,257.0,222.0,604.0,1
3be59bb1-6183-4c8d-9ac8-4591b6ab90d0,574.0,246.0,248.0,643.0,1
3be5c139-0aa5-4c72-b930-eb513765218e,,,,,0
3be6cdab-6c53-43c9-ac23-901a8dbd281e,91.0,79.0,325.0,650.0,1
3be6cdab-6c53-43c9-ac23-901a8dbd281e,474.0,226.0,226.0,651.0,1
3bef43bd-4bbb-49b1-924d-0a2be443d37f,,,,,0
3bf038e0-a6df-45d4-9422-c9a1e1ddda49,,,,,0
3bf6bb05-9ec6-4c32-a8c4-fdd7704c188c,530.0,559.0,251.0,130.0,1
3bf6bb05-9ec6-4c32-a8c4-fdd7704c188c,71.0,678.0,203.0,249.0,1
3c072590-e9e8-4ac2-b9e7-dd1776e2a537,235.0,490.0,168.0,296.0,1
3c072590-e9e8-4ac2-b9e7-dd1776e2a537,548.0,523.0,191.0,294.0,1
3c1410ec-5f53-4538-b6e3-fcd1bae93be6,,,,,0
3c196596-ca8a-46ba-bd49-503257476e75,,,,,0
3c1e9e21-6e14-4ef7-a4ba-be8588e527ff,,,,,0
3c1fdc6b-2e9a-46f7-8dbd-28d4155f9b93,655.0,281.0,134.0,211.0,1
3c1fdc6b-2e9a-46f7-8dbd-28d4155f9b93,333.0,507.0,179.0,116.0,1
3c1fdc6b-2e9a-46f7-8dbd-28d4155f9b93,639.0,492.0,219.0,125.0,1
3c2e061f-ad8f-497b-a97f-196d2606ffeb,,,,,0
3c2f580e-bdac-4f28-a33e-38b147fc60ca,,,,,0
3c2fea96-8b4c-4110-b050-d97deab3d589,,,,,0
3c2ffd0c-b04c-4a9c-84df-09ec201f55ff,,,,,0
3c313509-8707-4fab-be4b-770fd8cbdb07,,,,,0
3c329c7a-1dcf-41c6-a3ab-1db886e8ebd8,205.0,465.0,236.0,207.0,1
3c3edd61-17dd-4ec2-b434-d5bbe0bbb13f,171.0,483.0,185.0,309.0,1
3c3edd61-17dd-4ec2-b434-d5bbe0bbb13f,592.0,432.0,234.0,404.0,1
3c3f7a08-29c4-4773-8ae1-e32418e018c9,,,,,0
3c47e1a2-c1e9-4a4c-b545-7217d061a33d,,,,,0
3c4a89ed-4338-4410-8848-a0bf226f6e21,219.0,110.0,212.0,595.0,1
3c4a89ed-4338-4410-8848-a0bf226f6e21,545.0,163.0,249.0,637.0,1
3c4c732b-8281-41ef-bd8c-98f98a1c11fe,316.0,373.0,143.0,370.0,1
3c63671b-09f0-46c7-b5cc-e752079404f8,,,,,0
3c6afc4b-f292-4064-ae8b-06d3439d1d27,,,,,0
3c6c4fae-aa8c-4fc9-ac6f-d0970cd37d79,218.0,193.0,220.0,510.0,1
3c6c4fae-aa8c-4fc9-ac6f-d0970cd37d79,619.0,319.0,178.0,351.0,1
3c6cc4e8-ab85-4053-9844-4f9eded69eec,567.0,245.0,233.0,437.0,1
3c6cc4e8-ab85-4053-9844-4f9eded69eec,145.0,199.0,250.0,448.0,1
3c806302-fbec-46b7-aa1c-62e06ac85cd3,620.0,434.0,238.0,273.0,1
3c806302-fbec-46b7-aa1c-62e06ac85cd3,191.0,391.0,223.0,311.0,1
3c81b2f5-1d50-4a9b-9ee7-3d19f67eaf4d,,,,,0
3c83072d-97ca-47d6-9d55-ec9f1f23c166,,,,,0
3c8cc0d1-be7f-493d-9570-542d851f623b,571.0,374.0,193.0,166.0,1
3c8cc0d1-be7f-493d-9570-542d851f623b,170.0,465.0,248.0,281.0,1
3c8ebe92-dc43-48b9-bbfd-03dbc128d2af,248.0,567.0,199.0,160.0,1
3c8f377b-05a9-49e2-89eb-fa03c711acb3,,,,,0
3c92c85a-acb7-49dc-b732-1b6e203e6d7b,580.0,509.0,270.0,355.0,1
3c92c85a-acb7-49dc-b732-1b6e203e6d7b,215.0,276.0,197.0,197.0,1
3c958476-01ca-4d79-929a-5f1ee467ee27,580.0,200.0,205.0,307.0,1
3c98134b-f601-4439-9143-7a641f247028,,,,,0
3c993fea-80ff-42d5-a7ef-e2fb8209e4cf,556.0,356.0,255.0,491.0,1
3c993fea-80ff-42d5-a7ef-e2fb8209e4cf,162.0,393.0,288.0,622.0,1
3ca2df03-90ad-41e0-acfb-0e9dca100607,,,,,0
3cb7ea27-e85c-45a9-a5d6-185b9ec18b17,,,,,0
3cbb9e96-b202-40e2-bff0-176d31500640,598.0,449.0,243.0,377.0,1
3cbb9e96-b202-40e2-bff0-176d31500640,108.0,468.0,307.0,362.0,1
3cbd12c8-6302-43b1-a28c-fcc892540c2e,589.0,141.0,312.0,513.0,1
3cbd12c8-6302-43b1-a28c-fcc892540c2e,254.0,201.0,241.0,435.0,1
3cc33510-2c4f-4e01-b850-4b66183aa1e9,556.0,474.0,145.0,181.0,1
3cc54702-d779-4990-979b-edc89f450105,,,,,0
3cc6570b-da03-45d9-9d7e-c66d1524425b,,,,,0
3cc73009-379c-4b44-984b-d0d117f4dd09,,,,,0
3cd77f6e-8eb3-4900-bc19-3921d8d22960,,,,,0
3cd9c2d1-afaf-466c-a465-4bd55acb477f,,,,,0
3cdc0d7b-b323-4809-92db-49ed6a2903f1,,,,,0
3cdfc137-9edc-4905-b185-b27d77cea721,672.0,232.0,309.0,571.0,1
3cdfc137-9edc-4905-b185-b27d77cea721,335.0,236.0,289.0,579.0,1
3ce59614-c1b8-4878-bf2e-3a04ec55f588,,,,,0
3cef4f01-3c89-4f51-93a6-9e0ecb0685b9,,,,,0
3cf4dbff-f5ff-407e-b902-be8040ed992a,94.0,419.0,207.0,289.0,1
3cf4dbff-f5ff-407e-b902-be8040ed992a,521.0,284.0,199.0,646.0,1
3cfbf744-9777-4804-b615-6b3e039322a6,,,,,0
3cfd007a-77cd-4125-900e-e0e014592a35,125.0,347.0,277.0,495.0,1
3cfd007a-77cd-4125-900e-e0e014592a35,528.0,321.0,307.0,486.0,1
3d02606b-922b-4423-9a94-253410fc66d4,,,,,0
3d02d4e2-4d30-46e4-9ba7-5548a5c45e0a,,,,,0
3d04aef0-2bb8-4de2-a871-4c814bca5d9b,505.0,261.0,225.0,618.0,1
3d04aef0-2bb8-4de2-a871-4c814bca5d9b,186.0,266.0,225.0,529.0,1
3d070009-c877-4ed4-ac80-53781cb30fef,173.0,134.0,259.0,662.0,1
3d070009-c877-4ed4-ac80-53781cb30fef,573.0,123.0,328.0,708.0,1
3d1e8f8f-b4cb-4346-b52a-d98f6a8ebb24,,,,,0
3d21c4ce-34cb-49f2-9b7a-7465e0888a40,618.0,251.0,217.0,471.0,1
3d21c4ce-34cb-49f2-9b7a-7465e0888a40,273.0,209.0,194.0,393.0,1
3d2863ff-7e64-4e52-bfd0-c71cf596bae5,,,,,0
3d2b0b21-1b73-44b0-b495-60b5262753bb,,,,,0
3d2dc6e4-e1d4-4872-a417-5f640ddbb064,,,,,0
3d33aaf8-2163-4126-888b-1596478fe2be,448.0,564.0,303.0,373.0,1
3d33aaf8-2163-4126-888b-1596478fe2be,38.0,577.0,310.0,320.0,1
3d3c4768-ae36-4807-bfc2-195fe0194b07,,,,,0
3d46edf3-15a7-4f6b-a89c-bc11949e2550,,,,,0
3d62329f-40d2-41e5-bcdd-c7eabc33f516,581.0,315.0,179.0,290.0,1
3d62329f-40d2-41e5-bcdd-c7eabc33f516,178.0,449.0,199.0,344.0,1
3d63f3f8-08cb-4c56-9f03-c634b705c23f,,,,,0
3d6654d3-b967-4de5-8e27-7a1c18588dee,,,,,0
3d72c8da-a547-41f2-9f4b-0dbc9ca9e0ea,,,,,0
3d8173bf-b588-42ca-a4a6-35848541f4a4,,,,,0
3d895c52-0627-42b3-ba67-41a08f387da0,699.0,518.0,161.0,147.0,1
3d895c52-0627-42b3-ba67-41a08f387da0,227.0,513.0,169.0,116.0,1
3d895c52-0627-42b3-ba67-41a08f387da0,240.0,289.0,204.0,216.0,1
3d8a52f8-3769-48d7-9460-2df223a06632,675.0,316.0,131.0,277.0,1
3d8a52f8-3769-48d7-9460-2df223a06632,320.0,598.0,140.0,192.0,1
3d8b3936-bbcc-4700-999f-0c2129d07997,286.0,346.0,125.0,214.0,1
3d8c988b-436b-4a44-a2e1-88dee1351ae1,,,,,0
3d8ebf19-bf2c-4dff-9c25-25aa15d1ed88,149.0,542.0,317.0,201.0,1
3d8ebf19-bf2c-4dff-9c25-25aa15d1ed88,673.0,530.0,297.0,249.0,1
3d952d28-d05f-434c-a8bb-ce78cf8ab240,,,,,0
3d963020-db86-43c6-8133-21c69cb65df0,232.0,465.0,184.0,285.0,1
3d963020-db86-43c6-8133-21c69cb65df0,565.0,351.0,194.0,242.0,1
3da2bcda-200a-40ef-897c-ba6ef6a4cdad,,,,,0
3da7cc6a-7864-4ab8-8842-297650b7db19,635.0,386.0,200.0,282.0,1
3da7cc6a-7864-4ab8-8842-297650b7db19,131.0,395.0,300.0,258.0,1
3db17fd0-1423-41a0-9ae6-41f8c864caca,,,,,0
3db7e979-5f97-4985-bf0c-cdea7951e246,183.0,185.0,285.0,599.0,1
3db7e979-5f97-4985-bf0c-cdea7951e246,653.0,261.0,145.0,265.0,1
3dc65186-d1b8-4e7c-b785-0160031af658,,,,,0
3dc73486-dbf7-4b9d-9e26-fb24848b16a2,724.0,622.0,125.0,116.0,1
3dc8aa2f-0e49-47ba-9eaf-1a3bdb189ada,185.0,528.0,191.0,250.0,1
3dc8aa2f-0e49-47ba-9eaf-1a3bdb189ada,579.0,340.0,173.0,311.0,1
3de1a130-ee9f-4c77-a492-b1ebf3dee837,,,,,0
3de25a4d-9c36-460f-96b9-2109faffc4dd,,,,,0
3de892b0-7adf-40c4-9fec-db8a7e5bb5d6,218.0,498.0,194.0,150.0,1
3de892b0-7adf-40c4-9fec-db8a7e5bb5d6,600.0,425.0,226.0,247.0,1
3df3ed06-02ba-49b0-9c46-d146e71cad5d,486.0,233.0,294.0,473.0,1
3df3ed06-02ba-49b0-9c46-d146e71cad5d,87.0,236.0,281.0,487.0,1
3dfbfdd9-ac6b-4862-96ef-a0a90378d43a,,,,,0
3e04b613-1130-413a-bc92-3c6935c9f8dc,,,,,0
3e090052-b2cd-459a-bde0-837321f83cf2,225.0,537.0,216.0,183.0,1
3e090052-b2cd-459a-bde0-837321f83cf2,684.0,317.0,174.0,417.0,1
3e19b1b9-1391-401b-8038-61c74a4ff1e3,,,,,0
3e2f4083-d432-446c-8418-e8c46801d453,549.0,401.0,208.0,156.0,1
3e2f4083-d432-446c-8418-e8c46801d453,205.0,473.0,224.0,233.0,1
3e2fa4f1-9513-41c6-b520-43154569f8cc,245.0,535.0,171.0,255.0,1
3e37f26f-6865-4d73-ab01-4daec24acaab,,,,,0
3e38095f-34af-4320-9e2f-a1979b96787f,,,,,0
3e3babaa-b242-4dac-a549-9c87dec28ead,298.0,366.0,222.0,161.0,1
3e3db07e-7f90-4311-b13f-9698c644aee7,,,,,0
3e57de1e-65ba-4648-a948-d952f484b05c,,,,,0
3e5a1e34-1feb-4021-9eb1-afdf382dc05d,,,,,0
3e5bfc24-2f0b-4d91-8fe8-923d27900567,,,,,0
3e5e1e9c-4b31-416a-a068-a4e2fc100f10,,,,,0
3e6ff69e-0090-42c6-97b1-26434f52b19d,181.0,180.0,250.0,737.0,1
3e6ff69e-0090-42c6-97b1-26434f52b19d,592.0,284.0,247.0,730.0,1
3e736d03-2550-49ae-ab74-77828319e714,,,,,0
3e75ff4a-a15d-4451-850f-605c3244cb17,315.0,142.0,126.0,145.0,1
3e75ff4a-a15d-4451-850f-605c3244cb17,541.0,228.0,218.0,373.0,1
3e7c788b-3c99-4c44-9877-0ced391d1f75,,,,,0
3e7fc50e-d9ae-4b91-909d-1ea4cc9ddcb1,574.0,135.0,302.0,622.0,1
3e7fc50e-d9ae-4b91-909d-1ea4cc9ddcb1,160.0,146.0,349.0,643.0,1
3e80d53f-1b03-4a12-ab50-6b86c49e8837,,,,,0
3e881f10-28aa-4626-a79a-50cc014b7a1a,566.0,327.0,209.0,326.0,1
3e881f10-28aa-4626-a79a-50cc014b7a1a,224.0,335.0,224.0,316.0,1
3e9a7227-3806-4b23-a51a-5a193896b83b,,,,,0
3ea07f33-3cd8-4a27-b680-8e1bc57aa1b8,658.0,523.0,152.0,195.0,1
3ea07f33-3cd8-4a27-b680-8e1bc57aa1b8,355.0,595.0,107.0,162.0,1
3ea5af82-4d18-4c7e-a844-7945ece887b0,,,,,0
3ea80a73-44fc-4b9e-946a-ebd620e004fe,,,,,0
3ea8f4c2-376b-4c36-8a74-5010faa24414,,,,,0
3eb5f940-1e99-453a-9d40-19720cc7235c,,,,,0
3ebf4e25-fb47-4040-a1f3-236fdad3e0f7,,,,,0
3ec704b7-82b3-4a0b-a5c8-cbce731fcb51,,,,,0
3ed451f4-ff11-489e-9d3f-c7abf1c696be,,,,,0
3ed830ca-6746-47e8-b91e-0cfeeff9f9d2,238.0,552.0,129.0,127.0,1
3edc8700-cf2b-4944-b347-cffaf2f32702,,,,,0
3ee3b4b5-b782-4f60-bf1f-b62589e573e8,615.0,463.0,234.0,269.0,1
3ee3b4b5-b782-4f60-bf1f-b62589e573e8,228.0,645.0,153.0,117.0,1
3ee66e0c-e360-4e76-ba81-b65f8600ae32,683.0,326.0,226.0,366.0,1
3ee66e0c-e360-4e76-ba81-b65f8600ae32,277.0,346.0,241.0,230.0,1
3ef5b81e-d976-4f52-b514-a7492effdf87,,,,,0
3f11c0cd-f83f-4eb9-9968-2cf5958d9147,,,,,0
3f189f11-c1f4-47a9-a1b0-886fb7344bc1,,,,,0
3f1d7f08-05a4-4ce7-923e-7b1159c509d8,187.0,303.0,207.0,203.0,1
3f1d7f08-05a4-4ce7-923e-7b1159c509d8,623.0,316.0,95.0,165.0,1
3f21ced9-2155-4c73-9b00-c4747d5bf31d,,,,,0
3f24788a-dea2-4936-8290-68b53dd532e2,210.0,404.0,294.0,338.0,1
3f24788a-dea2-4936-8290-68b53dd532e2,611.0,317.0,352.0,444.0,1
3f2b878e-9e3b-410b-a739-b43d81b98692,200.0,372.0,189.0,242.0,1
3f2b878e-9e3b-410b-a739-b43d81b98692,566.0,583.0,115.0,73.0,1
3f2c6378-2869-4f4f-86a8-c83cc15d8580,205.0,475.0,248.0,117.0,1
3f30b3ca-a94b-4305-bd38-1895aaa07427,135.0,536.0,238.0,346.0,1
3f30b3ca-a94b-4305-bd38-1895aaa07427,541.0,545.0,256.0,378.0,1
3f33bafd-eb7a-41c0-b888-b1269f241c9c,,,,,0
3f350a20-291b-4a3c-8e7b-72b885f19ec9,673.0,285.0,257.0,435.0,1
3f350a20-291b-4a3c-8e7b-72b885f19ec9,284.0,529.0,119.0,161.0,1
3f375c9a-9059-4886-9275-165281dd41b0,161.0,332.0,263.0,239.0,1
3f432d6b-e0a2-4b46-ad7f-e42f713814ee,269.0,437.0,199.0,270.0,1
3f432d6b-e0a2-4b46-ad7f-e42f713814ee,628.0,340.0,219.0,316.0,1
3f55962b-e0d8-4b8e-b44a-23009ccaab33,,,,,0
3f58a6ba-859f-419b-aac6-dac93fe7b476,,,,,0
3f5b6322-d585-446b-bd58-302af95f771e,,,,,0
3f5d46e2-0430-450d-ad40-6b905b283b5e,212.0,513.0,216.0,183.0,1
3f6bcb10-22a0-4585-a60f-14925f446c10,,,,,0
3f750eed-bfad-4c3f-b268-8c9f4270cf05,561.0,497.0,289.0,138.0,1
3f774e0d-f367-4fa2-98cc-82845d21d5f6,135.0,436.0,222.0,219.0,1
3f8122e4-246b-4a06-bca6-60368ebc660f,,,,,0
3f8d726c-6c25-44dd-b9ea-e7138d6ca20f,166.0,129.0,306.0,685.0,1
3f8d726c-6c25-44dd-b9ea-e7138d6ca20f,565.0,142.0,290.0,769.0,1
3f9d98ed-1a89-436c-a528-8d34b10a8530,701.0,135.0,290.0,718.0,1
3f9d98ed-1a89-436c-a528-8d34b10a8530,339.0,121.0,245.0,663.0,1
3fa13d7f-8b18-443d-8dfe-2b098bfec24a,165.0,379.0,269.0,257.0,1
3fa13d7f-8b18-443d-8dfe-2b098bfec24a,586.0,415.0,293.0,348.0,1
3fa88194-1c6d-47fc-bada-33164240735f,,,,,0
3fa9f026-6175-4e8d-b6eb-e42bf92ba727,131.0,526.0,254.0,132.0,1
3fad6559-5289-4da1-a682-df0c97a08e38,484.0,191.0,172.0,219.0,1
3fad6559-5289-4da1-a682-df0c97a08e38,100.0,59.0,248.0,346.0,1
3fb227fe-ba26-4682-ae1f-0e19dee31876,,,,,0
3fc09255-ac70-4e8b-8507-efde01c9fd45,122.0,519.0,272.0,199.0,1
3fc0ad26-a4e5-47a1-8074-80686ef85821,,,,,0
3fc13fa7-0981-4dae-8d4d-ff8769f98d28,,,,,0
3fc1b246-9939-4707-b56e-b72e550b633b,,,,,0
3fd032bc-c98f-4fc9-8a4b-903797721666,,,,,0
3fdcd01b-1029-40c9-be8a-a72876d0323b,730.0,560.0,104.0,231.0,1
3fdcd01b-1029-40c9-be8a-a72876d0323b,232.0,508.0,206.0,242.0,1
3fdcd01b-1029-40c9-be8a-a72876d0323b,612.0,159.0,125.0,267.0,1
3fdef5f1-8ae2-4f9a-a72f-b094e3b47d37,,,,,0
3fe8cf64-5b96-4a60-a4ba-215e4f3039c9,,,,,0
3febbe1c-f386-4ced-b8a6-2047f56f33d5,,,,,0
400a53d8-22e5-40d1-a846-be334bc5c363,,,,,0
400bc1f6-0c60-46da-bf66-80fa42c56fb0,,,,,0
4010f5c0-3487-4f83-b2a1-c19ff42098cc,,,,,0
4013c4b4-5cd7-41bd-bed5-59c003251ea7,,,,,0
4018381a-5983-41c0-9191-0de2f3de96aa,,,,,0
401a7008-815e-4778-92b0-923f8aee904d,,,,,0
4029d405-851f-403a-8f3c-d5732b7efc61,,,,,0
402c68a6-62b1-4a22-8c40-631c32ac86fd,,,,,0
4030385e-ccfb-46ce-a6b8-19fc1460e0e0,,,,,0
40329003-cc64-489c-aeec-8f029864d8fd,,,,,0
40346c30-cf4a-4fe3-a6a1-935ac182a551,269.0,301.0,130.0,193.0,1
4034886a-b60a-4aa7-9b75-0abc1989baa3,,,,,0
403af764-1328-484d-b58d-2b306c602c60,,,,,0
403f65d5-6590-4cee-8b94-134683648f09,,,,,0
40587da5-e454-4266-87d5-4d668cf940d7,,,,,0
4059480d-6a13-45bd-80df-0c380a71c908,,,,,0
405dcab3-d806-46ff-83bf-62829ed2710f,,,,,0
4068843a-d393-45cb-9d08-567238cdc6d2,315.0,607.0,149.0,137.0,1
40696bda-f0b2-492f-ad2b-f904a7967866,276.0,354.0,178.0,322.0,1
40696bda-f0b2-492f-ad2b-f904a7967866,585.0,348.0,219.0,357.0,1
406aa509-7936-40d8-a5ee-1fe828f89320,723.0,310.0,215.0,373.0,1
4079c269-cce7-4663-8282-159f25176d42,,,,,0
407bc983-cb9f-4559-9e82-8b559e466042,554.0,423.0,224.0,338.0,1
407bc983-cb9f-4559-9e82-8b559e466042,224.0,400.0,191.0,269.0,1
408b3f65-d607-4875-aa59-ed9d4de04953,,,,,0
40a2f7fd-342e-494b-a7e0-5857b73ec582,174.0,313.0,213.0,371.0,1
40a2f7fd-342e-494b-a7e0-5857b73ec582,527.0,281.0,175.0,372.0,1
40a7d1e6-5d61-4f57-aab5-f00928e6be5b,,,,,0
40a9d9ea-1651-4c33-9603-bba78fbc4052,,,,,0
40abf906-d723-4ea3-ac96-b940c8bb33b1,,,,,0
40ad92c2-901d-4f65-a6f2-b9d7452b5047,,,,,0
40add7b8-efdd-4a12-b59a-4aedbda776c0,,,,,0
40bb9e6f-b67b-44f2-9268-c2f4091b88a7,,,,,0
40caa346-8524-4331-9559-1676b16700de,,,,,0
40cbe831-406d-4492-961e-373493628c03,,,,,0
40cf1491-12c9-4779-a091-6cc20f823930,,,,,0
40d0efda-a685-4168-8da3-d298d4260dc1,,,,,0
40db36dd-0681-4f60-b414-fa8d4488032c,,,,,0
40e6af90-c12c-4791-a8a7-b2fdad566ed3,,,,,0
40ee00e4-b780-4098-a01b-eae427411fd5,,,,,0
40f04f41-fd36-492b-9d76-cfe38abdf603,,,,,0
40fe04af-77d2-4c36-80eb-043568abdbf3,555.0,506.0,275.0,186.0,1
41031005-492c-4ffb-a230-28e9bea97dbf,,,,,0
410ba4b1-4c3c-467e-b58e-838ded07e266,,,,,0
41159056-4cb8-4937-aa38-ad56a362c673,286.0,326.0,219.0,433.0,1
41159056-4cb8-4937-aa38-ad56a362c673,550.0,237.0,331.0,461.0,1
411a54f5-4dbb-4684-a34a-df300a20f851,718.0,441.0,205.0,205.0,1
4139d848-af6d-4264-84ee-599cece63d48,,,,,0
413b612c-2ac4-40c7-af08-87f4bd7ab4a2,,,,,0
413fe274-bb56-4206-9966-602859a51944,,,,,0
414852b7-ca70-44a7-b226-7975a2dba306,,,,,0
414b5e30-016a-48fd-849e-c4c1dcab54dd,,,,,0
414b65dc-d48a-43eb-bfe8-176b3f423520,,,,,0
414e4a00-bec4-4552-92d3-7e710b367869,,,,,0
414e4ca5-583d-4518-9e9a-de70d68dc8af,204.0,300.0,217.0,373.0,1
414e53e1-a1ed-4ea3-a39d-a94112b6f16d,,,,,0
41514a7f-f3ce-473e-a15d-cfd41b475aaf,,,,,0
41541e45-99ab-4c0a-a391-53981f49a95e,,,,,0
4154d441-0060-42e1-bc03-0e35eb291be9,,,,,0
41560731-6e3f-44b9-b951-e789bb8e0cc8,263.0,630.0,264.0,243.0,1
41560731-6e3f-44b9-b951-e789bb8e0cc8,617.0,627.0,319.0,306.0,1
416d4d85-4b64-4ee4-a2d1-e27e7c346c64,,,,,0
417e52bd-2248-439c-ae7d-671ebecc93dd,,,,,0
4180b2a9-80cb-4859-b9c8-a9aaf91c1bf6,,,,,0
4181a376-e117-4351-8881-8f6d94c4e706,,,,,0
418303a7-0ac5-4d11-843e-b00fc8f1e170,,,,,0
418bb59a-7697-436f-9676-4d3e2284927a,,,,,0
418c026a-52a8-4b5f-a11b-5dec2fae20f5,132.0,236.0,204.0,334.0,1
41956795-f289-45fd-b72b-4dfee40754e2,,,,,0
419b2a4a-4349-4016-93f3-86700d7f503a,,,,,0
41b6dc2f-7122-4c4e-8b85-ef91a57e385c,,,,,0
41b84fdb-a6fe-4a5b-ab36-56da019465cc,,,,,0
41bf2042-53a2-44a8-9a29-55e643af5ac0,575.0,186.0,223.0,458.0,1
41bf2042-53a2-44a8-9a29-55e643af5ac0,217.0,474.0,126.0,160.0,1
41bf38ed-29d0-4ac1-8e2f-a1a1d6468856,,,,,0
41bf80a8-621d-4efd-8559-db86626c28dc,,,,,0
41d086ad-4ecb-48f9-bd7f-b3b6b338f23c,,,,,0
41e093be-6fc8-4087-9370-9d110bbb4565,,,,,0
41e48e0b-ec03-46c6-92de-93bb44fdd8c1,,,,,0
41e6698f-96a6-4072-ade5-e018a57c0460,,,,,0
41ebb681-82a0-420c-834b-1b56378749de,,,,,0
41f305b0-0d5b-4378-9b40-91e1359ac22e,,,,,0
41feefb5-362d-4d0a-ba2f-cbd986504ace,,,,,0
42075358-6312-4523-a9ef-279991e1fa65,,,,,0
42099492-c42d-4b92-8f66-2556f9402cf6,,,,,0
4212e538-53db-4327-8028-b429230b5030,,,,,0
42199284-134a-4ad7-8725-b21a97e166c3,,,,,0
4225befe-c85e-4321-90c2-08b50960642e,,,,,0
422d2b91-c81a-4fd3-bd66-058c608a8917,,,,,0
42405caa-8e52-40c2-a6f8-abb41c5520c9,,,,,0
4245f9a9-94fd-4cc5-8df3-0f0c3f9d33d2,,,,,0
424a64aa-28bb-4f8d-b6f3-f600603300b7,,,,,0
42542788-db65-48ef-b370-2a46e754b30d,,,,,0
425d97a7-c5ce-4380-ba60-5a01a6618e08,,,,,0
4261241c-2349-4c92-a283-e9d3af024c49,,,,,0
42619322-0a98-4494-9d8d-bccaa674ad07,,,,,0
426bfed0-77df-4ccb-a210-a5e01fdfbc35,,,,,0
4271bb4d-adc1-409a-b8bc-3eac2266ad9b,,,,,0
42765f9e-beea-4f46-8af4-f1282095662d,192.0,342.0,235.0,378.0,1
42765f9e-beea-4f46-8af4-f1282095662d,549.0,302.0,278.0,429.0,1
427e3b32-dda5-43a4-834a-19979f611b83,,,,,0
42857e2e-ab00-457d-961b-cdbceb8a988b,,,,,0
42900731-1044-4fca-9641-96c7dd02625c,322.0,359.0,191.0,349.0,1
42900731-1044-4fca-9641-96c7dd02625c,579.0,370.0,229.0,349.0,1
42948b45-7392-4cad-b4bd-047e60ce1854,,,,,0
42980064-dee5-4984-a807-e69f1c04c1bd,,,,,0
429aeaae-6b1d-4261-8795-18ae2bffaf7f,,,,,0
42a2589c-761a-41e0-b7a4-331214140b5d,,,,,0
42a6166a-2876-4821-a365-67d65f94ba90,,,,,0
42b2115f-9de9-47a4-805e-d3b7ce710674,,,,,0
42be7116-b6ec-484c-918f-997abe7007ee,,,,,0
42c5154e-192b-4b06-baab-ebecff1d2eed,599.0,201.0,231.0,437.0,1
42c5154e-192b-4b06-baab-ebecff1d2eed,308.0,209.0,181.0,431.0,1
42c8aa19-d123-4dbd-bee8-49ff9c924a7b,,,,,0
42cba7fc-9859-4032-8563-760d1782a3b8,,,,,0
42cc5dbb-b8c3-4eca-bb37-d74d56aace00,,,,,0
42e17478-6066-40e5-9855-6bfd45bff1bd,,,,,0
42e70b52-5f58-4106-be26-f49b4bcbc4d0,,,,,0
42e817c7-5443-488c-8412-8b2ce2911e93,,,,,0
42efc435-e497-4d86-b858-231682b2cad8,,,,,0
42f5e5df-738c-429c-a811-93f2486dad67,,,,,0
4303c59d-a29a-4788-80c3-3f1b3a7dec1c,,,,,0
4306c11d-d8b8-4494-a9a9-663d5dbaef8e,,,,,0
430ffc0e-bf9a-4c03-ba1f-21ece34daa83,,,,,0
4317ccf9-7a79-4ba2-b215-7a7a1d2a3677,,,,,0
43239708-0f20-410f-bd75-5c6d555bad79,,,,,0
432857b3-7580-497d-8bd3-4b31f88dbcae,,,,,0
433d7acf-f1ea-4d7a-a8de-c36168a111fd,,,,,0
4340215b-adba-42f5-b23b-3b3fdc3cc168,,,,,0
43450dc4-b305-41fd-98b0-0fca3c3a407c,,,,,0
43471655-e6fa-4a8d-bf0a-45ee62343d07,,,,,0
4348b866-bf8c-4df4-9e90-c99e7d9ae9f8,,,,,0
435655ed-87ce-4814-80e8-95cceec2abf0,,,,,0
43572dbd-37c4-4b36-917e-eb36b84f1344,,,,,0
43605721-d0e0-4d58-b212-b05a295b21be,565.0,338.0,290.0,332.0,1
43643628-431e-41f9-8211-ff8cc66827ce,,,,,0
436bd184-55e5-421e-8e9a-5ae66d0e5e24,,,,,0
4388adcf-881c-4b32-8837-c8c472fe86cf,,,,,0
43b52b07-3647-4f6b-86bf-ca1e37ff3ea4,,,,,0
43b5b25a-9edd-4c8a-9ccd-916e81a89bb0,,,,,0
43c06c05-de9f-42d6-9823-d0fb9c02686f,,,,,0
43c93bad-8332-4df5-ba24-97638e7b422e,,,,,0
43ce2bad-194b-4dab-ad49-c38e6d2943b5,,,,,0
43d6213c-6a48-40f1-8021-dfbc48cdda7c,,,,,0
43e034fb-4f9c-4c7e-ae46-abfee29fbc22,,,,,0
43e19bb7-aa6f-4cf4-a7d1-6188e5bbadea,,,,,0
43f542f2-2bec-4c68-b7af-22bbce13e7b3,,,,,0
43f5cb7f-77fb-4d26-b55a-46a98422e35e,,,,,0
43f84778-782f-4535-82e6-3130bd716ad5,,,,,0
43fe8d49-f87f-4fbe-8e6b-d715ac8905db,,,,,0
43ff4e14-8ec1-427d-b0e7-ad0090e106e0,,,,,0
43ffcb41-05ab-4a34-b358-aaaf428eb7d8,,,,,0
441b1f5e-3262-4afa-a38c-fb62a96043ca,,,,,0
443a9c62-1b0b-40fb-bdbc-8913449b3980,,,,,0
4440b14b-6ae7-400c-acc2-4268f8a8dae9,,,,,0
44440035-fc88-44aa-b760-59b7d3e508bb,,,,,0
44476603-8ea4-4a46-83a5-a4bc90649282,,,,,0
44532bc2-3b6b-4d5a-98a5-b250f5c98268,,,,,0
4453b294-ce95-488a-a184-acf8bc81e72c,,,,,0
4455076a-577d-4531-afed-17f91bca0ffc,178.0,460.0,139.0,328.0,1
4461fe8f-936b-429a-828c-1c5dcaff6984,,,,,0
4462d405-201b-4d61-868f-6cc8415947f7,,,,,0
4468241d-75a2-4b1e-8a30-eb4e9e604582,,,,,0
446ed45f-a926-45ab-a93e-3e047c2c7440,513.0,296.0,165.0,319.0,1
446ed45f-a926-45ab-a93e-3e047c2c7440,250.0,320.0,176.0,256.0,1
4474c611-e91a-4aa2-8993-69ad51c2e332,,,,,0
4479d4df-67aa-4ff3-a4c2-f0d905491d19,,,,,0
447bd1c4-c2d6-4b46-8fc5-6eb2e5bbb8dd,,,,,0
44807d59-cd8d-480f-9562-6cca6205ee94,,,,,0
4480d350-321f-47c8-bcee-b713bb0cc5f6,,,,,0
44864d9d-4b5e-4821-adae-d6a8ba2c6c20,,,,,0
44924445-e169-455f-88a8-ed8af7c884b0,,,,,0
449c2ba1-7948-4039-8b60-2511194b7426,,,,,0
44a70c12-415c-425b-b215-9ae31db80b12,,,,,0
44b2c703-136a-4e7f-936e-5b9bde44251e,716.0,359.0,107.0,227.0,1
44b41261-e4ee-4bb1-9ca7-a70b8b15504f,,,,,0
44b62adf-2f05-4c3d-9bde-ec2994668c3f,633.0,481.0,304.0,337.0,1
44b62adf-2f05-4c3d-9bde-ec2994668c3f,226.0,479.0,195.0,367.0,1
44beb97d-0bc7-46a7-a137-856210b82344,,,,,0
44c04e16-3ebf-4f89-ba55-1ce829f7112f,,,,,0
44c1c539-06ac-4c1f-aab0-73bea4afd290,,,,,0
44c3f553-5e5d-4a75-852b-2f8b8315270e,614.0,258.0,274.0,424.0,1
44c3f553-5e5d-4a75-852b-2f8b8315270e,261.0,222.0,249.0,491.0,1
44c69cd0-67dc-4ea9-80b8-f77e61c673c4,,,,,0
44c8b746-13a7-4245-a82a-b61d8b5ba562,,,,,0
44d49258-04cd-4169-9b07-773d4eef8aec,,,,,0
44db1d69-388e-4268-849e-852c1f092a01,592.0,398.0,179.0,259.0,1
44de9539-8222-4e4e-b7e7-0f8571844731,,,,,0
44def0ee-7e27-412e-bc8b-64ceaea4679e,,,,,0
44e522b9-75eb-4841-9815-74be128e56f2,,,,,0
44e8dcb4-99be-4173-b406-12d12a53a030,239.0,474.0,178.0,148.0,1
44ed08c6-067f-4716-83c7-aa77b64ad091,,,,,0
44fb08f1-0718-4dbf-b42e-b44fd500ebd5,,,,,0
4502cb00-d109-4f83-93fd-fbff2b69d275,,,,,0
45149eff-20a5-48d2-b544-b159bd153043,,,,,0
452a76e3-b825-4dd4-afaa-f2d0e2fd530f,,,,,0
45300d8a-45dc-4afc-8fcf-8421d239355c,,,,,0
453a9434-2ca7-4a28-b6f3-833b994e6e73,636.0,415.0,227.0,213.0,1
453a9434-2ca7-4a28-b6f3-833b994e6e73,272.0,386.0,276.0,267.0,1
4550d3be-f153-4c56-9b81-8407f922785a,,,,,0
455c76de-482c-47d4-b15c-61da2640f4e0,,,,,0
45621540-ab38-4c90-9cfd-f092a802effe,,,,,0
45652e61-bfd3-4057-b5eb-895cd4e2899a,,,,,0
4566ef68-f103-40b7-bbd2-f5e620191c0d,,,,,0
456df612-bc48-437d-a247-10a82d93e86e,,,,,0
456f096c-2dc5-4ece-8023-9932c716650c,,,,,0
4571ec5d-33a3-4a1e-8473-3b6f423198c9,,,,,0
457e1b0b-89f5-4f7f-b752-fd8420414b97,199.0,178.0,186.0,143.0,1
457e1b0b-89f5-4f7f-b752-fd8420414b97,261.0,373.0,208.0,211.0,1
4586263a-a2e0-4484-ac01-968b45a3b897,187.0,142.0,273.0,468.0,1
4586263a-a2e0-4484-ac01-968b45a3b897,615.0,215.0,182.0,529.0,1
458c6251-34a1-43f1-9035-1dfa11664cd8,,,,,0
4592c69a-cc56-4baf-9594-f706290e51b0,,,,,0
459dec9a-7d3b-40a3-a6ec-5b50f84529c6,,,,,0
45a1e0ab-3eb3-4587-b679-2b2310635804,185.0,164.0,256.0,270.0,1
45a87caa-d874-4925-8b39-dd56a56ced20,,,,,0
45aae41e-dff2-4997-a14d-169ee793ae27,,,,,0
45aea8c6-d678-49d2-bdce-229f039468d8,,,,,0
45b2e43d-248d-4834-aa2f-030fbdca3e3d,,,,,0
45b4a690-d6a0-400b-bd1e-80ce669bc5c4,,,,,0
45cfd6b0-6dda-4193-8035-1cfc7826dcc7,,,,,0
45d15998-f751-4985-9d18-23be09274cf6,,,,,0
45d3b893-1825-467b-bed4-b949cc203979,,,,,0
45d855aa-f1d7-449d-9d10-ed8999f4ad09,,,,,0
45e249f3-bcfb-4a4a-af37-8252b32e8f8f,,,,,0
45ebc3a3-ab24-48c1-bc76-ced6a7f8e081,,,,,0
45eecdb1-b5d2-48e8-aed2-c24dd02f803b,,,,,0
45efba63-8fe8-4f5f-9adb-6d2eca3f12f5,748.0,297.0,237.0,400.0,1
45f51ef1-9ee9-42c7-abc0-45669cdc86ca,,,,,0
45f8b38c-130a-4f00-9553-0837279af932,,,,,0
45fbaca3-7b67-4e9a-bc9b-a960abc26e1a,,,,,0
46026bf0-0b28-4cac-be7c-bf4f7f3d7b34,,,,,0
46080bfe-5559-4f5a-abed-29e6521639de,,,,,0
460cf81c-1256-4ff0-831d-1e345880f4e5,,,,,0
461315f1-e601-45cd-8350-7952ff4833ef,,,,,0
462ccf28-7555-44f0-8d76-176de69d4c06,,,,,0
4637f5df-19c7-406d-829a-aafa747821ec,326.0,626.0,164.0,327.0,1
46415718-bc53-4a87-81d6-572736870e34,,,,,0
4642d131-ec7b-4c67-91ef-8fd257590283,,,,,0
46436b73-5843-4a99-84b1-f1c6946afad6,,,,,0
46480de3-b915-4868-bd15-1e2c728b540b,,,,,0
464d7389-cbe4-46df-a2fe-b5c9bfca664e,564.0,206.0,261.0,451.0,1
464d7389-cbe4-46df-a2fe-b5c9bfca664e,237.0,178.0,231.0,396.0,1
464e8a94-0055-4976-bfb3-60825697b4cc,,,,,0
4653fa74-8e66-486e-9218-280499b160c7,,,,,0
4654ecc9-5323-4e1a-8a41-78ae7d3a241f,,,,,0
4657c28d-54c0-480f-83dc-c4562cef7d88,,,,,0
46589ee8-5fe8-4b85-91bb-b5e99bdc8cc3,,,,,0
4668a90c-d352-47d0-a3ac-a54aa8ce053b,523.0,269.0,207.0,222.0,1
4668a90c-d352-47d0-a3ac-a54aa8ce053b,134.0,272.0,193.0,200.0,1
4668a90c-d352-47d0-a3ac-a54aa8ce053b,162.0,611.0,230.0,235.0,1
466b8d12-5083-403f-a8c3-1d437e3e305c,,,,,0
4677062f-9e7d-4fa3-a55d-7a5d7c315c5b,,,,,0
468feb51-e690-4ba0-967d-62dec940b671,,,,,0
4698e391-5722-4947-a6f7-ff1fce632746,,,,,0
4699eae3-390a-4a76-9be0-7646d1a36425,249.0,455.0,225.0,108.0,1
4699eae3-390a-4a76-9be0-7646d1a36425,778.0,420.0,93.0,173.0,1
469ee828-7b1a-436b-accb-f928582d1330,193.0,327.0,272.0,410.0,1
469ee828-7b1a-436b-accb-f928582d1330,647.0,445.0,239.0,267.0,1
46b722a7-d085-4618-8cec-a6b56ebb0520,,,,,0
46b8d5d7-ecc9-4403-8460-ba35f8094a67,,,,,0
46b94836-225e-4959-9a7d-03ffb0dcfa4e,,,,,0
46bc642f-c3ee-49e0-8004-767970218efe,,,,,0
46bcb6ad-cde7-4d5d-8bf7-4fd34d2218f4,,,,,0
46c0c47b-2ca4-4347-a613-9660075eb0c9,,,,,0
46c48199-1dcc-469c-ba56-f7a741dbfc50,556.0,244.0,245.0,422.0,1
46c48199-1dcc-469c-ba56-f7a741dbfc50,237.0,180.0,216.0,416.0,1
46c4f908-9292-437f-af42-4031fca621f2,,,,,0
46c629c3-b58e-4b25-bedc-c8aabd9b5ad1,110.0,454.0,131.0,137.0,1
46c87cda-be22-44aa-9154-549a43ed26cf,,,,,0
46d39cb8-d15e-4d00-8c38-63bda0e28a9f,,,,,0
46da5af2-a757-4670-90cb-5cc59c1e6d87,249.0,450.0,173.0,142.0,1
46dca0c8-03bd-41c9-80b8-68fddfdd7116,,,,,0
46e03a36-7c4a-4c20-a0b9-612e1469998d,,,,,0
46e2061d-5941-4bc4-88f3-08a254aec4ce,,,,,0
46e2e0d2-a90e-43b3-82d4-885fd58c55ac,,,,,0
46e4fa94-81e9-4fa0-9a7c-cb8123b4ab61,,,,,0
46e5e19b-ef7b-4b93-bae5-e95a1bc1cd91,,,,,0
46f29f87-46bc-4d72-bc3e-56c6936abece,,,,,0
46f65b5b-877e-45fd-9691-8d1e69a49523,,,,,0
46f9279c-ce93-4ad3-ac51-de9f6bbadeb9,,,,,0
47024a50-f21e-4ea0-b036-e32c29bf5c5c,,,,,0
4703da4b-5d0c-416a-9ebe-39d1776bf593,594.0,346.0,253.0,469.0,1
4703da4b-5d0c-416a-9ebe-39d1776bf593,305.0,353.0,187.0,384.0,1
4710ce2f-0b3a-4477-b388-a6e3bcd9312a,,,,,0
47167140-49c9-4f83-b630-f0fe4f53a935,,,,,0
471b74c7-0413-40e4-b683-d552d8c10e1b,,,,,0
472d62fe-7182-4496-b8bd-211ee7089683,,,,,0
472dac2e-aba2-4119-b9f7-37939e23e0b1,194.0,461.0,286.0,276.0,1
472e22e0-2136-4c1a-8d05-e169c696f948,,,,,0
47335c95-e088-4cd8-9dee-60216fd8e185,,,,,0
4736f2b8-2834-467c-a8a4-49fbd25a18af,237.0,168.0,210.0,441.0,1
4736f2b8-2834-467c-a8a4-49fbd25a18af,532.0,217.0,220.0,458.0,1
473cc35e-bf1d-4253-891e-5fab620cb47b,240.0,384.0,273.0,319.0,1
473cc35e-bf1d-4253-891e-5fab620cb47b,615.0,422.0,263.0,372.0,1
474796e8-4c5f-41c7-b627-4cfd98ed0f6b,,,,,0
474d1df2-4567-4b12-ac6f-3f6693f53fc1,,,,,0
4754adf8-4003-4bc5-840a-511b885b0a62,,,,,0
47566189-d996-49b4-bec9-1eab390d1649,,,,,0
4756b636-cf04-4c62-b53b-e4a045645269,,,,,0
4769fa12-e694-48ce-ad4e-0628e5dd75f0,,,,,0
476d698b-427c-4a90-acc4-be23858ebc0c,,,,,0
476fd67f-33e0-47e7-b7d2-5f6e2afe4662,,,,,0
47723f90-3a86-49f2-8343-81ddc856ee45,,,,,0
477851ad-a9cf-467b-8404-3afb2a1a4636,,,,,0
479740fb-dbcb-4cfd-9923-d913607dbbdf,,,,,0
47b3d0b7-4d58-4b7a-b5e7-eb9a37ef7d0f,,,,,0
47ba62c3-9228-4351-8d67-adffe4a39e49,,,,,0
47bb2ad1-6ee1-4bd2-858e-ade3df967177,542.0,457.0,191.0,187.0,1
47bc2d1c-615a-44b3-9164-ed70c06baed9,,,,,0
47be0a9e-b6f7-4104-ab24-f3671287aead,,,,,0
47ccc0d0-ad6a-43f1-a0dd-64675a74a271,,,,,0
47ce4b34-bd60-4b9d-a1a2-ee71f6305bc8,,,,,0
47d10903-9dff-4684-a05e-95ae4c6b8ba3,,,,,0
47d56dc3-c4b0-4bd0-bab7-d39549cc46a0,,,,,0
47ea6a1c-63ce-4785-b103-f4fe7c3f754a,,,,,0
47ec1b70-a18d-4c98-a313-4999a4059742,315.0,391.0,283.0,383.0,1
47ec1b70-a18d-4c98-a313-4999a4059742,685.0,381.0,312.0,393.0,1
47ec2841-0ef0-4fa0-8678-732fb8d23db6,104.0,296.0,262.0,346.0,1
47ec2841-0ef0-4fa0-8678-732fb8d23db6,417.0,269.0,291.0,386.0,1
47ecc19e-89a5-4368-8e52-7c341c8a333a,,,,,0
47ef2398-3565-4964-905b-3cd2973f7c02,,,,,0
47f2c736-72d5-4897-b0c7-7119f0fd88c7,216.0,225.0,307.0,571.0,1
47f2c736-72d5-4897-b0c7-7119f0fd88c7,616.0,210.0,274.0,603.0,1
47fbefac-6c3a-4433-83d1-90585ed76bb1,,,,,0
47feb96d-3122-4c3f-afdc-ae81770803ac,,,,,0
4807dd0f-87ed-4621-bfb4-50aed4b77e71,,,,,0
480fff32-f6b5-4e2a-b650-57a7db5a41a1,,,,,0
4815cce8-5790-4c0d-9b3e-54a51a14de68,,,,,0
481ff753-4106-405c-962e-a3f1c1e3bc37,,,,,0
482892b3-63bf-44f3-bd81-8079889f7b4f,,,,,0
48349099-36a7-4377-b280-19312e581699,,,,,0
4840410d-437a-4340-86b8-4571051d30b8,214.0,365.0,211.0,244.0,1
484ebbaf-cdbe-4b08-ae85-c81ec72ff884,,,,,0
486777ec-9e13-4bc8-b578-f7d48c098c6b,,,,,0
4868f9aa-626d-45a6-a63d-29dfc5197535,,,,,0
486c3a4e-e899-44ef-b89e-f5f808177b91,630.0,318.0,188.0,480.0,1
48752e23-c274-42b6-b5be-321e8c572bda,,,,,0
48a44f52-7fb3-4384-a76b-f6170b03a357,,,,,0
48b519ae-d438-482c-8d31-f1a91055e8e1,,,,,0
48ce306f-3dac-485f-a2bf-02865af43ff2,,,,,0
48cf8448-b57b-4e7d-9226-fccf2dfa8364,,,,,0
48d69fc7-2bee-4068-a9af-59bd69a89714,,,,,0
48dce60a-bf05-48db-b89c-bb075a4ad909,,,,,0
48ec3f92-0ffb-4501-b389-86c9084134c0,,,,,0
48ee747e-6d3b-4fbc-a9d7-f438600ba6de,,,,,0
48f1d1e6-2393-4fa2-ad4c-25e54f084808,,,,,0
48f302f9-b35e-42fa-9298-2563a0d9beb5,,,,,0
48f71d7f-72ea-4993-a9df-11e808508db4,,,,,0
48fe3b45-4f82-42ef-8175-5e2eb1384cf3,,,,,0
490bfbde-9177-4544-bc0b-f5b33d3f6bb5,,,,,0
490e20d5-2401-4884-90c2-707ea9cffc36,,,,,0
490ea083-4a8f-4726-863f-5767f4bc489e,,,,,0
490fba93-3449-45f7-abe4-49a948b00fd2,,,,,0
491c34d7-3a83-4a66-9706-7cdca0df644d,,,,,0
49290f12-f460-4672-b38e-f059d2ebab14,,,,,0
492b37bd-b835-4096-a23a-b7ce37fa4a9e,588.0,248.0,180.0,310.0,1
49352d49-2cc5-416e-a821-fd146f774474,,,,,0
4936f212-84a2-41b0-8781-8652763f3cec,,,,,0
49515fc9-dc45-41dc-b194-bc623b0dff85,,,,,0
495d9a19-0d60-408b-b1b4-f5f17944fae2,,,,,0
49678901-b2d5-4516-8b44-ff230809f781,558.0,290.0,239.0,573.0,1
49678901-b2d5-4516-8b44-ff230809f781,223.0,321.0,225.0,527.0,1
496c3846-2139-4cf7-bcec-5dca1d60fed1,,,,,0
496eb4bf-5c74-45a4-8a4f-642b350e4cb9,,,,,0
497c6936-eabe-436c-9def-6a4d129b12d3,183.0,275.0,248.0,332.0,1
497eff38-4ade-4b6d-a140-a5187a07f9fa,,,,,0
4982e734-a945-45fe-ab58-99b8e3241c6b,,,,,0
4999ef1e-b2b5-4ac1-85ad-c082281c0cbe,,,,,0
499b0c85-952d-42e5-86b7-8f2345098f2c,,,,,0
49a8bad1-f6db-456d-bc8f-74f70557d9bb,,,,,0
49b2fb17-b12c-4e5a-8c4a-02449027c42b,227.0,412.0,198.0,346.0,1
49b2fb17-b12c-4e5a-8c4a-02449027c42b,511.0,425.0,282.0,343.0,1
49b4c195-df32-427a-ac69-b13d798b634b,,,,,0
49b95513-daab-49bb-bc6e-c5254ab1bc07,314.0,161.0,191.0,432.0,1
49b95513-daab-49bb-bc6e-c5254ab1bc07,599.0,202.0,216.0,537.0,1
49b96a4d-7bfb-49f2-a31f-932371038652,223.0,258.0,234.0,338.0,1
49b96a4d-7bfb-49f2-a31f-932371038652,542.0,297.0,228.0,306.0,1
49bcf366-c1e3-4185-9626-b70108ec0562,,,,,0
49bd59e3-1535-4995-9965-1cf3a8e8ec5b,,,,,0
49bf4f5b-752e-4e5e-abb4-46bde82bf413,,,,,0
49c3d5e2-cc76-47c7-a5c0-f444b54dee53,,,,,0
49c63467-daca-4a6f-878e-169e4914694c,,,,,0
49cda5b8-d41d-4b34-b25b-b92520b65ea5,,,,,0
49d021c0-a95f-4f09-a776-d6a60308e512,,,,,0
49d8dd77-80dd-424b-af63-cb4a2d87a4c5,,,,,0
49dcbed5-1a06-477c-ae64-46b6391d7774,,,,,0
49e3b070-5e67-4e18-8fd5-0535eaf500c8,,,,,0
49ee0424-95fb-45a6-bc76-f24d06db7ac5,,,,,0
49f52a4f-201d-41dd-9037-e2be83f82c20,,,,,0
49f711da-4bb0-4309-aeac-d18fbfa83f98,,,,,0
49f8b627-9a06-4606-af75-a12efa65daf0,,,,,0
49faf39c-841b-4131-a531-ca3c84590867,,,,,0
4a04f5c7-2e72-45d1-8773-495c38e00355,,,,,0
4a0ac288-abcc-4e82-9080-c8d921cc35c5,,,,,0
4a0de7be-7db0-4742-8a6d-ea17656ad3bf,,,,,0
4a2abe71-8cd4-4d57-978d-2da7d67bd80d,,,,,0
4a2bcce2-c9f0-4990-95b3-58ad1aa0269b,,,,,0
4a2fc972-fdde-4f8f-b3d2-2895bdc75432,,,,,0
4a2fec02-fe01-42cc-a1fb-a1588b147f60,633.0,243.0,248.0,458.0,1
4a2fec02-fe01-42cc-a1fb-a1588b147f60,267.0,182.0,226.0,472.0,1
4a39e459-50fd-410c-a418-a0d5197158c0,,,,,0
4a4018ed-05a5-4d91-82d6-b50c9cf71da9,,,,,0
4a46ea95-0a1d-4f8e-8107-7a7ed421c2ad,,,,,0
4a4a1f48-9499-49b0-b04e-bf5adb0182e5,,,,,0
4a4b91e3-fa61-4906-85cf-bcf427dc5cd0,,,,,0
4a53ac3d-7277-4400-9e6b-55e83fe6d54f,,,,,0
4a5deb57-6fde-4a22-a184-74bf66b59dae,,,,,0
4a5fcab5-97ee-4564-84e5-298732754466,,,,,0
4a63e531-4a33-4951-bfa0-77e213844e55,,,,,0
4a699c93-97ed-4b6e-b36b-e58088eb24e4,295.0,321.0,176.0,269.0,1
4a699c93-97ed-4b6e-b36b-e58088eb24e4,592.0,330.0,166.0,278.0,1
4a6bcf76-1a0b-4d70-953a-791c5425df2f,,,,,0
4a6f5410-4668-4cf8-9628-5b09dd40c527,,,,,0
4a7c218d-1374-4f0e-9c6a-97599dcfbdc3,,,,,0
4a7fc2e0-6f61-45d5-b61f-74f4ea4c270f,,,,,0
4a8d9d7e-0723-4267-af11-5efdc877aead,,,,,0
4a8ed914-72b4-4b01-89a3-b59d345f0d3e,,,,,0
4ab138eb-722e-49b2-b4ce-91bb364eed7a,,,,,0
4ab9cc55-0553-4268-8172-a44fad76b97e,,,,,0
4aba293d-7a65-41a8-b6c9-d63ffc8a1a14,,,,,0
4ad20b5b-f59f-4168-b010-e9ca581afd62,,,,,0
4adac412-738d-4b9c-be5c-200d616d0d59,180.0,253.0,273.0,496.0,1
4ae9f2c9-fb5a-486d-b080-26f2036a1218,,,,,0
4af6cc2b-a2d6-42d2-9fa0-62e759d140ec,,,,,0
4afd96ad-d8f0-46ce-b4ea-13108b5e0e93,,,,,0
4affc9f8-39a1-4c8e-925d-890658b67021,,,,,0
4b04ae4f-7d4d-44ea-aec7-5d8e673e8ce5,,,,,0
4b0cbffb-4974-411f-ae98-553830c360f0,147.0,535.0,137.0,210.0,1
4b0cbffb-4974-411f-ae98-553830c360f0,610.0,432.0,267.0,370.0,1
4b0f3bf3-fa7c-4e6d-9ef9-2d65f485021c,,,,,0
4b1a60c2-40e4-4cc5-9fb2-d0a3e4fe8a4f,,,,,0
4b1d3e29-2e48-45b6-974d-a8c7dc5f37e1,,,,,0
4b318dd6-201d-4cd0-8061-9481c18d7b6c,,,,,0
4b345caf-5a04-4dfb-a40c-a27e48071f9c,,,,,0
4b394bf3-9620-45c6-81e6-0b7cb44f610a,,,,,0
4b3ad8a6-b188-4455-817e-8c9fb7429ec5,,,,,0
4b3eb3a0-bb4a-4746-b4a4-62eb002849f7,,,,,0
4b46098e-ea85-41de-9534-0a645ec9b121,,,,,0
4b482568-3c90-4abd-b5d7-421abdc24bfc,,,,,0
4b4a00e4-d45f-45b6-b013-2541ef77f7ef,,,,,0
4b4dc3cd-331b-4318-8bee-e1506fbf9513,,,,,0
4b575da0-a26a-4d17-873e-f733cf70a03e,,,,,0
4b597014-8d0b-41b1-bc33-e292b41e6e2c,,,,,0
4b5d56cf-bcd2-444f-a595-1971a60bab88,,,,,0
4b5f7134-57e1-4469-b6f4-ab7840b33e05,,,,,0
4b67f21e-1016-40ca-a98a-a055b1aa6076,,,,,0
4b683e1c-daf2-4d2d-a3b2-48fbfba80601,,,,,0
4b6a04d2-02f9-414d-8978-b7159aec4223,,,,,0
4b6f8c4f-f093-4b85-a22f-4e5da0be7eeb,476.0,139.0,377.0,622.0,1
4b6f8c4f-f093-4b85-a22f-4e5da0be7eeb,108.0,163.0,340.0,612.0,1
4b77eebc-e936-4aa7-b757-dcee78710a01,,,,,0
4b7d10d8-97b4-4d5b-9a74-01c7c8a13b10,610.0,164.0,262.0,320.0,1
4b7d10d8-97b4-4d5b-9a74-01c7c8a13b10,337.0,167.0,207.0,354.0,1
4b808df6-3fd6-49e3-a0e4-2b31d9821ce8,,,,,0
4b8177c9-4436-419a-a044-6a1db71a8dec,,,,,0
4b831076-3931-46db-ac95-0e11df232af8,,,,,0
4b8b9a8e-c100-46ad-9a21-5699b33656bf,133.0,149.0,291.0,460.0,1
4b8b9a8e-c100-46ad-9a21-5699b33656bf,546.0,163.0,335.0,520.0,1
4b8fa5cb-16c1-40e2-8ed4-cd6a40e24049,,,,,0
4b912423-ef5e-45c9-90a3-b04fc7977653,,,,,0
4b92f925-74f7-4941-94d7-0883aebab46a,,,,,0
4b9312ba-a550-49b6-b460-4c32dc8f7ceb,,,,,0
4b948dc1-39e8-4753-9ff8-11880f868b86,,,,,0
4b9908cd-9433-431c-9626-7e7590ff5978,240.0,411.0,149.0,254.0,1
4b9908cd-9433-431c-9626-7e7590ff5978,596.0,403.0,256.0,327.0,1
4b99e3a5-a6c0-46b3-b59a-10c4df80d2b5,,,,,0
4b9d409a-77c1-42a8-8594-3a20a875f28e,,,,,0
4ba09dcd-acd3-4ef2-9b27-7cfce5adf04e,,,,,0
4baafcc1-54df-4628-9a60-70cc1c941701,,,,,0
4bb260cc-acf9-4392-8091-6affb568b589,,,,,0
4bb59996-a064-487d-a51b-09ebcf4a27ca,,,,,0
4bc1e1af-0526-4e07-8418-d7072880e19b,,,,,0
4bce4634-cc05-4fcd-b45d-2c05f3f620b4,,,,,0
4bd616cb-33e7-4570-8e55-ccca2391c59a,,,,,0
4bf439fc-d575-4f80-9ec3-35c38d330454,,,,,0
4bfc4e8c-ee7b-4997-bcdd-e0734cba30b9,229.0,393.0,259.0,401.0,1
4bfc4e8c-ee7b-4997-bcdd-e0734cba30b9,644.0,431.0,257.0,410.0,1
4bffacc2-e2b5-41b8-a5c3-804b8466bb47,274.0,296.0,211.0,292.0,1
4c05690d-628a-4ac5-8a41-6ee4e97a2663,,,,,0
4c0f55b1-26d8-4313-82e9-660b87cd724d,,,,,0
4c15ddb3-d655-428e-b05c-b48e2fc3aa5c,,,,,0
4c19f97b-5967-4ba3-92f7-980aed7e5a1a,,,,,0
4c1d496c-1766-4324-b551-0126fd1b07f1,,,,,0
4c26fceb-f1e4-45d3-be43-3141b8cdf614,,,,,0
4c2a3eec-38e9-459a-980c-545d0c50f7bf,547.0,281.0,255.0,484.0,1
4c2a3eec-38e9-459a-980c-545d0c50f7bf,218.0,281.0,211.0,453.0,1
4c445a68-b7af-455c-b8f0-a94a4cc6eb13,,,,,0
4c44b610-c15c-4b01-86a4-8559ade144e5,,,,,0
4c645f41-0960-4544-9ec5-706d70db8c54,217.0,257.0,222.0,374.0,1
4c645f41-0960-4544-9ec5-706d70db8c54,543.0,283.0,268.0,420.0,1
4c69056d-3f72-4730-ad37-b76d2817ef86,,,,,0
4c75d5dd-63d8-4678-9f22-61340ca246db,247.0,346.0,215.0,383.0,1
4c75d5dd-63d8-4678-9f22-61340ca246db,564.0,346.0,239.0,416.0,1
4c75f230-f5c5-4ea6-9431-6b592d665aaf,,,,,0
4c7afe96-9f99-496f-a4c4-d27a3d76a767,,,,,0
4c7eab2f-6d71-4c7b-ac12-9f476038f524,,,,,0
4c7f9f64-d3cf-4005-b38f-ef6703039960,,,,,0
4c7fc3dd-9dda-4ee5-85e5-9b6136e1ce64,60.0,445.0,300.0,388.0,1
4c8048cf-7997-4d0c-962b-2f85396449f7,,,,,0
4c832db7-85f5-453e-bdbf-f1978eb78a4f,,,,,0
4c98dd6b-c37c-4a89-8da0-ac167cd325ca,,,,,0
4ca369d7-eb3e-4713-b856-a5eabdbdf5db,,,,,0
4cad0cd3-8018-4999-91ad-6b9b03a681a7,,,,,0
4cb1dcdd-dbd9-49e2-bdee-94c017d76e2b,,,,,0
4cbab323-9aa3-49cd-97c7-5fbae3e53a66,,,,,0
4cbf9e2c-47cb-4fba-bf9a-5c982fa0c5c2,,,,,0
4cc9c4ad-ad87-4b32-8047-c2e375a2e820,,,,,0
4cd5215c-acf1-4ee9-8790-b9500b3ef404,,,,,0
4cdde362-4086-4e59-bb96-c0f38b20568c,252.0,257.0,262.0,445.0,1
4cdde362-4086-4e59-bb96-c0f38b20568c,653.0,281.0,241.0,463.0,1
4ce814aa-8366-4707-b17d-a2ecc503c4a8,,,,,0
4cf194e3-ecb0-4c5e-b2e2-fe2af5469937,,,,,0
4cf82164-6678-4864-bbc4-5a93419424f7,,,,,0
4cfb1452-b5dd-4b81-a890-8af9d3788de7,,,,,0
4cfb8ed7-060c-4e5b-be9a-86de152273a2,,,,,0
4d375ca5-64c8-45bc-a019-764c042a3598,,,,,0
4d3c371d-d596-408f-9cb9-ffcce6fe50e2,,,,,0
4d3c3af5-d797-41b1-b05a-23468edd050a,,,,,0
4d471a9a-1dee-4166-a13c-2fb4d01f3d9b,,,,,0
4d476ccd-5814-45a6-85f2-e419c9881065,,,,,0
4d4d094c-5e86-4815-95a5-315b732710d7,,,,,0
4d51f075-7f8c-4acb-be11-4145d3ce626a,,,,,0
4d571831-5585-4025-a80f-b7762a570646,,,,,0
4d5bf1c7-fd16-4791-a5a2-cc2175030d94,,,,,0
4d5ca402-e14a-4b6c-86cd-d25512b31047,604.0,311.0,192.0,181.0,1
4d6b6aa7-c1c8-47bb-ad81-7bc92fdbbceb,,,,,0
4d6e7a87-c86a-499d-a383-911aee689f75,,,,,0
4d6f4e36-f9d7-40e1-b1c9-004d217b8019,,,,,0
4da17eb1-8ce3-47a7-8082-05df3e3e47ce,,,,,0
4da7bc0a-2c46-4029-8502-1577d527219f,,,,,0
4da8fe5d-6aa6-47f1-8541-5df517781123,,,,,0
4dac5e8e-a897-4ead-b6c8-78e65dafad3f,,,,,0
4db6ed26-1699-47fd-8dee-44b683213b10,,,,,0
4dbc2f6f-3d06-49b6-8a62-71880d8766b2,,,,,0
4dbc44ca-694a-4814-9a24-bc60c8d8d611,647.0,163.0,276.0,568.0,1
4dbc44ca-694a-4814-9a24-bc60c8d8d611,224.0,155.0,286.0,435.0,1
4dbe5075-9223-4289-92d4-0a4567e522c0,,,,,0
4dc96221-ca49-4d90-8630-c01d14578651,,,,,0
4dca2422-fef2-491f-a80f-9cc90838f178,,,,,0
4dcb986c-d32b-4acf-870b-342a42da7617,463.0,308.0,271.0,521.0,1
4dcb986c-d32b-4acf-870b-342a42da7617,166.0,302.0,249.0,491.0,1
4dd1b505-fd6b-41ef-9213-f55885463256,,,,,0
4dd31a3c-7825-4072-a457-dddc0f9cf3bc,,,,,0
4dd92d1d-f5dd-4163-a55f-6a6ef95aa6f0,,,,,0
4dda80b9-1f21-41aa-bbf0-84bd252cace3,,,,,0
4de1459a-541e-4449-bbbd-38f829c4d4f5,,,,,0
4de7f61d-0216-4103-8866-fbfd04ff4c44,,,,,0
4dea26ff-8b4b-4f0a-9902-abc62d62f2c1,,,,,0
4df0c53d-49b6-4181-85d3-a564d4ca57d1,,,,,0
4dfbc390-2a78-4a8a-a56c-d93838ce2c51,,,,,0
4e08a9b6-0670-4944-ad61-8c824920b6e7,245.0,290.0,217.0,408.0,1
4e08a9b6-0670-4944-ad61-8c824920b6e7,562.0,267.0,354.0,593.0,1
4e18d663-eea2-4b61-9adf-ee952b5c6859,,,,,0
4e197ee9-4fe6-4ba7-8505-32003a547f39,,,,,0
4e1d5eb9-b186-4511-b4d6-709b31ff9469,,,,,0
4e23f936-587e-43f8-8c09-ec902e080a52,,,,,0
4e3127db-cddc-4559-ab99-211baf0ec9e5,,,,,0
4e3168fc-fe0c-4bd2-bef9-ad5698d3c80b,,,,,0
4e337ede-1529-4d30-a213-40cb7e91e4cf,,,,,0
4e344db4-ca5e-4421-9677-2014a9ba8e42,,,,,0
4e4c8f09-6600-4198-bb73-cbb46a32f771,,,,,0
4e4fdb72-98c5-458d-808f-bb8e42466fdd,,,,,0
4e51da5a-c906-4be8-a1f5-ff90328c9687,,,,,0
4e60231e-3d1b-40b5-bbeb-d8b136cbad6c,,,,,0
4e6559b3-7e58-4344-8f63-d175e0807d4c,,,,,0
4e725ee0-8013-4b82-963c-c61d7f38a4b8,,,,,0
4e751df2-0ca5-44f5-b611-d2069b2eb22e,,,,,0
4e7c40ba-e4f4-41d0-b9fc-7e2cda586d89,,,,,0
4e90a086-288b-4926-a33d-5c3c876c3e06,,,,,0
4ea20c39-523c-47df-a386-e32ca90ebdb0,,,,,0
4eb3e763-d4cf-4dcf-a2c4-218b1dc8668a,,,,,0
4eb84e02-0e7b-4415-a513-e3dad4d3b1a1,,,,,0
4eba3343-c28e-4a04-b8b2-a705fb32426d,,,,,0
4ec146a3-3c1f-472f-ac31-5ec34e03385d,,,,,0
4ec56f3a-f4b0-4a4d-a3b9-fa78827b269e,,,,,0
4ed3a113-8f50-4871-8489-1e1a17a243ab,,,,,0
4edf6d79-0dc8-4b45-b40f-2bdd0665e115,198.0,301.0,231.0,375.0,1
4edf6d79-0dc8-4b45-b40f-2bdd0665e115,511.0,339.0,230.0,340.0,1
4ee60076-67b2-46f8-965e-29c167a30cd3,127.0,498.0,350.0,176.0,1
4ee60076-67b2-46f8-965e-29c167a30cd3,648.0,259.0,268.0,521.0,1
4eef70d7-6390-4ac7-8293-c1a98d24ce41,,,,,0
4ef488de-5a36-4a85-a7a8-7e264450e36e,,,,,0
4ef5b14e-e9d1-4434-acdf-4537f9a5e482,,,,,0
4ef91aee-b956-47d1-b5f7-d744cc3b7a41,,,,,0
4eff8749-55c8-4129-b2d4-fe35963037f2,,,,,0
4f065985-d53a-496f-809a-deb7b4253a7e,,,,,0
4f067b69-3b06-417d-b950-99bd8223b27d,,,,,0
4f0ee67b-d4c2-41e2-96eb-89fd7287844d,,,,,0
4f135ee9-60e0-4dc0-86e7-dd1782150a80,,,,,0
4f146c9c-d0f0-41ae-b9df-e0f7a7c75328,304.0,173.0,177.0,339.0,1
4f146c9c-d0f0-41ae-b9df-e0f7a7c75328,542.0,198.0,196.0,298.0,1
4f20081c-d7f6-4516-9a3a-8a52e64ea16e,,,,,0
4f204cb1-cc3e-44fa-921b-317f31b474f1,,,,,0
4f25ee23-6030-4da2-b262-755b2dbe0aad,,,,,0
4f2fc5ae-4c6c-4022-b012-6c809e78759e,264.0,286.0,259.0,432.0,1
4f2fc5ae-4c6c-4022-b012-6c809e78759e,561.0,214.0,305.0,475.0,1
4f36fdcd-1887-45b7-805f-2afffc3d10b3,,,,,0
4f3ceb29-12f8-40f4-9511-816fa21ca683,,,,,0
4f4289e7-3e09-4934-ab15-bd5c25546061,691.0,359.0,238.0,426.0,1
4f4289e7-3e09-4934-ab15-bd5c25546061,331.0,375.0,263.0,432.0,1
4f449d8d-8826-4e01-8ef8-06cfab11cad6,,,,,0
4f4b0a51-7b48-42b3-a616-444c5791849f,,,,,0
4f51a2b4-7d55-4789-a420-e657110ba494,,,,,0
4f561099-ebc5-4c7e-8e90-8a27785bd52c,,,,,0
4f569183-74ed-4031-bb6c-0e4892ba2a57,,,,,0
4f5c6604-e4b7-4bda-904c-cf88bbb54511,,,,,0
4f71fa14-67f7-4985-8f06-b8480416790f,,,,,0
4f775298-30a8-4204-83e7-e15880dc2d93,,,,,0
4f7c7705-738d-4ab2-818c-1fadc70c1fee,238.0,226.0,210.0,350.0,1
4f7c7705-738d-4ab2-818c-1fadc70c1fee,540.0,236.0,225.0,392.0,1
4f8808b6-a405-40bb-8d2a-bec9ad4e252e,,,,,0
4f891e4b-bb3b-46ec-98d2-ce7b6d3dd14f,,,,,0
4f8f7982-c649-4a70-aaea-5da9c9f9db2a,,,,,0
4f9a7303-4d5d-45fc-bcc4-d3f50f03464e,,,,,0
4facc369-ba39-4631-9e63-61ebb0d6ab3d,,,,,0
4fbb4099-64c8-482e-a99e-e48c1197878a,,,,,0
4fbc7a68-31a3-48fa-9318-39ccdc0cc75e,,,,,0
4fc32801-55fb-4b6a-9e1f-b61356d0c8ad,,,,,0
4fcf9fae-34c1-416b-bcf9-b974920fed65,,,,,0
4fd01523-eaf3-4003-aae2-92ed7f7fac45,,,,,0
4fd42d7c-d93f-4b3b-a157-18b77568cb27,,,,,0
4fd64d6d-20ef-4dab-ba56-3cef7362bfb9,,,,,0
4fdb5a1b-7bb8-4133-aa82-2c051b94bc2e,615.0,314.0,259.0,421.0,1
4fdb5a1b-7bb8-4133-aa82-2c051b94bc2e,240.0,269.0,216.0,377.0,1
4fde5c43-28d3-4f6f-afa2-ba572b7e11e7,,,,,0
4fde6f7a-bb1e-44bc-8f58-6a856e41002c,,,,,0
4fdf94b9-86bf-42fc-b084-d5deabb568fe,,,,,0
4fe05d94-9634-4e85-9de7-fe0499bb7e43,,,,,0
4ff25cf4-1e2c-43f5-8248-10bcaa307273,,,,,0
4ff5efa2-6d57-4fc7-ab29-2b2504d1aeba,,,,,0
4ff93b63-f90a-4b02-9075-d8b0b5ce6e4b,,,,,0
50023044-fc6e-4fbc-a83d-712b58f5e941,,,,,0
5006f783-56af-4ad9-a37b-c80bd789ddbd,,,,,0
5007426f-9db7-4456-8746-6dfc36eec411,,,,,0
500a067e-6a9f-486e-8ae6-41a079aaa239,,,,,0
5013133b-e0dc-4c38-9350-8fd512c09a97,,,,,0
50138c3d-d19e-4da9-a153-83baf13be90a,,,,,0
50195a06-aef1-4ae8-898a-a22ea358bcb0,,,,,0
501fdc2b-7390-486d-bb4d-976a462de9d1,,,,,0
50301a99-103a-4311-8a43-7a287c42be0f,,,,,0
503f7ddd-d9b7-495e-bf61-9ebd867607a4,,,,,0
504747c5-833b-4cf8-9335-0dd6271ea530,,,,,0
50485e1e-5074-4b31-bc8e-443cf0ebca2c,,,,,0
504ce437-0f1c-497e-a9b8-af0fc9ba08b2,,,,,0
50571327-a1ea-425d-8de4-aec08900a99d,,,,,0
505a5b16-5b8a-42d0-a693-52b20b46a2bf,,,,,0
505f2e1e-81fb-4351-be2e-d421a805bbb6,,,,,0
5065efd1-6ffd-4c35-9833-53f7885c3808,337.0,355.0,202.0,498.0,1
5065efd1-6ffd-4c35-9833-53f7885c3808,616.0,365.0,250.0,487.0,1
50691612-2d64-4d61-8d67-bba6836392ce,,,,,0
507cc285-c67c-43ab-90ca-94045ba99e14,,,,,0
507f46e9-5760-4ae2-bebd-b0afd82fdf0a,,,,,0
508151f7-ef0b-460d-bc96-b71308c2159e,,,,,0
50887d14-885f-4ac8-835a-1ef293e5f882,,,,,0
508a348d-4736-4902-91c0-4903b2b7d959,,,,,0
50908a8f-e286-4304-8d97-562654d734c4,,,,,0
50b72f46-6536-44c4-a040-7bff3df602f5,,,,,0
50bc9ee4-8a31-4a58-81ae-2bc960b50304,,,,,0
50cf5554-e277-4311-a793-d978bafce018,,,,,0
50d3ac2c-2a61-4f81-a4b2-80049dce0770,,,,,0
50d770ba-9213-4377-909e-2e26e985875b,,,,,0
50db214c-aeb4-4798-b35b-e821b7f6c7fd,,,,,0
50dcabc3-7ef6-4965-9a85-e15aa321c482,,,,,0
50e23909-1da4-4eb7-acc7-9424d47faae1,,,,,0
50e8f236-7d32-4580-ac38-71ebdc15d53d,,,,,0
50ebfca1-0200-4746-a180-8e374d9aff89,,,,,0
50ef3e9c-dea8-4767-8d2a-42c5b6e4c33a,,,,,0
50f59689-fcc2-400c-8d9f-2a57df5c56ea,,,,,0
50f9bbac-10ac-481f-a2b8-6fb1ff6b88cf,,,,,0
51053e12-3072-4f91-865b-922824a3f91b,,,,,0
510a6382-460d-4049-bfaa-1088296ee1ce,,,,,0
510e5114-b9fd-496b-bf21-2d679ca3a0c6,,,,,0
512a0183-2955-4ddc-8376-f07ac0eb6860,,,,,0
512cae37-d6e7-465d-a209-32f77d145af0,,,,,0
512d246f-2480-4820-810a-dfa2d188f9b6,,,,,0
5131f7cf-7fed-4e08-a38d-b6a610f9b311,,,,,0
51321c71-5485-4a6d-a6e0-7c2aa61fedb7,,,,,0
513d53bd-aa48-42ca-a181-4a7fd36b56de,,,,,0
513d5e43-2714-4f35-a4af-1947309a1933,,,,,0
514c61c6-7f67-4fda-a852-8ae6dc17faec,,,,,0
514d710f-123b-4fcc-b8e0-e1d389ff55c1,,,,,0
514fbabf-3986-421f-81dd-fa99d8040082,561.0,367.0,171.0,228.0,1
515ab870-a80e-47f1-bd51-05a6fc02cba0,605.0,177.0,222.0,475.0,1
515ab870-a80e-47f1-bd51-05a6fc02cba0,252.0,173.0,198.0,397.0,1
515d3601-b697-456d-b798-f28ddc87eabc,,,,,0
515f5bba-0fd3-4c02-9edc-8a7631e7047a,,,,,0
51697467-c3c1-4e6a-9977-2ebe3ca04533,,,,,0
516d4e13-5fd7-4e1c-88d1-80e9d86ec379,,,,,0
5170a7d4-a119-4471-9f3c-824756bf6644,,,,,0
518063cc-d0f4-44c1-9589-af6c046c6dcf,625.0,546.0,300.0,181.0,1
518c6313-7d9c-4b30-8100-38813a8095c0,,,,,0
51a24cb0-add6-4aba-b1e3-1500bcb47fad,,,,,0
51b327a3-2d2c-40b5-b601-3dc75ba3c314,,,,,0
51bd3238-9425-41ec-9919-79aa2b32e724,,,,,0
51c1d1a2-5cb8-4841-b51e-8ff988ca6c26,,,,,0
51c65a1d-72ff-41a5-be8a-954f896786ca,,,,,0
51cb5a9f-ef3f-440f-8c82-7c4abe5235fb,,,,,0
51cfb573-cbc6-40e5-ae8a-541adcd77003,,,,,0
51d3f4f7-3ce8-494f-9725-39057663f205,,,,,0
51d905bb-48ae-4d6a-a69d-5a2aea153f59,,,,,0
51da5ec9-42d2-4d2e-aeb2-be7104a367ba,,,,,0
51daa411-4fb0-42f0-aa15-46c332656c04,,,,,0
51db7c4f-198d-4ed0-9cb1-d267564c491a,,,,,0
51e7b3a0-60c7-4dc1-83d6-93eb441a93d2,,,,,0
51ec83b5-5fcd-4085-9cd6-f2d1d24210c2,,,,,0
51f43763-2c98-4809-853e-adf2eb9e80ba,,,,,0
51f4bcbb-43cd-459e-b731-8a35fb06e5dd,,,,,0
51f540ba-aad8-4e1f-bc8b-7373d3d23ee2,148.0,325.0,251.0,530.0,1
51f540ba-aad8-4e1f-bc8b-7373d3d23ee2,523.0,333.0,277.0,492.0,1
51f68c41-ad1f-4440-aaf2-b8d7440fbec0,,,,,0
51f72917-146c-435a-8bea-cf4d1896997e,,,,,0
51f85d4c-7d59-4657-86f4-96a24ebd1549,,,,,0
51fc4515-e145-4e05-ad32-feb6cfd2ec0b,,,,,0
51fc5fdd-49a7-4c8f-b9e4-41d3e61d75fd,,,,,0
52017ad1-0344-46e4-9b0a-47a5a38d7e71,,,,,0
522550aa-5585-4182-8623-7c35a9b03d35,,,,,0
522f994e-297f-4269-a931-71d098a083bf,,,,,0
524080ea-5ce1-45ea-812c-18990465a71a,,,,,0
52437d77-5a6c-4765-ae7b-a2383cac50aa,689.0,782.0,222.0,144.0,1
52437d77-5a6c-4765-ae7b-a2383cac50aa,206.0,625.0,193.0,149.0,1
524c77e0-c4d0-43fc-97a5-0b5992b1d8ed,,,,,0
525053c1-2415-45d6-a8c5-4b0de218fa29,,,,,0
52510771-8dac-4123-9d82-6a8df9ce0a50,590.0,143.0,266.0,356.0,1
5251194e-171e-4193-9b5d-ee5dc23d54da,,,,,0
52523b06-76b3-4a00-aab3-f27815a378c6,309.0,206.0,201.0,419.0,1
525353ce-858a-47b5-aadb-3e25229f2d95,,,,,0
52592593-7ec1-4713-88c8-63636a61cc5c,,,,,0
525ef0b0-b113-4fc3-b7f5-bafbe3dc0968,583.0,456.0,241.0,287.0,1
525ef0b0-b113-4fc3-b7f5-bafbe3dc0968,199.0,354.0,252.0,373.0,1
5269b286-91ad-414a-bc6a-3afb5a52c1d1,,,,,0
5274eb89-ea37-4874-ba02-eb02321ba41e,,,,,0
5278b08c-a475-469e-8910-56bff6d85210,,,,,0
52803acb-4f4b-4208-90a1-2b1893f44ea1,,,,,0
52820164-1ec5-4857-82ad-26118c1db001,,,,,0
529bd50d-2ee9-41b2-a4d8-35c403bef10b,,,,,0
529fef58-c4b4-44a5-a424-e28b089c00b2,,,,,0
52a85d13-7aee-4236-a9a5-16d9a58ad4b5,,,,,0
52afac27-2df8-4ba1-8a0c-7d471d932fc9,,,,,0
52b704f8-55a9-46aa-a5ae-f1136cd3bf6d,,,,,0
52c13b33-0eb6-4d1e-932a-0b0fb56e391a,,,,,0
52cffbe6-e403-4f7b-8653-948290cc64b5,,,,,0
52d4ae22-7dfe-478f-abac-c6feb913df92,,,,,0
52e28afa-7d9d-4648-a048-2e82fa3d0db4,,,,,0
52ee897d-e583-4d07-b18f-2e86a31a3b89,,,,,0
52f18c9e-7262-4fcc-a6bc-78e707214886,,,,,0
5300350d-0a2f-4567-b6be-65572e6c125d,,,,,0
530cc8fa-405e-4f03-8d9f-f980438e4e65,,,,,0
5333966d-cb93-4e51-b882-ee5502cf6486,,,,,0
533523c9-7620-4228-ace4-d060a33061a5,,,,,0
5337cc53-2e5d-4583-8173-c130cbe8fc74,617.0,544.0,288.0,271.0,1
533f6b0d-6e60-44d4-93fa-29c777e6278c,,,,,0
5341f2bc-e62c-433a-80b8-439035520842,,,,,0
534dd305-b5ae-4200-9e77-0662f9094d4b,,,,,0
534eae67-8907-4c4e-9b18-39d94e297dfa,,,,,0
535a94be-e39f-4a14-b260-61aca4570c17,,,,,0
5382542a-4669-4044-bd7a-9ff2dad7db6b,,,,,0
5386aa61-84c4-4f35-ba45-62544e1887cd,,,,,0
5388b543-b3cc-4d17-b620-e9defedd7715,195.0,284.0,215.0,331.0,1
5388cc79-bfa8-4035-b676-f5407859f261,,,,,0
53931ba8-38aa-4407-8de7-ba36e0d065e5,,,,,0
5395762e-6e18-4040-ac79-3ecba8e5ba67,,,,,0
539e8500-fc58-48d5-9225-c0cf87cfc8bf,,,,,0
53a62b48-b001-4954-8848-8115efa5c82d,,,,,0
53b04f37-254b-448b-b92d-d3a1e828592c,,,,,0
53b4926c-b9f7-4f84-9317-3d3b8c083698,,,,,0
53b79b14-305c-41ac-889c-eed894b86e2d,,,,,0
53bc0058-e16e-4102-8f5a-ed2ea73bf534,,,,,0
53bcc519-836d-4975-9977-58f41a7725c7,,,,,0
53bebf3f-df56-4f13-b65e-456497a6a741,,,,,0
53c369ae-d8f9-4e44-b212-c6e2dc6ef580,,,,,0
53cd7c28-fe79-4537-99b5-e942987b67d1,,,,,0
53da51f9-d894-4a24-9d1c-513b6c1433f8,150.0,372.0,286.0,417.0,1
53e37b9f-3231-44e8-8bf1-56eaaa6e49c4,,,,,0
53e6378d-6a2e-4e09-b494-fafdd2d7ef20,,,,,0
53e69b04-f8ec-467c-911d-a039065ec631,225.0,313.0,223.0,364.0,1
53f8837c-a657-4b82-af55-4e26117c7758,,,,,0
5403a4d6-95db-4b28-a7de-db61e576fc76,,,,,0
540511c4-5373-4e52-a935-dc20814d74b8,,,,,0
540d050f-dd2c-4530-a7f2-26b2c85e803b,,,,,0
540e62ff-190e-44b6-90ad-9cd2ec2cdb0f,,,,,0
5415656d-d814-46c2-a8c7-ab2831c42a91,576.0,198.0,346.0,573.0,1
5415656d-d814-46c2-a8c7-ab2831c42a91,209.0,278.0,288.0,503.0,1
541f235d-c207-4092-8530-8d826e2fa5eb,,,,,0
541fd23b-53f2-4bfc-abe6-92f330f2474e,,,,,0
5420def8-80d8-4948-9c4e-456072874bf2,,,,,0
5432bc30-649e-4b4b-8f5d-ca06f27c3a30,,,,,0
544713a2-8263-410e-903c-c577869ccfe8,,,,,0
545258bb-53e4-4219-9b5f-62d18661eac2,,,,,0
545ef4ff-a6c7-40b6-bc2a-34e71c758909,,,,,0
546001d3-f415-42c0-ab79-40e5a417bdc9,,,,,0
546156f0-9e90-4410-a515-3fdc807950ea,,,,,0
5474674e-577a-4bec-bf7f-e7e580ccfd62,,,,,0
5480fc2a-1d5b-49a8-9e66-7e8b76aef97a,,,,,0
5485482e-1cea-48da-af97-2cfa9a3cbdbf,,,,,0
54895691-ee84-4f0e-b22d-e8e63f8598d4,,,,,0
548e83f9-d4ed-4c1c-9b53-0449ee709fb0,,,,,0
548ee990-ae0c-4307-87f3-f92912c7951c,,,,,0
5492dac4-a895-4e35-9c0e-aa787a48aa1a,,,,,0
5494bfea-2292-4b0f-933f-64139dad5fa7,,,,,0
549795e5-3bca-442e-8828-c50f8838df22,,,,,0
54992aed-342d-4ef3-b938-ed89aea56d7e,138.0,310.0,276.0,417.0,1
54992aed-342d-4ef3-b938-ed89aea56d7e,544.0,404.0,257.0,347.0,1
549ee5af-e19d-4483-9f7b-d3025dbb1979,184.0,231.0,257.0,571.0,1
54a075e0-572a-426f-89dc-00b32a9c5637,,,,,0
54a32eda-f948-43a5-8cce-be83396589ad,,,,,0
54ad8afd-1544-4c23-8655-ff80a48344ad,,,,,0
54b49d80-e964-48d2-8890-4cf2523fb063,,,,,0
54b55fd2-35b2-47ae-80df-795c0f99f652,,,,,0
54bab00a-069f-4957-8c79-4177c98202d0,,,,,0
54c802c5-5e86-4c6f-ad98-5ecbc3d40841,,,,,0
54d69a5e-7f51-46fc-b141-0fd7e7086fae,,,,,0
54e87eae-269b-4bac-a1e4-d1482d5582bd,,,,,0
54eb650c-09f4-43fe-8ba8-6ea720264253,,,,,0
54f6c438-e545-4474-9c62-29c173fc5e7c,,,,,0
54fa1a13-8689-4ab6-932e-515dcac17673,,,,,0
54fc4986-daf1-49c9-8309-0be488ebc9f8,,,,,0
5511f7bb-6023-42ff-acc6-85e8f0a2c389,,,,,0
55204bb8-89fc-449d-8563-e91654abea9d,,,,,0
55211b4b-62e6-4d9f-8b0b-72525ed68e6f,662.0,391.0,289.0,396.0,1
55211b4b-62e6-4d9f-8b0b-72525ed68e6f,267.0,344.0,292.0,383.0,1
552ac7c7-dc98-4044-816f-2611dc0e6e6c,,,,,0
552f0c5c-6484-4d24-ba90-ed43268f7746,,,,,0
5534eab3-2d20-4921-a785-1afe09cabd4a,,,,,0
55356b68-9219-4130-94a4-b3827f5cd0e1,,,,,0
553dda5c-4818-4c16-816c-26796f375814,,,,,0
553e5581-e9ac-44da-9a81-a95ed7320afd,575.0,292.0,251.0,405.0,1
553e5581-e9ac-44da-9a81-a95ed7320afd,284.0,209.0,199.0,430.0,1
5541c54a-18c2-4bc1-9d37-edb7aa820543,,,,,0
5547386f-fee7-4953-ba93-4c6198e6dff0,,,,,0
554d3e10-7f57-4260-8f11-4b7b51e4e70c,,,,,0
555acecc-77b2-4094-b98e-f9531ef5c326,,,,,0
5560d6b5-4441-4e3b-93bb-c68e3a142aed,,,,,0
556566b6-d912-47b6-86fe-316d199dfa2d,,,,,0
5565cfc3-8ec4-42a0-9fbc-ac6a979f16f3,,,,,0
55754887-a552-47dd-a5c6-2d069da40136,505.0,191.0,168.0,496.0,1
55754887-a552-47dd-a5c6-2d069da40136,172.0,146.0,197.0,527.0,1
5585e87c-0877-4ddc-92d1-be45efff4176,,,,,0
55864c8f-79fa-4fc5-9c7b-3abfa01de1d9,,,,,0
558f62c4-aea5-45fb-a067-2bc8ea07e4d5,,,,,0
5593c1db-7337-44b3-8d03-7a992decbc3b,,,,,0
559415a8-f9bc-40ed-9ac0-0f60104e7e9c,601.0,193.0,290.0,607.0,1
559415a8-f9bc-40ed-9ac0-0f60104e7e9c,191.0,210.0,326.0,565.0,1
5596c4c9-c124-4ea4-ace2-8e69ad8616af,,,,,0
559f3e4d-0377-4176-a3d0-d9d5aae21c96,,,,,0
55aed888-2950-4fdc-98d4-ddf6c18908e8,,,,,0
55b2f2df-c355-4314-8128-14d33610b84c,,,,,0
55bf30ae-819a-4d20-816c-d45615df0688,162.0,503.0,110.0,74.0,1
55bf665e-e53b-4320-baa7-4fdaa54447db,230.0,556.0,127.0,116.0,1
55c2c6af-48f0-4287-804b-2dc25c8b9cdd,,,,,0
55c46151-6def-4856-8e89-087664e48b8e,,,,,0
55ca872c-8c78-4f06-b0e2-718c2c200e54,262.0,571.0,178.0,151.0,1
55d5fe58-1dd5-454e-8628-92ef7f2993dc,273.0,300.0,156.0,301.0,1
55d5fe58-1dd5-454e-8628-92ef7f2993dc,693.0,385.0,135.0,132.0,1
55e3d725-ec64-492d-81f4-b8caa6c4c539,653.0,243.0,229.0,405.0,1
55f2867a-5c49-4ea2-a9d7-9f8bb977222c,,,,,0
56067473-2508-4ffa-be6a-7f70f3ea17cf,,,,,0
560903a5-8450-48a9-8751-e84bc57492fb,,,,,0
560994a6-904c-4ba5-acbe-fb4bba7dad25,,,,,0
561d7cbc-240e-4c5a-874b-0cc07cadefff,,,,,0
561f6992-f97e-445c-876f-d252ca147a97,,,,,0
56211c89-bc1c-4a1a-856d-011996c6eed2,,,,,0
56225c94-f695-4bef-889c-c1e4d750f024,,,,,0
562262f4-c462-437f-9a5a-29034cc5961d,,,,,0
5623a68b-8f2d-4295-bf4e-2f3a471cb84b,212.0,489.0,165.0,106.0,1
56291168-0cd9-4afc-b708-fc16400ceebe,,,,,0
5638cc31-f018-4701-a668-b98eac35a0b8,,,,,0
56419e8d-5982-460c-9e71-546609e6ebd7,,,,,0
5644ffb7-8c60-4b02-93aa-96ea5233fb88,,,,,0
565fe404-f4db-442f-9921-eb1e7a19d763,,,,,0
5674f428-78fa-4e0c-8ecb-b5ecc2d83018,,,,,0
5675fd06-eb6c-49a2-b3a3-0df515e9a266,168.0,535.0,142.0,162.0,1
5675fd06-eb6c-49a2-b3a3-0df515e9a266,587.0,376.0,153.0,240.0,1
56789bdb-728f-4e47-95ec-e008f08e0b41,,,,,0
567b2444-0714-48a2-ac21-43aa304b99f5,,,,,0
567f81ac-7be3-4663-9a3b-826319bcd6ba,791.0,692.0,57.0,54.0,1
56803cdc-80fa-418a-bf29-29853bbbf1f4,,,,,0
56823833-5b67-4a71-9021-2669e01f2ccf,,,,,0
568b28a7-675a-41ba-811e-220681a75cd7,,,,,0
568fdf74-7b00-4755-9185-6e89b197170f,,,,,0
569e6728-9748-4db4-be57-9e5278c3cc71,,,,,0
56a10b62-f721-4bbe-805f-3a90af981515,,,,,0
56a9a226-789b-428e-a1bd-303f4d7a2f1e,254.0,366.0,117.0,321.0,1
56a9a226-789b-428e-a1bd-303f4d7a2f1e,562.0,356.0,191.0,348.0,1
56adf1fc-1db5-4787-843c-500c7102f22a,,,,,0
56b278f2-ab29-48b5-9602-b7ec496885df,,,,,0
56bab623-fa84-4335-8874-773e5f6c966c,,,,,0
56c529d6-a358-4556-b9a0-315fd0ca1446,,,,,0
56ca026c-e477-4c5d-ae8c-bef46ad383fb,,,,,0
56ca817b-e17d-4b2b-95c8-d544a7786124,637.0,241.0,210.0,213.0,1
56d8b8ee-7ee1-43d0-9c62-d7e397941482,,,,,0
56e5c4ab-c5e3-4958-8641-3d107263ad64,,,,,0
56f30010-17c8-412a-8508-78dcb8879221,,,,,0
56f5bc59-c8a4-4cca-85b9-7b704532b3bd,140.0,306.0,185.0,297.0,1
56fa1b60-7a14-43d3-bfab-f326cef6253a,,,,,0
57173a51-d8ed-4460-8785-0194db23f96d,,,,,0
572904bd-04f5-4378-aba3-994135ad7c61,,,,,0
5735ead4-b24d-411d-8151-e3bf27f8f0a5,635.0,448.0,183.0,86.0,1
573957bf-09b6-40d0-aca6-389696465e7b,223.0,350.0,234.0,331.0,1
575477c9-d219-41d3-8997-3265bc6c4a02,,,,,0
575b4e6f-99ce-4827-b7f7-866d8f4015ca,,,,,0
576429a6-dd25-472b-ad28-8a8e09f32bb3,,,,,0
576c787c-993e-48ce-9a7b-9ee90661a0f4,,,,,0
5772efe6-5336-474e-a619-d2d5529fa316,,,,,0
577c1d51-14c5-450c-b936-33e259a1bca3,,,,,0
57835e6c-04e7-4e8f-9570-da0a6bef6b31,573.0,358.0,281.0,410.0,1
57835e6c-04e7-4e8f-9570-da0a6bef6b31,169.0,373.0,229.0,400.0,1
5789cac9-c9dc-4581-8f1e-2a58ac79870e,,,,,0
578ed111-08e1-43b3-a31a-faf6813f0c40,,,,,0
579acccf-3cc1-4d48-bd6b-f5cb0a4567a0,,,,,0
579cf15d-2b88-48f4-a4b1-f851194359d3,,,,,0
57a11739-236d-4fd9-be3f-051d8db28198,,,,,0
57a2e0f6-9345-4aeb-8f49-fab3a86f1c35,,,,,0
57a3b6a4-4b5d-4436-b526-275ba2586b46,180.0,477.0,172.0,201.0,1
57b598bf-4f4c-44df-aea5-6e208e43d2e3,,,,,0
57b8d3ee-a555-4acb-8be1-8bfe53f1b58d,,,,,0
57bcd96a-2400-4c10-bce2-28fd0a52a737,,,,,0
57bf80ea-1cad-47fa-b5df-bb66623bcf95,,,,,0
57bffc6f-1656-45a2-9e49-e28d1dcbeee1,646.0,162.0,240.0,361.0,1
57bffc6f-1656-45a2-9e49-e28d1dcbeee1,321.0,426.0,149.0,144.0,1
57d0397e-af1d-41d7-9b52-4c80037e4371,,,,,0
57d11808-6e38-442d-b908-b5da489f73e3,222.0,659.0,169.0,113.0,1
57ddcf7d-96d4-4529-a2f9-9d3c9d25ca89,703.0,341.0,83.0,138.0,1
57e4df74-4037-4b16-a57d-aff8671e8109,,,,,0
57e70848-0cce-456d-90b1-e3f0a206d8c1,,,,,0
57ecf732-8919-406a-a0d2-d74622cdf302,259.0,570.0,164.0,96.0,1
57ecf732-8919-406a-a0d2-d74622cdf302,761.0,532.0,137.0,189.0,1
57f9ff69-4ee1-4205-b8a0-47b40a46ea08,,,,,0
580536eb-6002-49c0-ac65-d330e36794b9,204.0,466.0,227.0,338.0,1
580536eb-6002-49c0-ac65-d330e36794b9,557.0,374.0,265.0,434.0,1
580c9692-7fe6-40c2-9f1c-2ac31c65f76e,,,,,0
582137b4-6d8f-4933-b461-2cb08a7187c6,,,,,0
5827367d-31c6-4527-9ccb-63676d7f230e,,,,,0
5828e978-162a-4726-82e3-a057474d6b8a,,,,,0
582dedfc-19d7-446a-acd3-b8a7081ae664,,,,,0
58405e22-b869-4f44-ac95-760bb5d55561,,,,,0
5848e2cd-4a74-400f-8fe8-f78c136a2ec3,590.0,365.0,244.0,242.0,1
584eed9b-18ad-4647-aa9b-9e795353610c,,,,,0
5852c84a-e471-4a41-89d3-48566a9ec475,,,,,0
58569077-a334-4a12-9619-ec8ac9e1c0da,,,,,0
585d94ef-0f96-4c7d-89b0-535468af7469,,,,,0
5860110f-acc0-4361-9c51-7da5f5c102ce,325.0,272.0,210.0,338.0,1
5860110f-acc0-4361-9c51-7da5f5c102ce,700.0,298.0,254.0,387.0,1
586b9e11-ae51-4e58-8d66-b40fc399b643,,,,,0
5871bd61-108b-4c53-bc24-c20522d56061,606.0,449.0,184.0,297.0,1
5871bd61-108b-4c53-bc24-c20522d56061,264.0,460.0,150.0,263.0,1
587303af-3f6e-4e07-8c5b-6d800e9cce52,,,,,0
588a0ad5-c8ef-4c3a-b17a-7730aa6f4b8e,,,,,0
588b67d0-eecc-4fb8-9360-573e30e8a2ef,,,,,0
588ef776-9ef1-40ca-a66e-dc65235979a1,,,,,0
5892021e-1c3c-4673-ac50-0ddd0dc858a0,,,,,0
589b6a07-9b6d-4945-aa24-658ad0221d60,,,,,0
589bbf21-be25-45db-9014-7d4e650c7530,,,,,0
58a418cd-5604-4b1f-a033-d9105dc7f6e4,,,,,0
58b27c0b-8635-4c71-9c4b-babe51801da4,,,,,0
58c76b9b-8d86-49b2-8fb1-101e7c6af075,307.0,378.0,135.0,169.0,1
58c929c1-50fa-4b59-987c-3d5a11750fb6,,,,,0
58e38024-ca19-4410-b4b2-0230b1cf7320,,,,,0
58e3c190-8ab1-465c-bf3e-22a2deb0b9f2,635.0,592.0,230.0,289.0,1
58e3c190-8ab1-465c-bf3e-22a2deb0b9f2,228.0,411.0,198.0,256.0,1
58f28a2b-8fd5-44ce-9ef5-8aa81a957557,,,,,0
58fa6956-23b3-48e6-a2ca-61fea7695e3b,,,,,0
5902e358-40b5-42c6-8b77-a6a02f9a9e7c,,,,,0
590aa5c7-9274-417c-9cc3-c33e69b19015,,,,,0
590adf90-b0e6-40df-9500-85b6bfd85e21,124.0,525.0,194.0,324.0,1
590adf90-b0e6-40df-9500-85b6bfd85e21,558.0,192.0,242.0,435.0,1
590b390c-6d90-4ece-8875-247669e085a2,,,,,0
59107a2b-10d8-4c2f-90b6-ef6c6a8e4d83,,,,,0
591462ec-83f8-4fae-9cae-ac5dfdedec82,,,,,0
591cd5df-fd61-4c5d-9406-a9620f19a202,,,,,0
59263e7b-3048-4612-b840-b5545dfe42fc,,,,,0
5928a120-2f82-4b3e-b19b-8c0340535507,,,,,0
593144fb-32bc-49ec-bc1b-2eee96c5af4a,,,,,0
59356ce0-39e8-46c2-942c-bab047e62b4a,,,,,0
593c6c5e-3580-437a-8c0b-275138080cf2,,,,,0
59479dae-e35a-45e9-b73e-50e2630cc8e4,,,,,0
59491c73-0991-4643-9ddc-3475e02b14d0,348.0,418.0,98.0,113.0,1
594ae57b-2553-4a94-ae3d-197219726f2b,,,,,0
594d0672-dd1c-401d-ab95-598b28a480cf,155.0,261.0,149.0,256.0,1
5952e12d-5aac-4b4a-bd32-3a12d025cd85,,,,,0
595bf343-9506-4548-9751-2d0fec3d6bb3,,,,,0
59605a17-28c6-47f6-84bd-af9460b17c14,,,,,0
59686bb5-79cd-4eac-91aa-95bee5585ff9,,,,,0
59689a6c-7752-4b90-886a-33e23171d8f3,,,,,0
596e9857-19bb-4c98-9afe-ef58ccac9118,,,,,0
5976961d-69f3-456c-a61d-66537789c550,,,,,0
597b4a87-ee2f-4bcc-bae0-4a6d783fa031,,,,,0
597b4e4c-88b0-407b-84c9-f752cd23d447,,,,,0
597f9744-d4f2-42b3-9b45-183067897f3b,,,,,0
59890003-bd22-4e24-8cc0-0d5daa2aa613,,,,,0
59894658-97ba-4ba2-9fde-50987588f1a7,,,,,0
59a340f3-3567-45e5-94f4-9de2faf44a98,,,,,0
59a41481-07af-4816-8e5f-472ad42febef,208.0,643.0,148.0,221.0,1
59a8eb0a-4b25-4b69-a280-2b4a741a6456,,,,,0
59aa41cb-ece4-46c3-8ded-a26ed0284271,600.0,430.0,229.0,229.0,1
59aa41cb-ece4-46c3-8ded-a26ed0284271,190.0,532.0,191.0,156.0,1
59ae2428-8da0-4fc7-b13d-27c44418afb4,,,,,0
59b217dd-1b12-4de7-918f-43a0f180986d,,,,,0
59baf870-7dc3-4d99-9de4-a5796a082436,,,,,0
59c08f60-4819-4cfa-b4ec-91256bebc57e,,,,,0
59c2a36a-bc07-424e-b2eb-9dc5dcc44b84,,,,,0
59c74e8a-eefe-4f92-85b1-87f0d1bd34ae,,,,,0
59f0e3aa-30fa-442d-a92c-4f80ca84f550,,,,,0
59fe31b6-e98e-432f-aaf0-8d0a84f1a179,,,,,0
59ffc415-e14b-47b2-86f1-07e41fee2846,,,,,0
5a038690-0bae-4007-adbe-78d5b9f4eda7,,,,,0
5a072ffe-ed90-4516-803f-30641dfa9497,,,,,0
5a1c22b5-f8e8-477c-934c-9c347d7b29bc,,,,,0
5a220a92-bf26-451f-826a-6886460f7671,,,,,0
5a2fc23d-facb-4105-bf35-ba87ccc78eaa,,,,,0
5a509cb4-4e21-4af1-9b18-21679209d962,,,,,0
5a556acb-93d0-4f0c-82e7-dcedb1511c36,,,,,0
5a8149a1-2cb3-4d75-9047-0246ee812212,,,,,0
5a8441c9-a4c4-4706-9763-05c20b43f5b4,,,,,0
5a86544f-f65f-4a0d-b9be-8fe05da50413,170.0,355.0,196.0,291.0,1
5a8718a0-a5fe-4105-a92b-591306ddc5ed,,,,,0
5a89829f-6235-4a52-9e11-c98dd10e1c9d,,,,,0
5a8b8255-5810-4011-8120-02e9218e1fc9,,,,,0
5a8e51d4-1b33-45b3-8f96-5a4027462cbc,124.0,258.0,183.0,457.0,1
5a9947e6-bd14-440b-ba5a-09d52b1b4c68,,,,,0
5a9d8bb5-5b81-4bd7-941b-d658e4ecfc87,,,,,0
5a9f72d0-8b1a-4daf-90fd-243b2e76efe9,,,,,0
5aa43eef-1877-40eb-ba8c-6001452f7d89,101.0,371.0,266.0,178.0,1
5aa4469e-a36f-4ca9-b6e1-f0bc9dff2653,153.0,436.0,252.0,151.0,1
5aa98c47-dc33-46af-8fb3-a5a9dcdfad60,,,,,0
5aacd561-03e0-41da-bdb0-5834b661a126,,,,,0
5aae58d7-364f-4bcf-8088-b23d1c11e337,,,,,0
5ab218fd-5dcb-402a-9613-2647db580e00,,,,,0
5ab2e15e-604b-49b5-b6da-3b298da3b33e,,,,,0
5ab66ad0-25a2-4e41-8f40-960154a008f2,,,,,0
5aba31fa-81e4-48cd-ba50-f885c2af8ca9,,,,,0
5aba5148-cdae-4f77-ad10-54d9ff0fc27b,,,,,0
5ac3eb19-45d8-4305-95b9-ffd4b181e246,,,,,0
5acc56a4-1b6e-4394-9364-9772047d583f,596.0,137.0,222.0,368.0,1
5acd71c6-2de6-453c-a801-c22aa8b4f097,,,,,0
5ad0ce1f-5ef6-48da-a7a4-3a13a4457add,,,,,0
5ad76e11-782e-46eb-9eaa-5ce2403c5a89,,,,,0
5aef8439-6fc5-45c0-9e52-1524f62a69f2,,,,,0
5af1181a-e170-4b2a-bb63-51a88bf44e00,,,,,0
5b001afb-b25e-40c6-8d78-a20bee4172be,,,,,0
5b02d613-8895-40b6-893e-71a7e7434d4f,,,,,0
5b1012fa-89d8-437a-ae9a-460b0e6eea2a,,,,,0
5b19f8e2-420c-42a8-82d5-5e1e5d30939b,264.0,700.0,195.0,203.0,1
5b19f8e2-420c-42a8-82d5-5e1e5d30939b,663.0,259.0,117.0,198.0,1
5b1a17e6-6660-4928-847d-2e7a3f7637a2,,,,,0
5b2a5594-50f0-466c-8342-4b1396eaec37,,,,,0
5b2e6149-2308-4f75-bf96-a0f062de13cc,,,,,0
5b32f81a-c96e-4f4b-bc7b-9b0b6861799e,,,,,0
5b3477db-9494-4617-acac-e2f28452ebb0,,,,,0
5b35df82-9440-4634-9a28-406e1819cd4e,568.0,276.0,269.0,408.0,1
5b35df82-9440-4634-9a28-406e1819cd4e,69.0,501.0,213.0,96.0,1
5b42824b-8785-42be-a8d7-2b12f0de0d14,,,,,0
5b453624-5786-4722-9dc4-526884147006,,,,,0
5b459a1a-9564-4d1a-93cc-4c3d41bbf0f9,,,,,0
5b467d19-e4e4-4864-a2d8-33fb53d11342,,,,,0
5b4f2412-5f8b-4567-bb93-bc767cb05405,,,,,0
5b59235b-fe0c-4900-b7fd-927e8f4ec262,,,,,0
5b61df7d-385e-4338-89f3-98796a5a394e,,,,,0
5b622e5e-09c0-4ade-b82a-c73010b7f47a,,,,,0
5b684669-0ee0-44ff-851b-e2f6146c7e30,175.0,578.0,154.0,175.0,1
5b737720-6b6c-4763-95ea-d3291957c781,,,,,0
5b7a9d09-53e4-4584-a1a1-38e594d091e6,,,,,0
5b7c4b7d-cf34-49fd-99a6-5dc5a7f1c5c0,,,,,0
5b7def79-7acb-436a-b46d-0337493fa33b,,,,,0
5b7e8916-7e64-4807-abaf-47b40bbf4bab,,,,,0
5b7fa41b-2591-4fba-8d50-abcf9a62cbcd,,,,,0
5b9dbcce-4621-4180-bd1d-805b3ce9d7e0,759.0,604.0,103.0,96.0,1
5ba8be0b-f11b-47c6-a91c-fe62c0ef516c,179.0,419.0,166.0,191.0,1
5bace529-66de-4eb0-bede-4da1c4aed9cd,,,,,0
5bad55a2-06e1-4ee9-8fbd-555a1f75e647,642.0,184.0,226.0,410.0,1
5bad55a2-06e1-4ee9-8fbd-555a1f75e647,311.0,189.0,181.0,485.0,1
5bae90dc-76ca-4096-b3f1-f50ab396bfe9,,,,,0
5bb67504-f09e-49f7-9c4c-03b43f034fa1,255.0,262.0,208.0,320.0,1
5bb67504-f09e-49f7-9c4c-03b43f034fa1,679.0,207.0,259.0,293.0,1
5bc6b92f-0a89-453d-8e0c-32566bbea8e3,,,,,0
5bcdcaca-248f-44e3-bd75-da2bee9287ef,,,,,0
5bd9fa0f-7ba4-4d01-a984-ab7e8978aa4a,,,,,0
5be3fa0d-4ea9-4da0-900f-371e7ebd07d8,,,,,0
5be61bda-3b71-44f7-a8ac-cc7587bbbbc2,,,,,0
5bead01f-8566-4570-a44c-73b682bb7329,,,,,0
5bf4f366-c68b-45bb-9a7e-1d1a20b3b581,,,,,0
5bfab74f-cadc-48e5-ab52-48f97642acad,,,,,0
5bfdc9ee-e21d-46e5-bbfc-20cea10c3175,489.0,203.0,356.0,537.0,1
5bfdc9ee-e21d-46e5-bbfc-20cea10c3175,157.0,281.0,201.0,438.0,1
5c015feb-cfd1-4ce2-9b95-eb9689c7eb0a,,,,,0
5c13b232-bfd3-4121-a76f-bfb5976298f8,,,,,0
5c16bfc0-2b41-4b43-8556-59d49b5d5c67,,,,,0
5c18e5ea-2649-46f8-aecf-e1264f0a1a2a,,,,,0
5c1da86d-efab-4a72-945d-c0e9ec09623c,,,,,0
5c251c5b-f578-4c22-a373-d5973a41076a,669.0,355.0,178.0,191.0,1
5c251c5b-f578-4c22-a373-d5973a41076a,255.0,412.0,206.0,302.0,1
5c26b94b-78f6-49ff-95a7-a2e4fce83778,243.0,578.0,244.0,315.0,1
5c29be49-1c40-4018-a30a-8863df033b89,,,,,0
5c362c0e-dab1-4a4a-80c2-eca48c7c0dd0,,,,,0
5c3a572d-819e-4024-a3ec-ae09278f4232,,,,,0
5c3d2e98-56df-408d-a597-359fb4115cc0,,,,,0
5c3fe0d9-79e6-4f7a-8d31-f0747cfc28b3,,,,,0
5c48c1c5-5886-4217-bd5c-90eeb5f92b90,,,,,0
5c4b4996-e38c-4250-9625-a1519ec6bc37,,,,,0
5c4dd6b0-4f8c-4599-8e4a-10ecacfa3494,,,,,0
5c5123a8-bbf2-449b-bb41-dde9c1bd5b5f,,,,,0
5c618118-ee15-4613-81a1-e99c0975f51a,,,,,0
5c643f67-e321-4f90-bcd0-58c4517561a9,212.0,392.0,170.0,69.0,1
5c666895-9341-42c3-8e52-af6d4650066c,205.0,471.0,166.0,86.0,1
5c6dc974-9fc3-4dc2-af82-97ef1971ea3e,,,,,0
5c70eeb8-e44a-437c-b958-fd6734728e49,,,,,0
5c765513-987d-4460-8ae8-83d7b365a916,,,,,0
5c794c00-6e99-4ddf-a6a3-934e5ec618f6,,,,,0
5c832734-cfe3-4602-9b28-f71416e62fa6,143.0,432.0,229.0,110.0,1
5c832734-cfe3-4602-9b28-f71416e62fa6,260.0,632.0,161.0,194.0,1
5c9343f2-083e-47e8-8ae9-4333c5e5c9f2,,,,,0
5c9364c7-51da-490b-82bd-e7078e9c21f2,,,,,0
5cb09dd2-2485-4bbb-af1b-10d8df848687,,,,,0
5cb55af6-404c-4a17-bfa7-2007465407b4,,,,,0
5cba9f5e-623a-4857-988f-e08ce086f36c,,,,,0
5cc6b134-74ea-4443-b2f2-9e6d81d2010b,,,,,0
5cc79a07-54e7-4c37-9284-5d11fad4a8a2,,,,,0
5cd0fa74-fe44-40a8-9cb6-8da3f767d8c9,,,,,0
5cd6aa0a-1681-4b75-bd21-407ca3fb5229,,,,,0
5cde22a6-dc4b-4306-8af7-a81baa15734b,163.0,780.0,204.0,174.0,1
5cded2dd-72fc-4f6f-9ff2-7b498ece9cc4,,,,,0
5cdfd088-5bfe-4f37-a5cc-765a54c8e2c6,,,,,0
5cdfd11b-4f57-41c4-8c82-4490eb2fd2f9,,,,,0
5ce80d56-5400-41a4-a60b-b19a99838a0e,,,,,0
5cfe2f81-5739-40a3-9ccd-417bd6378c60,,,,,0
5cfe7d99-d956-479c-85cf-7f8d65465f5b,609.0,482.0,106.0,96.0,1
5cfec0c5-3b01-4238-9fc1-64a6793da269,,,,,0
5d000d56-edc8-4f5c-a719-2233b722e005,,,,,0
5d05e25a-b473-4291-9fa5-3b5fea50f368,,,,,0
5d07d002-81e4-40f6-8ec9-1db9eeea10cd,,,,,0
5d1aa00b-9896-4ae8-aef1-92618c1844cb,,,,,0
5d1bd7da-95d2-46b5-8e3e-126de41e1ebb,,,,,0
5d22272d-01db-4754-ba62-d2722763c933,,,,,0
5d2690ea-6ad7-405c-b320-27be55889413,,,,,0
5d270645-9eaf-4198-9505-8335d0095ff8,,,,,0
5d2ebd89-6bbf-4bf4-94d4-4297465acc78,,,,,0
5d35aa33-9d71-412e-88d4-5792c7fd216f,,,,,0
5d3ab08a-dc2c-4441-83b1-8926f46b29f7,,,,,0
5d48d9a7-f405-4b62-ab5e-ba77841a6aec,,,,,0
5d4ef718-041c-4e29-b520-69322fcc95e8,,,,,0
5d56c54a-8016-4472-9a3c-5998a6ddfb66,,,,,0
5d5ca429-74d2-44f9-997f-e28c804e4f81,,,,,0
5d605f45-8f8b-4f75-8abc-60a004c2b419,,,,,0
5d613b84-e256-4e16-be8e-88f0d09e7634,,,,,0
5d6c55b9-000c-459a-ae15-0d3cf9d62b69,,,,,0
5d76b90a-e59d-4031-a49a-fca0f14aef78,671.0,540.0,168.0,82.0,1
5d7cd72a-a298-4b91-a67b-ec2a0354bff0,,,,,0
5d7db043-8815-455f-b5ce-bfe012697057,,,,,0
5d87eb2a-86c7-4dd8-9145-96c7536713fd,,,,,0
5d891e1c-08bc-4def-a56d-5748cbdc6d34,,,,,0
5da4ae85-379e-4c15-b67b-340296982a10,394.0,471.0,91.0,131.0,1
5da671da-84f7-4847-9995-334ecf044f86,632.0,80.0,157.0,242.0,1
5da671da-84f7-4847-9995-334ecf044f86,270.0,101.0,147.0,284.0,1
5db19a66-a763-4a59-a431-65ec181c22a8,,,,,0
5dbb180e-0145-49a7-a6af-dffb8718fb96,203.0,449.0,167.0,200.0,1
5dbb180e-0145-49a7-a6af-dffb8718fb96,651.0,496.0,110.0,111.0,1
5dbb418a-7dc7-4ceb-a3f0-956b28b39734,696.0,467.0,106.0,95.0,1
5dc0d1ca-756d-4053-9031-ed4d97fe36aa,,,,,0
5dc11277-f09a-4ae7-b83a-33d5a5d13ac1,,,,,0
5dc18235-7c3a-41c7-95c6-59d914d526fc,,,,,0
5dcb92b0-639d-48e8-b514-599263534d7d,,,,,0
5dcc8b5a-0c74-4aff-9e53-80b6b0221927,,,,,0
5dcd6fb0-b6a5-47b4-bfcf-d6e5bbfea166,,,,,0
5ddf194a-9266-4248-90a2-ddf0573aa569,221.0,721.0,166.0,166.0,1
5df55e51-37f2-4f1c-bd52-70b442b92f92,,,,,0
5df8778c-6efa-4b61-98e9-082df7b330a2,,,,,0
5dff6446-bad1-4a42-af53-b02cd1e51b71,,,,,0
5dff9c58-6243-4f60-8ac2-09caae7a9921,170.0,394.0,291.0,338.0,1
5e0d73fb-b207-4bab-a1e5-9d6b3163520e,265.0,408.0,175.0,424.0,1
5e0f0b51-0494-4328-91f5-74903b246b9e,,,,,0
5e1e25cf-f14a-407d-af53-486d088d7e9f,,,,,0
5e2379c8-e628-472a-876c-3d4136f64a6a,,,,,0
5e23b0fd-5568-43fb-88fc-b8aff4d22612,,,,,0
5e2e2596-832c-4e0a-a208-790d3ed0efff,,,,,0
5e3a73e9-de81-4628-ac1b-4da9441b54ec,,,,,0
5e4353af-72ec-46d4-80fd-33680fb59176,,,,,0
5e44964f-bde6-425b-97fa-fb3b596190cc,,,,,0
5e49cf20-ba6a-4d8a-a55d-87ac0109fe49,,,,,0
5e61818e-7ea7-4580-85e4-b1d0e3b88ed3,210.0,603.0,160.0,132.0,1
5e875cfe-01a5-4433-a953-f460c315838a,156.0,523.0,237.0,170.0,1
5e88a086-2f27-461f-baf3-4b36976d6687,,,,,0
5e90b67f-f3b9-4a3a-a92f-cf3808432f64,,,,,0
5e97b34e-f150-4def-86ed-83bb38eb7bd5,,,,,0
5ea29371-3680-4942-bd1c-67b5d8835f79,,,,,0
5ea661b2-5e91-4d3d-9b17-0efb862434b0,566.0,397.0,247.0,369.0,1
5eaa3abe-8432-4bb4-9b51-685bd0663eb1,,,,,0
5ead2889-223f-4fa3-a540-04495121c121,576.0,202.0,259.0,460.0,1
5ead2889-223f-4fa3-a540-04495121c121,180.0,169.0,221.0,512.0,1
5eaecd80-a0c5-4b3d-afda-9ca41e81976e,,,,,0
5eaecf07-fe6e-4503-a7d9-3b99d344d08a,,,,,0
5eb37e78-00ed-4e0b-8f94-18cac009e788,,,,,0
5ec0fcd3-8cdb-4982-b524-5974ef50b099,,,,,0
5ec80b17-25c0-4d1b-9825-717f031d0112,,,,,0
5ecc4d2c-2049-4d59-9aa9-6571eece0446,,,,,0
5ed18df5-3701-4657-a87b-7a4481a65800,,,,,0
5edff1e0-b0b9-4aa2-9c78-1cdb49d30ead,,,,,0
5ee97dfc-c471-4583-8cd6-34864cbd61d5,,,,,0
5ef82d3e-536f-4334-b0e3-81c03520ec1b,,,,,0
5efbdd13-1fea-4be6-8ccf-4ed970231da4,,,,,0
5f016f29-19c6-4895-905b-354bae107073,321.0,242.0,197.0,300.0,1
5f016f29-19c6-4895-905b-354bae107073,695.0,257.0,158.0,267.0,1
5f023b2a-6375-4193-96d3-c8b69e19689f,,,,,0
5f023c55-3755-4304-ba2a-16cb479ed2d3,,,,,0
5f173c67-3bf1-4df7-9de2-be63a5de9b73,,,,,0
5f1d47f7-b5e6-45fd-9393-fbfafb495c4f,246.0,403.0,174.0,183.0,1
5f23653b-0afd-4a1d-94fe-865d31302d97,,,,,0
5f2434b4-2a32-4e66-b74f-7337e0582f82,,,,,0
5f381d5b-68c8-421c-89e2-80feb7b6e6a8,,,,,0
5f40e828-88a4-4f07-8286-b5446f4d4790,221.0,429.0,169.0,283.0,1
5f40e828-88a4-4f07-8286-b5446f4d4790,615.0,377.0,232.0,276.0,1
5f501a1e-4313-457e-90f7-c3fdb631ddd0,,,,,0
5f52ae89-20ba-4536-8313-4395f5742f49,286.0,322.0,174.0,355.0,1
5f557e98-3d6d-46e0-9a0a-40c6da8a3266,,,,,0
5f5ae465-560f-47f7-82dc-0064db0c12f8,,,,,0
5f5e61b6-350e-4387-99e0-2d5ddbee6a54,,,,,0
5f616bc8-5954-42a0-b0e7-14063b036094,,,,,0
5f65b816-264b-490f-80d0-2435184d47ff,,,,,0
5f6ce9e1-afb7-4719-8d1b-e2276d772a76,,,,,0
5f6dd547-55e6-44c3-a1e8-ba0024ee4f5c,,,,,0
5f74d71f-3b73-4748-b7df-cc6374890c57,,,,,0
5f7cbe92-d4b4-456e-a38c-e2f370570e99,,,,,0
5f8240fa-94df-47ed-8f8c-3eca1f92bc28,727.0,564.0,118.0,120.0,1
5f8240fa-94df-47ed-8f8c-3eca1f92bc28,438.0,618.0,150.0,111.0,1
5f857718-2349-4de0-a0a7-610865c9be52,,,,,0
5f866831-9057-4be0-ae41-8164062a0a22,,,,,0
5f89a135-4b20-4ac9-851a-6d4a27827d25,,,,,0
5f8bfb85-5e61-4ba4-af9a-89b9365b503b,,,,,0
5f8e292d-940e-4f3a-9c5a-fda8338cdf84,,,,,0
5f8ecc2d-d8b8-4974-b327-7920315c55aa,105.0,540.0,283.0,307.0,1
5f8ecc2d-d8b8-4974-b327-7920315c55aa,727.0,348.0,173.0,347.0,1
5f9692fa-23cd-4ed0-a9db-5571482f6d11,,,,,0
5f99f401-d99a-4445-b0e8-b37fb1ce63ac,,,,,0
5fa01b83-bce1-407c-97d2-8b3c36531130,,,,,0
5fabbfac-9c58-4fb1-bfee-979526adcc14,,,,,0
5faf58cf-a01b-4b8a-8456-e63dedde1b68,,,,,0
5fb1f7f4-d9ee-45d0-b335-fed129ce68dd,226.0,467.0,210.0,304.0,1
5fb43479-d9a4-4c32-bed3-f63ae1462216,,,,,0
5fb4a30f-84be-4fdc-81eb-e6616e1568ce,,,,,0
5fb64e85-62ef-4852-8ad1-f799015c8cc3,,,,,0
5fc4c038-98f2-485c-b86f-63508d589cab,,,,,0
5fddbf25-9d69-435f-b803-9222e972e32b,,,,,0
5fddd203-a282-4f29-b741-dd03bfcec835,,,,,0
5fe137e2-d416-4f49-b685-6a3fe5367910,160.0,408.0,184.0,412.0,1
5fe137e2-d416-4f49-b685-6a3fe5367910,616.0,615.0,187.0,232.0,1
5fe1991f-2596-4cca-bfdf-2fae8db07cf0,,,,,0
5fe5ff08-5be1-4676-9bc7-4395b67514aa,602.0,289.0,99.0,146.0,1
5fee7685-a1eb-4be4-8054-e550d86f863b,,,,,0
5ff5a08c-7ee2-49b9-bdf4-d3043753f98c,,,,,0
6000d1b8-1733-4617-93e3-b6a633ea0fce,,,,,0
6019c601-e9cb-4604-b2e1-b50c80a29a0b,,,,,0
601ab6a3-d879-452c-a89b-4574c0d374c2,,,,,0
601c4ee2-9406-40ba-a855-729424022968,,,,,0
60370334-2b17-4c9d-a05b-b5746bdaa3b1,200.0,571.0,102.0,160.0,1
6037c658-65c3-4892-a5ae-032d0e026ce6,,,,,0
603e0ec2-c196-4486-852d-de43fb375d16,,,,,0
60468442-6153-4100-b896-04c6d2b59fad,,,,,0
604a6a95-e65c-43c4-b12d-7045ad92e54b,,,,,0
604e0958-831f-40cd-87ff-08fe60c9890d,176.0,540.0,231.0,299.0,1
6052ea5e-6fbf-4c64-985d-85b08de64073,,,,,0
60591229-0e49-4593-9257-25c6fa989616,,,,,0
6064cd9b-7a9d-4374-b210-a59c506111b5,,,,,0
607de530-cda7-4df4-9e06-9b5f1b20ad44,,,,,0
608d7f22-b74c-4762-ab79-56dc49676f19,,,,,0
60990c79-e4a3-4b07-8438-8fdf2fc056a0,,,,,0
60a7bf09-340a-4947-bdd8-97f563a2c062,,,,,0
60adf502-565f-48b6-bf71-2aac865992e6,,,,,0
60bb6140-adcd-44b2-a8c9-35efc8b701bb,,,,,0
60c7d6a1-9aad-452f-9789-918056b955ad,,,,,0
60d05e78-a752-4e62-a504-7d26ec44e4f6,,,,,0
60d168f2-20b8-46ac-b873-4293e0cb5728,669.0,528.0,184.0,254.0,1
60d287ca-c52a-4e4a-a33e-05ee7be39b43,,,,,0
60d42b93-cacf-43df-813c-5e1034312e7f,,,,,0
60dabf7b-68bb-46df-892a-7ceb8c14515f,,,,,0
60ef9ee9-8d6a-410b-8640-4a68710f41ef,,,,,0
60fe4b45-ec85-4593-b6be-76ce2856549a,,,,,0
610bb23b-30af-4868-8d53-f90cda513fc6,,,,,0
610e5426-ed44-4cf1-b5a9-3393bcc54e2a,,,,,0
611aac41-d471-4689-9732-610d88abb3e7,,,,,0
6121d7b6-8d47-45d4-9706-bd42ae676534,,,,,0
6126c957-5789-4264-86c9-9fe21c0498b9,302.0,434.0,138.0,164.0,1
612b6527-d54b-4d84-9915-a36bfdc7901d,,,,,0
612f076a-270e-4bb2-b761-69d22ff52f43,,,,,0
613217ca-45ba-437c-97ad-0d30025ded6c,,,,,0
61366af6-2df8-4721-944d-ea0fdec6ed00,,,,,0
614cc4ff-0808-48cb-930b-8064a601dd9f,,,,,0
61547b57-720d-4423-9bd0-7c51351f22f2,,,,,0
6158d725-f126-4268-8eeb-2ddde773a3c3,,,,,0
615b878f-b17c-4453-aa71-53638e9981c8,,,,,0
615faf3d-7097-4b8a-a131-3b1d29cae868,,,,,0
616482fb-a797-4634-a5b4-d88c34611fae,,,,,0
6166a1c5-b6d2-48f5-b620-eb91ad325b15,,,,,0
6166c4b4-4eef-42d9-9b09-593d92af3f83,,,,,0
6174fe6b-d274-45a9-b720-a79c824beccd,,,,,0
617ebe95-c367-4a78-8f24-3666c095fff1,,,,,0
6191f530-58d8-4dca-92c5-a7359e540a31,,,,,0
619c0082-09a6-4af4-8dc4-d6e69f42c682,,,,,0
619d0a04-2c4a-4cbf-b8bf-76bc5c685835,,,,,0
61a77394-8b8a-40bb-82c1-7c15ec00b987,,,,,0
61afc92b-f81a-4466-a69e-a012943ccfd3,,,,,0
61afee15-8240-404d-b1a8-aa6e5581d038,,,,,0
61b237ca-58d2-433e-b2e7-8ca4cc08bd88,,,,,0
61bb36ee-8122-492d-ace1-d1abe492bda2,,,,,0
61cb0664-ccf9-4097-9cc2-c117814aa4f7,,,,,0
61ce0cf3-07e0-4969-b724-beecc01f8447,652.0,502.0,162.0,283.0,1
61cf3ee7-bf64-4376-8ade-0da34a802894,,,,,0
61db2fa9-6bd3-4e3b-b02f-ec2fbee8d46c,,,,,0
61ecc87b-b535-4930-9960-3b37f2996594,,,,,0
62069e65-26f7-4478-a825-131ed0075756,,,,,0
62158463-7464-4781-86b2-f43cf3f1833d,303.0,528.0,99.0,126.0,1
621823eb-605b-46b9-82ac-3201b0fe85f0,,,,,0
6222228a-e831-40b9-8d5e-eed896717642,351.0,658.0,123.0,232.0,1
622c4de6-1619-4f3f-8117-84ec61e76346,,,,,0
622d6303-018b-4dcf-88b7-ac0b9e529a9f,,,,,0
622e229d-6f3c-4ae2-8059-daae89c98c2c,,,,,0
623ec44c-890d-4ef1-8fa1-33c0ef771df9,,,,,0
62419684-59fa-41c2-a663-73ac0b9b0b5f,,,,,0
6245bff0-f2da-41a0-a503-4a578f65bcfc,,,,,0
6249ddb9-1c22-4b28-84c4-cbc153cbb8cf,,,,,0
624a95b9-354b-415e-8bcc-382c6510469d,281.0,345.0,200.0,538.0,1
624a95b9-354b-415e-8bcc-382c6510469d,677.0,372.0,205.0,526.0,1
625628c5-4c56-49a7-b2c7-b3445ac714fb,,,,,0
6258b428-045c-40a3-b556-b2b3c83110f3,,,,,0
625a03ce-b725-4242-a2c2-79965f266be7,,,,,0
625ad952-940e-4c0c-b429-0ef0837b457e,,,,,0
625f6a52-1eab-46e5-a8de-711dcc21a51a,,,,,0
62605623-c91f-4c49-8f2a-96421b487090,,,,,0
6263c3a8-dbee-4207-9259-e420b754a2bd,,,,,0
626eb2ae-ca78-43fc-bbbc-5cf95bb328bb,,,,,0
627567ae-907d-4d83-907d-79db88f48303,,,,,0
627573e3-954c-41fb-959c-703f2ed7e92f,,,,,0
6278ade8-3dbe-4fcc-a8ce-cd08f8f3b50b,,,,,0
628a4414-2476-406c-891e-94efe24e4033,,,,,0
628a64f3-01e6-48ae-9430-57e5a4f7b188,632.0,352.0,109.0,162.0,1
628a64f3-01e6-48ae-9430-57e5a4f7b188,223.0,479.0,201.0,257.0,1
628b5d45-db3b-4d2c-9deb-f10795950543,,,,,0
6290b473-9935-4ef7-bb8c-3144e48377c0,,,,,0
6292f3d6-392c-4a60-8b6e-57b0bda52429,,,,,0
62946b4b-efbd-473b-a878-833b04ccc016,,,,,0
629c147a-375d-4776-a230-57ef6892468f,,,,,0
629f59dc-5e5b-4c71-8201-308827e78873,164.0,391.0,244.0,299.0,1
62b4b084-06c5-413b-a365-ef2882ca98ab,727.0,586.0,161.0,95.0,1
62b728e5-4d80-4215-8cfa-842163659160,,,,,0
62ba66c2-7154-4b82-af96-09feb7b91e00,,,,,0
62bedf60-be08-4777-a0e8-eb0a98bbc317,,,,,0
62c187a4-0a6b-4df6-8876-f3a45e23bb1e,,,,,0
62c63b51-ab42-4904-8667-a0e3cb939ebf,,,,,0
62cf5590-89da-4c01-ad00-b716886442c8,,,,,0
62d2cb35-a998-4a35-992c-8ab5fa03958f,,,,,0
62de4005-36b4-4ab4-9bf5-f72d3c11b0a7,,,,,0
62efcd0b-fabd-4057-8ebf-4ea4c960ba1a,,,,,0
62f2c1f0-e48d-43a3-81fb-3bd803768f74,,,,,0
62f42357-5ae3-4eed-a5b2-f189b545e579,709.0,384.0,212.0,176.0,1
62f42357-5ae3-4eed-a5b2-f189b545e579,293.0,384.0,229.0,274.0,1
6308ad78-cc49-491a-a9ac-b1c418bbcbdd,,,,,0
632032ce-a598-4a93-a2be-9222a44155db,,,,,0
6325a116-aefd-48b2-8ab3-f10f2e24f4b2,,,,,0
6326e2e5-d349-42e2-b42e-8dd63bc40d19,,,,,0
63271b16-59f1-46db-af92-63570f893222,606.0,312.0,201.0,480.0,1
63271b16-59f1-46db-af92-63570f893222,199.0,269.0,156.0,408.0,1
6329ef20-a219-43c4-a437-e15622f8c0ac,656.0,556.0,133.0,113.0,1
632a88aa-2123-4bc6-92c7-b3dd7c91224c,719.0,400.0,134.0,208.0,1
632a88aa-2123-4bc6-92c7-b3dd7c91224c,262.0,347.0,229.0,294.0,1
632df2eb-65b5-44ed-9933-44b8a91ccf8b,,,,,0
63450918-0bbe-43ac-9d0f-22bed387dfdb,139.0,577.0,229.0,237.0,1
63450918-0bbe-43ac-9d0f-22bed387dfdb,617.0,644.0,110.0,162.0,1
6356caac-984a-41de-b607-97f9eb7afa30,,,,,0
635f5da8-2340-4309-bd15-3d9a93e9aa41,,,,,0
63621a58-5fbd-4b5f-aba6-f296528ca835,,,,,0
63777dfc-f664-437c-ac16-eae613db1593,,,,,0
637d6326-e32f-48c0-82c9-aa1defe176a2,,,,,0
637f2280-b83d-48ef-969d-4ee08dd3ff20,,,,,0
637fc927-4a47-43ed-ad78-3d9b64c2dae5,,,,,0
638237aa-b0d8-47eb-a48e-b6913d25d7ed,,,,,0
638cda92-a9c2-4523-a564-4b2c89836c5b,,,,,0
638d492d-3d8f-4ee1-b912-9c2896544737,,,,,0
639a7b70-1b46-42c1-bc8d-05b1861292ef,310.0,422.0,191.0,431.0,1
639a7b70-1b46-42c1-bc8d-05b1861292ef,628.0,401.0,233.0,453.0,1
63a260ba-f241-477c-9319-74f01d50e335,74.0,548.0,181.0,133.0,1
63a31649-0f02-4f02-b071-4214b942f195,,,,,0
63a3624b-b2be-4681-87fb-e545315a4a0f,,,,,0
63a568af-c45f-4ccc-b5dc-f7a43686d610,,,,,0
63a65b21-052e-476e-9578-043a80019fdd,,,,,0
63b85801-c49d-4912-8912-540f737db383,,,,,0
63bcd5dd-e181-4e78-a2b4-e0a3c6eb963a,,,,,0
63bf1710-792f-46ca-b50b-932e501b0402,,,,,0
63f851ea-b371-46fa-985c-6dfc4ecf043e,,,,,0
63f8fd6d-67cb-4cbf-9812-029156e77046,,,,,0
6404bc57-dd68-4931-836b-8246d1e6cf14,,,,,0
640743e2-59ed-4859-b25b-eb92f351cef0,662.0,552.0,182.0,206.0,1
640bd296-46dc-4372-a1f8-1bbae5b204af,,,,,0
64116efc-5d76-4f05-8ff9-e31583c44b43,,,,,0
641a3a38-9074-4492-ad7d-412c30c84100,,,,,0
64261ed9-63ec-457f-a7ae-a7ce346ed938,,,,,0
6427e4f1-ea4e-4372-b04f-7cb57a722dc1,,,,,0
6432e2ca-b521-45aa-b9ef-25761c518abf,,,,,0
6439bc8e-a134-4f5c-a801-e67379549322,,,,,0
64422f2f-ef37-4a5b-8f2d-0b3b3d7ccde0,594.0,269.0,225.0,238.0,1
64422f2f-ef37-4a5b-8f2d-0b3b3d7ccde0,158.0,308.0,245.0,334.0,1
6452c673-1a45-429a-a2ca-df17ca4ec27e,,,,,0
6459b139-1206-459b-8ab0-535dc5dfd94f,,,,,0
6464e86c-9520-4d10-9395-b921f8f5e7f1,,,,,0
6465132f-14b2-4f9b-943e-29aeca26cb4c,,,,,0
646c50f2-23b4-4236-b92f-c5efb2139053,,,,,0
646c5605-7233-42a8-b190-0fe199e7d2d4,,,,,0
646f1dfe-7103-463f-adec-2cc4f5190e90,,,,,0
646f33bd-0722-49eb-87d6-96179afbc92a,,,,,0
647110e0-1f69-40c8-af7e-e8c3ad526495,,,,,0
647318b9-ffbd-4f35-8deb-f570410046db,,,,,0
64739b6b-2ef7-459e-8604-0578392094bd,,,,,0
6477a41c-821b-4c21-88cf-677f73d8bcd4,,,,,0
6479c18f-0b92-4ad5-84a0-53ed3593a2aa,,,,,0
647aae90-5201-4b8b-8733-835d0bd244c3,,,,,0
648061f0-085c-4a9c-8efb-7d33b0a99684,,,,,0
648d7073-547d-4ce2-b91d-87436e5e7abf,544.0,155.0,134.0,117.0,1
648d7073-547d-4ce2-b91d-87436e5e7abf,175.0,200.0,208.0,412.0,1
648d7073-547d-4ce2-b91d-87436e5e7abf,567.0,382.0,189.0,310.0,1
649ce8d0-49ba-40ee-9287-a9d5e16178a6,,,,,0
64a40621-079a-44ec-a015-62ab39588a5b,,,,,0
64aa6259-622b-430e-9d5c-7a76d9527734,,,,,0
64ba4894-66f8-410a-b57d-32cc70d5ad21,,,,,0
64be85d9-4e40-46d4-bd62-802f2304db21,,,,,0
64c64cdd-19c4-43a8-8220-677e133d7864,,,,,0
64cd1375-6d81-4200-be9f-afc1a7abe69d,,,,,0
64e8780e-86ea-47d7-94f0-7f145c6ba744,,,,,0
64ea0767-fba9-4104-9e29-9621a5bb2f60,,,,,0
64f134d6-370e-46f5-a16e-0c9832f1eda9,,,,,0
64f35a34-8ca9-43c3-bec1-dfaf1614fcdb,,,,,0
64f3e365-cff6-4257-85b8-3305653023f7,,,,,0
6502337c-9c85-4ce3-8d49-3a1175d426bb,,,,,0
65057bbb-2d6e-41d4-b6ab-65ca5ba39bcf,,,,,0
650afcc7-26bd-4f83-b9f4-e0219d836c52,,,,,0
6520ba7e-243c-4be7-b7c6-0005a16788c0,,,,,0
65225798-dc6e-469e-8010-427accb9e41c,,,,,0
65241f19-4023-48d2-9672-72565b1310f2,,,,,0
65247f5b-027f-4cff-95aa-f424dfeef259,,,,,0
654ee294-ce1d-46e6-886a-6e59dd966da5,,,,,0
655b50aa-398c-4021-b661-7625acdbdbc2,,,,,0
655b8f82-6ac2-43e3-867b-733b0d2307ad,,,,,0
655c2089-7835-4749-bbcf-283d0531158c,,,,,0
655ce7e9-2b01-4e06-849a-da6eb968de08,,,,,0
655d7db2-1a98-4c36-a64e-a56318454863,,,,,0
65634398-84ef-4ccc-b958-702862c4d4fd,,,,,0
656586ac-36bb-43b7-9858-93885d5b1f07,,,,,0
6565a9e6-3f01-4de8-a18d-ade3121c5d7c,161.0,640.0,251.0,248.0,1
6565a9e6-3f01-4de8-a18d-ade3121c5d7c,661.0,318.0,206.0,431.0,1
656ac314-64a2-4281-8a08-6596c5c5a20e,280.0,132.0,236.0,437.0,1
656ac314-64a2-4281-8a08-6596c5c5a20e,707.0,166.0,216.0,475.0,1
65728058-5579-4116-b171-575e843d081c,,,,,0
65738ec0-4bc7-45b4-ad9c-8d1d84b1618f,,,,,0
6585a8f4-0489-4818-8188-f11256ff98aa,,,,,0
658a2896-6f1b-41b8-bf00-c737fec7c969,,,,,0
658e7faf-1a01-4388-ba49-2976020b81d7,,,,,0
658f18d3-69ea-4ee6-ace7-d179d441036a,,,,,0
659311dc-e5f9-4150-90c6-65e762f170e6,233.0,554.0,186.0,185.0,1
659311dc-e5f9-4150-90c6-65e762f170e6,729.0,520.0,197.0,191.0,1
659871c4-2d2f-4a18-8290-9a13da8c3f19,,,,,0
659b4b06-6273-4efb-85fb-93e014d1ca2f,,,,,0
659bf031-6a2e-44f3-b3f3-3f0a7ca168f7,,,,,0
659bf12d-b088-4736-bf02-86d3008938da,,,,,0
65a8a0d1-7854-4c24-9b5b-7b6fa036c3b0,,,,,0
65b7888b-af92-47e8-afb8-44365bb4ac8d,,,,,0
65b970c5-56f2-441b-a533-87595d39ae5b,,,,,0
65baf406-5fa2-4596-a875-b3a812207328,,,,,0
65de4a3b-28e1-4574-a691-47b6dccf5dba,,,,,0
65e163cd-4f84-4fcc-93b9-7c0c782ce95c,,,,,0
65e2146c-7f83-4206-b996-0ee955b6f825,,,,,0
65e64b92-979d-4fd1-b627-f7b1df07ab5e,,,,,0
65efcdd6-14de-406c-829f-45bdf5cc7d2d,,,,,0
65fa42f0-ffe5-48c3-bc52-20e33b346f1b,,,,,0
65fcd056-faeb-4db7-b472-f27f42652eda,,,,,0
660423bf-1b7b-43d8-9d9a-ec96ea1afc1b,224.0,638.0,159.0,156.0,1
6607a20b-41cc-4215-b502-370929cb459f,,,,,0
660f30ba-71a2-4066-a469-0aeacd155d2c,280.0,419.0,154.0,182.0,1
6611a83b-ab07-4ffd-bbad-b62d35e93f73,,,,,0
66270ceb-178f-4649-9193-d09b07ec5670,,,,,0
6635be9a-ebe6-4c2c-953d-2ef1f8d65df1,,,,,0
663a14e6-793d-4d01-b1bc-04d5a1ac157a,,,,,0
663c8e1e-6afb-4ccc-b78c-a7865dc179a4,,,,,0
66412414-434a-4a66-97e3-68bf804d8a4a,193.0,492.0,158.0,138.0,1
6645c3fb-931b-4f97-a9b5-045f2ad438f5,,,,,0
66474484-30f7-4f06-a0e6-d02580f99915,,,,,0
6649c197-c85c-41de-9c35-25c1a4827077,,,,,0
664e584a-f471-4ecd-abc1-c350e32e923e,,,,,0
66533917-f0fb-48a3-b772-3ecdccbe066c,,,,,0
665b58b6-d7fe-415c-8c45-5c9c1780174d,,,,,0
665e0932-179e-49e4-99a7-05d1e310d14d,,,,,0
665e7a60-ea5f-4571-8fa4-135103173c81,,,,,0
666a08b6-a4e2-4dc0-ad8d-122d609e6188,,,,,0
666b0b84-6cab-47e4-b0df-2cffbb42de9a,,,,,0
66720b7d-bbe2-4acc-b81a-02f5017187fb,,,,,0
66746759-ffd8-4020-a20e-e268efed5a86,,,,,0
6677d92a-03a7-4aa7-b040-43d5e16bb379,,,,,0
667eca17-25d0-4d29-ba3c-6e4f5cf5f9b0,,,,,0
66811487-9791-4a70-a560-b9d0b586c4b0,,,,,0
6690649e-0fca-456a-8da7-a364b0acde85,,,,,0
6698c3d6-2128-4ff8-aaa8-b840045e00c1,,,,,0
669a4a9f-f876-4da2-a48d-e2db19fc9cbb,,,,,0
66a526d9-96b0-4b98-89db-1c0c9eba59f7,,,,,0
66a73c8d-6821-43ee-ae92-8500fa5d985d,,,,,0
66aa8f78-13e3-4e42-94a2-75e41d43f7f6,,,,,0
66aa9e5c-1313-4fc2-a167-b584436f187b,,,,,0
66ab312c-f347-4ab2-82fd-556340d73589,,,,,0
66b1bb44-ddc8-4d55-ba6e-dda25beb2190,,,,,0
66b4b3bd-d774-4869-9e97-5b84085f91cb,,,,,0
66c6ee2e-717e-4ca1-8069-0d0987d53fa4,,,,,0
66c7dfee-7368-4926-944c-65e52a372f48,,,,,0
66cf0d4e-8f06-4c96-bf7c-ea13609a272f,,,,,0
66d020e7-2f2a-41b6-a50b-abbf958588aa,,,,,0
66dd98a0-ea0c-4a26-bf10-58298ea24fac,,,,,0
66dfedde-7e6f-4ee9-8bf2-cbcefea5a5bf,,,,,0
66e1239c-bcdc-4787-98e5-73ee2421add5,,,,,0
66e6bf74-56ac-4dc5-86a8-9fd51ddb4446,,,,,0
66f41434-28aa-48e7-aa51-261822590986,,,,,0
66f64de8-cacd-47b9-a47f-37b5a612bdd5,,,,,0
66f69589-bf3b-4083-b226-79c68e030099,209.0,470.0,208.0,188.0,1
66fbe46c-488b-4571-9c74-ee8742f09ccb,671.0,250.0,148.0,251.0,1
66fbe46c-488b-4571-9c74-ee8742f09ccb,277.0,458.0,166.0,171.0,1
66ff514e-220e-4acd-97d7-1336a53feecd,,,,,0
670080d5-d370-4c5a-b617-f5409d52a88d,,,,,0
670758b6-74fd-4b1e-8307-45f114e73002,,,,,0
670d7af7-4422-4f2e-994d-96179316a71a,621.0,348.0,218.0,274.0,1
671508a1-7593-4563-904d-d7055e85d809,654.0,389.0,166.0,123.0,1
671e2555-d5b6-4cf8-ae19-a79f7b97f5e1,,,,,0
67222b15-7569-4c2d-b214-f3f613f4549b,,,,,0
672a7b2f-f672-46c5-b876-bad17cd8a567,,,,,0
67305076-ddff-44df-9682-9af7203dd20a,,,,,0
6733e222-411a-4703-98fe-9c147ef562b7,,,,,0
67431b8d-1069-4c27-919a-51761ec5ad0d,,,,,0
6756a810-a4d0-4e64-9ea0-df78a7dd0cc8,653.0,440.0,184.0,203.0,1
6756a810-a4d0-4e64-9ea0-df78a7dd0cc8,337.0,465.0,188.0,188.0,1
67580792-919e-40f8-bcb4-9b869731feeb,,,,,0
675a009a-882c-4d3d-a2cf-18b94a7a3fb1,,,,,0
675d018d-5f5d-47ab-add6-b83c25e8745c,,,,,0
6760e7c2-b179-4842-82e1-1424c3972b87,,,,,0
6763be21-4c3d-4f0a-a40b-27d2b79d4e50,,,,,0
6766f51e-1b41-4320-b0dc-0c0cd97b6077,,,,,0
676c0497-b07e-42d0-a3fc-8512b8d66a76,,,,,0
67702847-2e38-4864-acd6-5ca69941ee68,,,,,0
678461d0-6228-4da1-a4de-70744fbbf6e6,,,,,0
678b3367-ee1c-4f3a-9482-58224ad16bc5,,,,,0
67a495f5-4a1c-4176-9562-2657a7790eed,,,,,0
67af68f7-7ba0-49a0-a373-3a8801eb0faa,,,,,0
67b006cd-ea64-4d06-9ce4-e19134e2cb21,,,,,0
67b322d7-88d3-457f-ae58-66d416684a6b,,,,,0
67b858ef-f3ff-4c13-b473-3d8ec8ef889a,49.0,388.0,241.0,447.0,1
67b858ef-f3ff-4c13-b473-3d8ec8ef889a,512.0,386.0,266.0,322.0,1
67b8ef8a-5285-4eec-88c8-8f4fe53f0f6e,696.0,401.0,191.0,171.0,1
67bf005e-6939-47c6-a73f-8eeec0df47bb,,,,,0
67c4416b-89e7-40fd-a1a9-3155979fcf6b,,,,,0
67cbdff5-178b-4da2-9a0e-7c7ab1bdcaf1,,,,,0
67cc4492-4ac7-4528-a54f-e871c228d375,,,,,0
67ce8121-c2fd-493a-ae78-f256b3c1b0f0,615.0,351.0,191.0,252.0,1
67ce8121-c2fd-493a-ae78-f256b3c1b0f0,140.0,429.0,169.0,186.0,1
67d27fb3-23c8-44b7-aec5-ed80e9bf6a71,,,,,0
67d59647-4c81-4830-a22b-6e9f3ac4aff7,,,,,0
67ec68b0-a5ea-4744-83b8-8a8f6a770288,,,,,0
67ee3f8f-2619-4800-bedf-15794758d155,,,,,0
67f45b7b-3e6b-4358-b515-e8a73c341f36,,,,,0
67f87ec9-821b-4159-ac5e-edd2249dad5a,,,,,0
680297ea-1afd-40e5-b2cd-5a7d56a27024,,,,,0
68037c3e-87f2-427e-816b-da837754a1e7,,,,,0
680fac3f-966d-4c7d-a188-a0cc14f735b9,,,,,0
68111058-0da7-4406-99f1-fb316fef9c10,,,,,0
6822cc19-a381-4026-9eb9-873a89e4fe0f,,,,,0
682449f6-f723-4460-8bb4-03d027449e8f,,,,,0
68270fb8-974b-4e35-87d9-ae5d77cb166c,,,,,0
682c1c1e-baf1-4517-a359-a1496c90c52e,,,,,0
6831fdb0-41b6-4171-ad98-7487f0a8fd5b,,,,,0
6834d1a8-c667-4a5e-ac40-a8be0752d32b,,,,,0
6846602c-6267-4769-8bb9-1d3695d81482,,,,,0
68502c9f-dc74-430c-a839-4625710a62b9,,,,,0
6850e324-6105-4e8e-961e-6ae2f5e71e66,,,,,0
6851fb69-3777-49a6-a1bb-632c34316799,,,,,0
686d4879-adec-4499-a1ff-41ef8f5198d4,,,,,0
686f3f50-0432-4f11-9bd8-63dd369af840,277.0,218.0,161.0,434.0,1
686f3f50-0432-4f11-9bd8-63dd369af840,784.0,472.0,106.0,106.0,1
6872208c-5e92-4a4d-873a-13b1bd23daba,,,,,0
6876208f-f19f-45a4-aa5f-4efe3d542d20,,,,,0
6882ecfb-e577-42f1-9cbd-5f6408ae189a,178.0,470.0,234.0,174.0,1
689901ac-de33-4a7a-8969-90c52eca84bc,,,,,0
689ca3a8-4de3-4324-a56a-b426470617e7,,,,,0
68a684c5-047c-493d-8a6c-e9914d4a45f7,,,,,0
68a6bc66-5463-4ffd-b617-b6cc0888d6f5,,,,,0
68a9e76e-34d5-45fc-9d39-d20c2a52eaa1,,,,,0
68abf087-9790-4441-b12d-75ebc081ca4b,739.0,478.0,123.0,116.0,1
68af451d-8222-43c4-8753-2b70cbbfb194,,,,,0
68c13574-a0dc-49e3-8004-923f0b2d278f,,,,,0
68c36cca-65a3-451b-9e47-4fda245588bc,,,,,0
68c5169b-377b-4025-a26a-1e941a55a667,145.0,580.0,221.0,254.0,1
68c61479-817b-4430-a3fb-6f2ef2501929,,,,,0
68d9ff29-877f-4d6f-af4c-c831c7c72966,,,,,0
68eede7b-2f55-4d00-8158-a0801fa7193b,615.0,502.0,191.0,113.0,1
68f5af12-3276-404c-8b82-97e4945575dd,,,,,0
68f6391e-0148-458f-975c-5369d10ef81a,,,,,0
68f722e5-6b7c-44f9-9224-079cc00a62b9,,,,,0
68feb3b4-fbfc-47dd-808a-d58bf9a65764,,,,,0
690bbb39-1b67-4af0-94eb-7d1209e1ecef,188.0,455.0,219.0,341.0,1
690bbb39-1b67-4af0-94eb-7d1209e1ecef,583.0,369.0,247.0,281.0,1
690d6f0d-e7c9-4610-b21c-5b37019838c4,,,,,0
690f5a12-56f5-4fd5-8155-eedf06f18fc7,,,,,0
690f819a-b75d-40d6-bc85-e79f6b550e00,,,,,0
691330e9-6cf4-4dec-9e7e-d790104bd0c4,,,,,0
69145580-38bd-4aa6-8ca9-0efe12d787c6,,,,,0
6919f25a-5673-4d45-b10b-a4bf750b3a27,,,,,0
691f5a2a-73e9-40b2-aa76-aac6ee7e0b2d,,,,,0
692a79a2-5d94-4f0b-8b30-e7f8b21e45a1,,,,,0
693ad3cb-222c-4f84-b5b8-c3310061beb5,,,,,0
693bfe22-dff4-4f4c-9ade-09dcb1babbb6,,,,,0
6946f198-8ee1-4a54-b6eb-3390f3c43554,,,,,0
6956f62c-9557-4de4-bc3a-218c2ba2cd1c,,,,,0
695b6d1e-f8d7-426a-8abe-aba77943ab71,,,,,0
695d9d83-fca2-4cea-81e3-fe27f3b8810b,,,,,0
6961f4d4-addd-45a7-9053-2e8959fa4562,,,,,0
6966eddb-6e2c-4f3d-bb00-26f20bcf8c66,,,,,0
6966f0a9-201d-4ec6-a077-fe9d77c199eb,583.0,253.0,151.0,136.0,1
69681769-1d1b-4ad9-85cd-4f5289640b81,,,,,0
69692a08-ac46-407f-938f-a781b55e0752,131.0,497.0,198.0,103.0,1
69692a08-ac46-407f-938f-a781b55e0752,630.0,399.0,151.0,161.0,1
696eaa02-46db-4fdc-87aa-38ea72b30c4e,,,,,0
69721760-7142-42bb-9bb9-c47c9e76288c,,,,,0
697fd96a-05c7-4d2f-8e1d-ad99238e4a94,593.0,356.0,159.0,128.0,1
698e0d36-b52f-41d2-a65a-b42bbcf67b2a,,,,,0
6992e753-ea49-4463-8c50-d15318f5ddde,,,,,0
69a6dd33-abbc-46f1-87e0-7b2a5a25bc2d,,,,,0
69ac2b3b-864c-4538-8275-2903a486a841,,,,,0
69aca0db-019c-4390-a6d8-beffb618f97e,,,,,0
69bbcad8-1da6-4a69-a771-3c73e71c888a,,,,,0
69be961e-0fbb-480f-aa6a-5df88272b548,,,,,0
69c648f7-ef97-4c82-9587-4e0af5a0d44a,,,,,0
69d3296d-5f6c-4c4c-8fbf-d804e2389aca,,,,,0
69d59bc1-1925-4149-a138-217606d1a41f,,,,,0
69d9bbb9-8952-42c9-849e-c1fcff4741f7,,,,,0
69e0c05a-89e0-4b26-9628-7276cf4c18d8,,,,,0
69e20212-750e-482f-9ad0-1aed2911fa50,,,,,0
69f247b8-48c4-43cd-89c1-e6be042d6b19,,,,,0
6a0627c7-189e-4cab-b116-eded7bcf1ad3,,,,,0
6a0b3425-8eef-4d27-a387-680e6c1f5b13,,,,,0
6a0db98f-c1aa-4772-a578-a0548f909eef,,,,,0
6a17292a-fcef-423b-a7a2-046b6923d559,,,,,0
6a22b1a8-9a9e-4290-b042-fde131853cdf,,,,,0
6a250116-64e3-4f3a-8432-850e06a33c9d,,,,,0
6a2a3013-7795-4947-b79e-583af75fdf8a,,,,,0
6a2e71ca-55a4-4b9e-ae97-a47a070fc89d,,,,,0
6a36436b-362d-4416-891f-7181b769626d,,,,,0
6a3741d1-7427-42d4-b29d-401d659b5d0b,,,,,0
6a377640-4f7d-4f15-868a-91dfca7d6651,573.0,262.0,219.0,238.0,1
6a38bb2a-e17c-4efb-8cf8-3710f5e37f59,,,,,0
6a3a3e2d-6b76-44b0-8426-cd1fdccd2a71,,,,,0
6a3cc523-6894-44ea-a803-1288c91a6e22,,,,,0
6a41caa1-bf05-4c9e-9021-9b5677fc25fb,,,,,0
6a41e296-8bda-4f84-8766-c253246b77d0,596.0,495.0,148.0,153.0,1
6a4d75d0-51ae-4952-ad56-132474a2cf7b,659.0,561.0,198.0,211.0,1
6a564802-a75c-4a40-957b-110303263bf7,,,,,0
6a5b9fe0-bcea-4f37-b2a5-df9b27793028,,,,,0
6a5eeedb-f8f8-4c18-88ce-e392a91270f7,,,,,0
6a6cb2f1-eb9f-494e-b927-f4307af57060,,,,,0
6a7ad59c-c9fc-435b-9e41-844a9477c6d9,,,,,0
6a7b02fb-8a10-4cbc-9cea-4249ad46f768,,,,,0
6a80b4e3-1cc8-434d-9d5c-52b8a455b941,,,,,0
6a81e6c6-08e0-450c-8d22-687821b2a8ac,,,,,0
6a82ef54-9e27-4c55-afba-47298ad088c9,236.0,512.0,113.0,90.0,1
6a8b9eb8-d466-4470-9331-a28f17222877,,,,,0
6a9107b3-b846-48bd-878c-fb547c8bba7a,,,,,0
6a92e6d2-4f77-4da3-8e3e-dda339b9838a,,,,,0
6a9eeb3f-54e8-4acc-b30a-026684451e62,,,,,0
6aa019d7-8e9c-4dba-8621-fdad4efa4f2e,,,,,0
6aa3d9ab-9b25-4609-99ea-8fcb17d87a09,,,,,0
6aa660eb-06a5-45de-9819-84da5b02e787,,,,,0
6ab2dfcf-1629-408b-8ba2-a15142ea4aa5,,,,,0
6ab40f5f-0589-47f2-8029-cf4e7666ed17,,,,,0
6ac9716b-2538-4351-b465-7a64d3211518,,,,,0
6ad0b1b1-255b-4c39-8950-f3ce7f9440d5,,,,,0
6ad45a45-f694-466a-a19a-40636162958f,,,,,0
6ad6525d-5225-4623-9f5a-65816cc3436f,615.0,411.0,228.0,218.0,1
6ad7f3fe-7c0d-4dbc-a3dc-386cbb8e219b,,,,,0
6adaad70-4f68-478b-b489-6824830a7688,,,,,0
6adca7eb-bf40-4139-9939-32f74eb64cff,,,,,0
6add1a08-28d6-459b-a8a1-b018007cebef,,,,,0
6ae40616-cee1-4d80-a5bc-878bce7f8ac9,,,,,0
6aefeac2-d497-47c9-939d-5558d039ae1a,497.0,266.0,204.0,242.0,1
6aefeac2-d497-47c9-939d-5558d039ae1a,197.0,236.0,155.0,217.0,1
6afd9e2e-7841-4469-88c4-13fc2abb3b1b,,,,,0
6b0bb2d0-aeb5-46b9-88cc-73db366cae5b,,,,,0
6b0fa27d-7ca7-4b56-92c7-a389988ec660,,,,,0
6b1319bc-6253-47b8-9f36-c694bef288d0,,,,,0
6b2068dd-218e-4516-a045-2f6b9a1c4752,,,,,0
6b269514-b5c3-4506-a004-4bc3375807dd,,,,,0
6b2ad685-19cc-4ba9-85c2-cb2aca68e33a,,,,,0
6b32fb01-46ea-465d-a0aa-21fa8583b230,,,,,0
6b351e8a-67d0-4db7-a7c9-ab32c5e55109,,,,,0
6b35c3af-5c16-45f8-a1bb-75b38742c330,,,,,0
6b389074-37b0-4471-a9bd-c6ebe95d9683,,,,,0
6b3f694c-b221-40e9-9693-0649f1d61613,,,,,0
6b4df581-a18b-4c24-9865-afaf52be56e6,,,,,0
6b4e7901-d264-4bb6-bd46-25f4899ee16f,,,,,0
6b56ba33-aef4-4d1f-8618-f999410c4983,,,,,0
6b5b8cfc-d9c1-4e7a-9808-648833c2a41d,,,,,0
6b5ec6c5-06c3-4574-b44a-d5735bdb363b,,,,,0
6b63aba9-7423-49e1-8f94-a4277592cdf4,,,,,0
6b650fba-bdf8-477b-841f-0527642f805c,,,,,0
6b76c34a-7723-4c94-ba94-e8c18e7a4752,,,,,0
6b7e0ce7-a08c-4d69-bdf1-7a807ce434b4,,,,,0
6b7e80f9-5942-4227-a88d-bc97820711af,,,,,0
6b80c461-49ac-4e42-af05-bbc7fcb1e0ad,,,,,0
6b8884f1-abcc-4285-97e9-d70e867e1545,,,,,0
6b8d5e97-37cc-466b-820f-1089972f1bf3,,,,,0
6bb66994-3a49-44a3-8469-88194055b0b1,,,,,0
6bbaf85d-e321-4e84-9524-4859004a661c,,,,,0
6bbf5c58-7820-4031-97cd-6fbf41ab8f29,,,,,0
6bc20130-f64f-4b9c-836a-e3f339d36254,,,,,0
6bc29d1f-fdf7-4c3a-ab66-c99f60d27bb8,,,,,0
6bd01448-46f5-4ff9-aa10-ed934881427f,,,,,0
6bd06739-0335-492e-bce8-e2c3ec1706b2,,,,,0
6bd0ab39-ea0b-443b-add0-511d8b4028dd,,,,,0
6bd155f1-693f-4343-8d38-dc0d1cd9347b,169.0,291.0,277.0,495.0,1
6bd155f1-693f-4343-8d38-dc0d1cd9347b,584.0,288.0,285.0,551.0,1
6bdde7fd-1ec2-4ae0-9f50-43d2f072bd72,,,,,0
6bdfa91a-d42c-4052-9584-e218e36dd509,,,,,0
6be9c747-a96b-4c54-a8a8-62483c92dd97,,,,,0
6bf26f0a-245a-43f3-b9df-c6cb07c4dce8,,,,,0
6bf3c8e4-67d7-4e39-9d28-fe9a396c9d84,,,,,0
6bfad602-a328-49ea-80cf-bb6db9d42652,,,,,0
6c069d96-31a4-4aa4-b808-6012bb4e5ca1,,,,,0
6c1f6af7-a6e7-4adf-be92-b2ea81edc653,,,,,0
6c2fb392-4762-4aa6-9878-ac6fc82ff6a1,,,,,0
6c324073-374c-4319-9399-6e40fbe60b48,,,,,0
6c34c206-a046-456b-b46c-345e4dfca403,,,,,0
6c43dfcc-13ea-41d1-8d6d-9b872969140c,,,,,0
6c5594c3-eb22-4efb-b4fa-05e3c1bb2665,,,,,0
6c5784c1-91f9-4339-921b-f654456bc9a1,,,,,0
6c6dadf2-89ea-472c-9020-2c52f7f4cec4,,,,,0
6c782f6a-c131-4fdf-b45c-7545f1091cb7,,,,,0
6c8351d5-287a-4b68-a5b6-dcdb1ec8ea3c,,,,,0
6c84b70c-457a-458c-9492-eaeb4e581cb3,,,,,0
6c85088d-fb54-4a14-bed4-1f328274482d,,,,,0
6c90b38e-795a-4a29-960a-20a5d86c7725,,,,,0
6c916756-059c-4001-bb3a-8c1ac7c9a062,,,,,0
6c917d96-f4b2-4c0c-b4dc-fcb399cfcb87,571.0,308.0,172.0,205.0,1
6c917d96-f4b2-4c0c-b4dc-fcb399cfcb87,184.0,209.0,218.0,349.0,1
6c93d95a-2f16-46ea-88d8-84906aa27d64,,,,,0
6ca248a9-07f4-47c0-9755-cd533eb7f401,,,,,0
6ca29744-a746-401b-b774-66190b3c25d4,,,,,0
6ca5f98a-0f08-4375-b286-247da769ec05,,,,,0
6ca7f663-f2ea-467c-baeb-7662614b3484,178.0,376.0,267.0,343.0,1
6ca7f663-f2ea-467c-baeb-7662614b3484,599.0,535.0,250.0,194.0,1
6ca9f96b-f164-4022-8c4d-28eed6214c4f,211.0,557.0,131.0,155.0,1
6cae5af4-d7b9-4a62-ae00-51c10748e672,,,,,0
6cafc676-7e2f-402b-b713-f80e2fe91796,,,,,0
6cb2fc15-f04c-4fcd-be3d-a964d1467401,,,,,0
6cb48d9a-fcc1-47d8-948e-5fde543b41bc,,,,,0
6ce55f9c-57e3-4523-a645-dd1437ea4ba2,,,,,0
6ce856cb-8c76-4ab6-ae18-d1afea549f94,194.0,459.0,191.0,356.0,1
6cf4c754-3562-4026-b05d-a3307e19056b,,,,,0
6cff6985-5a24-4200-9b20-972711044b82,,,,,0
6cff939a-9f01-4536-8b66-accffd6d6eb7,,,,,0
6d06b742-3186-4152-b194-76b70def540d,,,,,0
6d0d7b56-ea24-45b6-ace6-d8763e852547,,,,,0
6d144e7e-8e3b-494f-85d5-e56150f64f3a,,,,,0
6d1a0673-4f51-4e77-9a4f-95b78bec1e56,,,,,0
6d25fc2c-d0b3-4b4b-850f-dea71042576a,,,,,0
6d274599-5c97-4cbb-8e91-c8a60bcd0d21,,,,,0
6d323ed6-62f7-4033-bad8-18c3091fc616,,,,,0
6d398bc7-dcf6-47ad-b096-f5f12c1725b8,,,,,0
6d3d041e-c15e-4bdc-8eba-817be8a1a324,,,,,0
6d434242-2856-476f-8b14-f8ddb2cfd858,,,,,0
6d4f6f7f-b446-47cc-96bb-024105e4a064,,,,,0
6d567876-497d-4d69-b558-bbc31d9bf5a4,,,,,0
6d56b245-eb64-4175-806a-9a7fb88034f8,,,,,0
6d5dd0d3-ca66-43ca-b4bf-46784adcce2c,,,,,0
6d606539-4b71-43c7-b12b-bc16512da2fb,,,,,0
6d6c53eb-4b90-4149-a8f4-523b65375525,,,,,0
6d70a183-af3f-4dad-8561-9e161ed99163,,,,,0
6d7974f3-0dee-4ea0-84fe-7f61a2a1b1ca,,,,,0
6d7a8c55-84e2-4233-a955-ae09cd02f990,,,,,0
6d7d7540-328b-4eb2-8b87-823c9ed18f62,,,,,0
6d7eeaa9-f060-4fc2-ae1d-f4dd1476fee9,,,,,0
6d915b71-2cb3-45d6-ad8d-1cac728d9e6e,,,,,0
6d92b74d-4fea-418a-8e02-1e430331e99c,,,,,0
6d9912ad-e56b-4ff3-931e-75b39df49c0f,214.0,515.0,96.0,86.0,1
6da20c13-b4ce-4009-af02-191262a92791,,,,,0
6dad7d7d-5e28-408b-9315-a74c48d88097,220.0,414.0,142.0,120.0,1
6db3db9d-4241-406e-8035-ea39271f7788,,,,,0
6db9b51e-72d8-4511-b113-fa0ef0387fe3,,,,,0
6db9f53d-bff4-401b-b876-7965db9c0b31,,,,,0
6dc8af39-9d3e-4f4d-8614-2eb672b6e554,,,,,0
6dd2184c-de2f-4da9-82a7-70db5b0e0bc6,,,,,0
6dd8ba92-08ff-40d0-8fd5-715efa62b1f4,,,,,0
6ddb7028-0aef-4a7a-b869-cbdc0c54005c,,,,,0
6de46d7a-2863-463d-a46a-fd85af10783b,,,,,0
6de9cd77-3805-4003-921b-07fec5a07b75,,,,,0
6df00db5-7799-4dcb-81c5-341c24603cc9,,,,,0
6df82c7a-a91e-487c-ae3a-9022b17d7c7a,585.0,285.0,172.0,371.0,1
6df82c7a-a91e-487c-ae3a-9022b17d7c7a,206.0,227.0,191.0,393.0,1
6e015f51-cbba-4e22-b0d4-41f7ad839e4b,,,,,0
6e028cf7-8ea4-4e7d-a2b5-0d5bd2eca495,324.0,295.0,133.0,333.0,1
6e028cf7-8ea4-4e7d-a2b5-0d5bd2eca495,680.0,215.0,151.0,317.0,1
6e0d9ed7-09d6-4089-b214-2f6c0f45913b,,,,,0
6e0dbf20-7070-484e-937d-629f59838638,,,,,0
6e0f6f55-effa-4743-a858-6f2f2e1f4ec0,,,,,0
6e101be3-5cb0-4109-941a-56730bbc5ca9,,,,,0
6e1d50f6-0065-422d-9f93-8680627d6835,,,,,0
6e26360c-3342-449c-907a-803c06d59830,,,,,0
6e2f44ec-dcec-4891-b33c-a7e2ad791ba4,,,,,0
6e318106-e492-45f7-9393-dd642359f08f,,,,,0
6e451fa9-5349-4bb6-b4c5-5b96fa2551d4,,,,,0
6e51d60e-f6de-4f34-9534-ccc085e41f53,,,,,0
6e538816-5eee-4d6d-9b7e-49f24a9653b5,,,,,0
6e5571f8-ebf5-41f3-88e3-2e78a6dd5f0f,111.0,206.0,219.0,554.0,1
6e5571f8-ebf5-41f3-88e3-2e78a6dd5f0f,456.0,301.0,199.0,476.0,1
6e5ce21b-5506-4248-a729-22be4545874e,,,,,0
6e6c01ff-6fcd-4753-bec3-71116c3ecfdb,,,,,0
6e71c881-b814-457f-8d31-00bda463396e,,,,,0
6e73017c-4e3a-499b-a597-4a797bb179de,236.0,521.0,171.0,156.0,1
6e75f4ed-46b1-49ff-bae2-e389adc9e6e6,,,,,0
6e7bfbcf-5702-4db1-a027-a2930292bd1a,,,,,0
6e802ad4-38a6-4517-9cac-bb14f3ae10e7,,,,,0
6e88a38a-9467-4ab9-b517-3664e98bc42b,,,,,0
6e9329fc-862a-47dc-848f-fb560ed17096,,,,,0
6e9ba999-9a90-4d68-bbd6-1eb63b71782c,,,,,0
6e9f7191-8b42-4836-a419-8bf369715667,,,,,0
6ea6aa16-943d-4351-bbe6-5fee3724c70d,,,,,0
6eaa213b-37a9-4d44-a4ae-c802ecb64cad,,,,,0
6eb4be7c-1c6e-43fd-99b5-00e3b22c6df6,,,,,0
6eb4d594-3120-4612-8d4b-7bbc160c3b21,,,,,0
6ec9d99e-a8d6-4ae6-8531-d46042d6500a,,,,,0
6eccb545-b994-4a75-b8ca-2001623d6bab,,,,,0
6ed0c46e-ad1d-4fd8-87c7-cad314fb177e,,,,,0
6ed32587-0518-4b4b-95e6-a4b0651b1a6d,454.0,191.0,266.0,671.0,1
6ed32587-0518-4b4b-95e6-a4b0651b1a6d,153.0,207.0,226.0,647.0,1
6ed46d56-93fa-4eda-be49-0b1a6c68ed75,,,,,0
6ee38a04-2de3-4237-b323-3a8d990742b4,,,,,0
6efce5c3-d57f-481e-a23c-9f1e27d31a3b,,,,,0
6f011cdb-254b-47b1-857d-d2e34b3f1743,,,,,0
6f02e9d9-a4da-42ad-af9a-85448827d3b6,,,,,0
6f0797fa-820f-489f-b7d5-75231b307bf7,276.0,568.0,112.0,89.0,1
6f07a0db-7444-4f4e-ba00-095419550e7d,,,,,0
6f0aa949-7f96-4fad-a852-4224a159834b,,,,,0
6f0d2ff9-c0dc-48c3-a944-1f18dc185e1f,178.0,637.0,206.0,225.0,1
6f102297-4e9a-4c0f-ae5b-231d982c0bd8,,,,,0
6f1d3c0f-0119-4a49-8bc2-343b95b110e7,,,,,0
6f2273b3-764e-470f-b155-97bd092900ff,,,,,0
6f2fa03b-7a04-4795-b927-bf0d32b24f73,,,,,0
6f3177d5-1942-460b-aece-51414a64ed5b,561.0,311.0,189.0,479.0,1
6f3177d5-1942-460b-aece-51414a64ed5b,97.0,494.0,170.0,157.0,1
6f3758c2-f820-4913-b3eb-b5ee3dcea2c9,,,,,0
6f3ccbda-6bc1-4bbf-aa49-f789335a22b3,,,,,0
6f3d76ce-9c4e-4e4c-b344-776d764e1be8,160.0,153.0,230.0,543.0,1
6f3d76ce-9c4e-4e4c-b344-776d764e1be8,519.0,180.0,283.0,552.0,1
6f4378d6-f017-45ed-91cd-b28f579506ba,,,,,0
6f439221-5c8e-4b75-a443-0cccc10a6bb2,,,,,0
6f491520-b891-48e4-9047-7afc2ad9f7bb,,,,,0
6f558e12-6030-4774-a18f-e7e7f5618bdb,263.0,294.0,108.0,104.0,1
6f5859fe-9eaa-4a4e-bb4c-217596812fef,243.0,438.0,150.0,213.0,1
6f5d9135-ffc5-4076-872d-ba8a5bf7e8e4,217.0,526.0,176.0,125.0,1
6f6afc4a-cc1d-49ba-a986-c170e38c7c00,,,,,0
6f6b253a-54ad-4b30-aa6e-581f3f32065f,,,,,0
6f6f2177-304d-4174-ad65-7b163f492c33,,,,,0
6f7a739a-c48b-4236-a349-22d18192f905,,,,,0
6f7b0bc7-c23d-44fe-a0c5-bffd10ddf11f,,,,,0
6f988c8c-ad47-4694-b5c9-bf572cc7c23a,611.0,413.0,197.0,378.0,1
6f988c8c-ad47-4694-b5c9-bf572cc7c23a,231.0,475.0,217.0,312.0,1
6fa98716-9ba4-479d-bd41-332cafed8a05,,,,,0
6fadce8d-3ee4-4f94-b05f-e6f0bc531c6b,696.0,356.0,246.0,536.0,1
6fadce8d-3ee4-4f94-b05f-e6f0bc531c6b,237.0,273.0,260.0,539.0,1
6fb0791a-7bf5-4a8b-9bc2-dd539b6de2db,,,,,0
6fc2afba-a9fa-4c41-bbe4-05723d7187c2,,,,,0
6fc714df-ff99-419a-9ca6-ab44ee796f13,,,,,0
6fcf6a3a-dd47-4a67-9bea-c670f1d94acc,,,,,0
6fe00714-ca20-4d40-96e6-db53c5c600df,,,,,0
6fe10b24-08e3-4ade-bf3b-4dd80f0ea78d,,,,,0
6fe2dcdc-d759-4d5b-9c7a-4f3d25bc4b4c,,,,,0
6fe2f116-bde2-4a5d-b178-92139de9ef2d,,,,,0
6fea2431-de26-4d6d-adf8-ab61aac2d23c,,,,,0
6fffa5fe-5911-401c-a17f-ffc5f428c373,,,,,0
7002c25e-83ce-4af1-9cdb-a9d4899d6104,461.0,207.0,214.0,571.0,1
7002c25e-83ce-4af1-9cdb-a9d4899d6104,79.0,127.0,193.0,563.0,1
700a6dd6-7d20-4796-aa58-b4a9dafd6472,,,,,0
700dda66-d2a5-4898-8f6e-78ef63cbd2a3,,,,,0
7019898e-cf8e-4b6c-9891-88412605fee4,,,,,0
701a43dd-cdd4-44be-a41b-cb28b921366c,,,,,0
701ee1cc-5bb4-4b0d-b1df-437d8a5fdcb3,94.0,437.0,312.0,315.0,1
702dd374-879d-4b8e-ad5b-7729f16a9ae2,549.0,333.0,279.0,664.0,1
702e4db2-4282-482a-ade7-90e7a7fc6705,,,,,0
70341c2e-c41d-4fa8-bd41-573081a37dc7,,,,,0
7034257a-0feb-4ec7-9401-931910086d03,,,,,0
70355576-c080-4518-baad-c2e48f94dba8,,,,,0
703d9ff3-85c8-4769-96e1-28473b8fd41f,,,,,0
70424f6d-6b1c-475c-b735-4e368f0c8abd,,,,,0
70495676-4223-40d9-a050-222fca244b47,,,,,0
705c3feb-6faa-442a-a321-f8b14d1d2a2a,612.0,166.0,224.0,509.0,1
705c3feb-6faa-442a-a321-f8b14d1d2a2a,261.0,148.0,234.0,509.0,1
705e0a68-4c09-44d1-90ee-6fe5e992d3f9,217.0,548.0,144.0,137.0,1
70695903-815e-4670-acae-bdd9a08b13f9,,,,,0
70724572-19ca-41de-9521-f9bf11479597,,,,,0
707c724b-bc84-4e62-8a1e-195056b22f2a,,,,,0
7082022e-2d79-4fcd-8701-2cba57b5ceb7,,,,,0
7092a623-6d2d-4ecb-abed-be46296c4d7e,268.0,216.0,207.0,400.0,1
7092a623-6d2d-4ecb-abed-be46296c4d7e,599.0,245.0,185.0,452.0,1
709f9796-ee68-4825-9bc0-21cf7b2ccdf9,230.0,389.0,162.0,128.0,1
70a0cd6a-43c0-4cf3-add5-be674c5a9de6,,,,,0
70a98d1e-4936-4532-9a7a-08d58b9040c0,,,,,0
70b6a2e6-77aa-4678-a3df-901dc49394a5,,,,,0
70c2e653-8a6a-47af-b66a-4d8a9aed53d1,,,,,0
70c3efab-83bc-48e9-8b5e-6bb55ff5981b,,,,,0
70c9a320-1095-4c41-b632-d634e2f90bab,,,,,0
70cb2306-fffb-4c0d-8385-3da27552f6f7,,,,,0
70d2139e-967a-4fa9-b44d-b1515b82af4b,586.0,640.0,92.0,124.0,1
70d6479f-edb8-4b7b-b6cf-00f85fdeb87e,,,,,0
70d7f4df-5497-4205-a36b-e47b58145fa2,571.0,184.0,291.0,496.0,1
70d7f4df-5497-4205-a36b-e47b58145fa2,225.0,276.0,253.0,421.0,1
70d825f3-73fc-4915-8063-267e90df5c0d,,,,,0
70db63c4-6660-4275-93e2-8309712c35af,,,,,0
70df055d-95ca-4ea1-bae5-d98a6a17aecc,264.0,383.0,168.0,265.0,1
70e3331c-8717-4ff6-b2b5-0fefe6336bdc,553.0,326.0,227.0,456.0,1
70e3331c-8717-4ff6-b2b5-0fefe6336bdc,231.0,374.0,217.0,401.0,1
70f79c35-d01f-4a9c-9fe1-87133892682a,,,,,0
71041150-5565-445f-9211-d1e42bc8dde5,,,,,0
71069ed0-4e0e-4afd-8fdb-d35863770c87,311.0,456.0,147.0,135.0,1
7106dad7-902b-4707-994e-f13826548929,,,,,0
71124f8e-755e-4a2f-b7f7-8e821f7f3522,,,,,0
711b8e6a-0406-4c61-8c13-3e90fd7ecba1,224.0,347.0,204.0,521.0,1
711b8e6a-0406-4c61-8c13-3e90fd7ecba1,557.0,442.0,228.0,469.0,1
71288d89-37e7-4b51-b03b-fe64a3d9797d,,,,,0
71306441-f037-44b8-a304-f23203348998,,,,,0
7141543c-bad6-4e0d-935b-18f02c81ab3c,,,,,0
7145fbf3-42b0-4611-a670-c207b9042a67,,,,,0
71467d8c-7769-482a-b674-2edd74f4b4c1,,,,,0
7148495a-62af-4fd3-9624-87732a50d59a,,,,,0
7159b3eb-65a4-4ca9-aa67-106abcb09220,,,,,0
715caca1-d412-4e0b-bc4c-9828339191eb,,,,,0
715da589-8300-4ec5-96e4-13dcd52a094b,,,,,0
71639ce3-3715-4e4d-8bef-3df8bb5c6770,,,,,0
716a6a18-5dc1-438d-be42-d3eb3ca577d1,,,,,0
716bf6b1-1764-4774-959f-1d5e3f6fe098,177.0,244.0,231.0,387.0,1
717269da-561f-461f-93c5-f5047f91e5b5,196.0,206.0,270.0,569.0,1
717269da-561f-461f-93c5-f5047f91e5b5,580.0,247.0,270.0,541.0,1
717d4dbc-ae51-456c-bbcf-f4b73be7b6e8,,,,,0
717e8c41-2b54-4f7a-b7a8-d51b53108d82,,,,,0
717f61a8-7368-479d-8f73-278e8a1a329b,,,,,0
71813eab-6524-4c28-a978-b518a631585c,256.0,304.0,222.0,527.0,1
71813eab-6524-4c28-a978-b518a631585c,630.0,368.0,164.0,469.0,1
71864474-2cba-48f0-8332-003f70bbb9ec,,,,,0
718d6d9e-aa8e-46bf-8b5d-1e42e6f398bf,218.0,638.0,156.0,205.0,1
718d7420-83bf-48a2-9419-042046583ffc,,,,,0
719bc0dd-4fac-4c36-be92-a490afe83116,,,,,0
719dd825-dd41-46f9-a59c-7385d4576196,,,,,0
71a2ac75-a5e5-4c1f-999d-01b53a0f35b0,,,,,0
71a7ea29-d36f-4d9d-adaa-505c4618da0a,,,,,0
71bc1722-acfb-4c2d-a774-eded24a34f9b,,,,,0
71c67893-6acf-435b-b80d-9100ad2e5d2e,607.0,289.0,176.0,498.0,1
71c67893-6acf-435b-b80d-9100ad2e5d2e,133.0,375.0,217.0,362.0,1
71c7c71c-a316-451f-ac99-dc6e16d392e2,,,,,0
71c7d986-b660-4df2-9c2c-a346d0aa7f03,404.0,537.0,68.0,116.0,1
71cbf776-8612-4f06-ae82-ef42792a2b5d,,,,,0
71d63444-7863-449b-a3f6-d599b6d00e49,,,,,0
71da3b1e-803b-4d2b-a157-25482a4e2166,,,,,0
71de0642-614b-4043-85ba-79a325c0a4a9,,,,,0
71f23ec8-8062-46fa-ba3f-dd19b86ff841,,,,,0
71f68919-662a-4163-8b50-caa5fa6ad96f,,,,,0
71fc294c-5903-4215-be52-06d5cbb877ea,,,,,0
72012b70-e633-4b7b-aeb2-ec7834d198fc,220.0,534.0,118.0,164.0,1
72012b70-e633-4b7b-aeb2-ec7834d198fc,683.0,346.0,102.0,185.0,1
7209efb1-1de7-440b-ad62-976bef6e730b,,,,,0
7215f0c9-01ac-4f0c-b0c3-af4ad96deb11,,,,,0
721c7144-49a9-4cfa-8a47-8a1227063093,,,,,0
721ca9d9-ef3e-4fda-84c3-bd9f7a7645aa,,,,,0
721fc482-f306-447f-9f18-0a3c7400f370,,,,,0
722503cf-a801-415b-a10e-848bfea55911,199.0,409.0,197.0,122.0,1
722816d0-3d58-4fbc-8e0f-a2ef699efbc6,,,,,0
722ad9c3-919a-4c08-bb67-cafd603ba754,607.0,220.0,183.0,325.0,1
723c5cd8-8666-4335-9420-0c59a10aaf73,,,,,0
7252e6f9-c52e-49f4-96ff-118439fd3068,,,,,0
727144be-c1d0-4e38-801e-e38653730093,,,,,0
727fd52e-3999-4f15-a113-8af93d60e1de,187.0,222.0,190.0,332.0,1
72848196-fd24-4106-9c33-9c29b7a66a04,168.0,610.0,173.0,150.0,1
728adb55-c152-47f5-86f2-975f60820f67,,,,,0
728c8191-5ed6-40e1-80b5-a15fb3bc8eb2,,,,,0
72958adc-e186-4905-9017-d941681a250e,,,,,0
729c9ee1-d716-4b76-b5e7-690d6e914ea8,127.0,152.0,305.0,532.0,1
729c9ee1-d716-4b76-b5e7-690d6e914ea8,603.0,185.0,256.0,455.0,1
72a10e64-2d93-4b61-8b90-8efef7284ced,601.0,246.0,179.0,413.0,1
72a10e64-2d93-4b61-8b90-8efef7284ced,256.0,247.0,179.0,337.0,1
72a3eb20-c10f-46ae-bcad-b9f6e3710d8a,,,,,0
72a5d9ae-5195-446b-8ca4-42958f92a491,,,,,0
72c7e133-2cc9-497d-a68e-326c71484fb1,,,,,0
72d9122c-a3a5-4c75-8218-a5255eb5d528,,,,,0
72dbeeca-38a3-4375-942a-9c3b098da64a,627.0,687.0,154.0,192.0,1
72dbeeca-38a3-4375-942a-9c3b098da64a,273.0,634.0,104.0,152.0,1
72e5e42d-dddd-4ce2-90f9-ef9edbeaa549,590.0,396.0,177.0,119.0,1
72fcb14d-5126-4976-b31f-ad2d21d2462e,646.0,717.0,132.0,97.0,1
72fd2587-d327-4e42-9e18-03479b1a18f9,615.0,246.0,240.0,400.0,1
72fd2587-d327-4e42-9e18-03479b1a18f9,209.0,222.0,250.0,425.0,1
730a4c92-d93c-4a1e-b2a4-36510e7dee3f,,,,,0
730cfc73-47c3-4877-a24c-62252b19704a,,,,,0
73114e87-0b3b-48bd-9c9d-94c92c488997,,,,,0
73176c86-28cb-425b-9744-27b76446aabf,,,,,0
73212dc5-6535-4837-838b-f08aff61c1a3,145.0,560.0,207.0,216.0,1
73212dc5-6535-4837-838b-f08aff61c1a3,538.0,629.0,169.0,104.0,1
73247e1a-000f-4d41-825f-c8a0d2162007,596.0,727.0,198.0,128.0,1
73247e1a-000f-4d41-825f-c8a0d2162007,269.0,468.0,153.0,215.0,1
732ec3fc-bba1-4127-a8b1-585683c9586d,,,,,0
7332ae2f-48af-425e-971c-81092e98187d,294.0,563.0,217.0,114.0,1
733320d8-8270-4171-b6f3-7ab2eda1e109,246.0,503.0,165.0,132.0,1
73385708-ae66-49e6-b211-5e62bc2baf0b,,,,,0
7338e55e-45f1-456a-bf21-73381ab1ef36,,,,,0
733b4f63-a01c-46fb-b76f-c563cd4bf7ce,,,,,0
7342f4bc-2ce8-4d13-b820-7d90f8804a1b,194.0,355.0,257.0,478.0,1
7342f4bc-2ce8-4d13-b820-7d90f8804a1b,652.0,388.0,219.0,563.0,1
734baa5e-73f6-4a71-bb4f-e1cfd988e04c,,,,,0
7351c984-3f01-438f-bc30-85b3a74401bb,,,,,0
736e91c8-8c30-40b2-a042-50883a77d101,,,,,0
737030d6-07d1-43de-9e11-82b31accd240,641.0,514.0,190.0,192.0,1
737030d6-07d1-43de-9e11-82b31accd240,297.0,496.0,146.0,251.0,1
737c7eab-7194-4130-a010-954ea6e321e3,,,,,0
73827f0b-0bc9-47eb-8249-14621ad77f5a,,,,,0
7392b2a6-6be1-4965-9077-0c44fd7cbb30,,,,,0
7399adbe-2b59-4f62-a919-0a1c9c0d9548,,,,,0
739b6cca-cb26-437c-9409-f66474a95eed,,,,,0
739bd043-d62e-41ef-bf20-20ed762dca13,666.0,299.0,173.0,478.0,1
739bd043-d62e-41ef-bf20-20ed762dca13,296.0,335.0,159.0,181.0,1
739d9cfa-978d-43ac-b635-6a782c52a307,,,,,0
73a53464-7183-4a5e-ba1d-f2c014d1511a,,,,,0
73a993d6-3f86-447d-bfb8-9dbf87be0a66,,,,,0
73ab0684-4fe8-4223-8b4a-29d50e607111,,,,,0
73ace93d-59b5-4895-91d7-cbe632e3a024,,,,,0
73aeea88-fc48-4030-8564-0a9d7fdecac4,,,,,0
73b46983-7780-4d82-874a-d9255dd639cb,744.0,588.0,137.0,142.0,1
73b46983-7780-4d82-874a-d9255dd639cb,220.0,608.0,175.0,126.0,1
73bc84c5-99b9-4e31-b8db-e3707aaf3576,120.0,256.0,257.0,331.0,1
73bc84c5-99b9-4e31-b8db-e3707aaf3576,597.0,420.0,197.0,217.0,1
73c83dfb-5e65-4dd5-a5e1-58372c922259,,,,,0
73e02b82-d818-45fe-80bd-3f8fd75bf95d,149.0,232.0,155.0,256.0,1
73e02b82-d818-45fe-80bd-3f8fd75bf95d,559.0,267.0,211.0,290.0,1
73e37383-33e9-4d18-82a9-d9179850fabe,,,,,0
73f20de7-2234-406e-be6a-9ab82c6f068b,,,,,0
73f5f220-b2a8-4d6c-9416-d54dbfdfc02e,,,,,0
73f6d76b-c5a2-4493-b39a-7ab830178f72,,,,,0
73ff8055-3881-4c61-b700-396adf5083fc,,,,,0
7404b1cd-bdc2-4f4a-b2ac-9b423e2d61a0,,,,,0
740824df-92ff-4b09-a8be-dfd3eff172a7,,,,,0
740c83f7-49c6-48d8-88d7-989e5a55f285,,,,,0
740e0410-19ae-4fb0-a0cb-3c6e1ca6d16a,,,,,0
7413a015-85bf-4a42-b138-96fea1aaf03d,,,,,0
7413e93f-a32c-4d1a-82bf-363b67f4a642,,,,,0
741500a4-d128-4b85-852b-428779f5c5ec,233.0,379.0,198.0,166.0,1
741500a4-d128-4b85-852b-428779f5c5ec,604.0,233.0,197.0,402.0,1
74192b5f-7e82-4636-9886-c2c1750d833a,,,,,0
74219aa7-b9e9-41dc-9ee7-0ce254a7818c,,,,,0
7422013e-dd88-4a98-bbe4-b1ab9202eeca,,,,,0
742365a8-d9a5-41e4-b8a3-24a03a894f9f,639.0,551.0,193.0,269.0,1
742365a8-d9a5-41e4-b8a3-24a03a894f9f,260.0,384.0,222.0,394.0,1
742bbcd2-203a-4b66-9fe2-0ed2641adebd,,,,,0
74321b39-3aab-444a-893e-fa743ddc9224,500.0,544.0,193.0,128.0,1
74340139-eebf-445a-a0a1-2b9101233a3a,662.0,468.0,156.0,165.0,1
74344068-50a8-4c34-af4e-f2e533cacd8c,,,,,0
74480045-29f4-478e-b1c0-322b2f4ccdc2,304.0,396.0,145.0,153.0,1
74504e90-1547-40f1-9059-ade3f2576278,,,,,0
745a9dcb-a16d-4a7a-8852-fbeae3e44bc9,,,,,0
745ce781-5c87-4075-be9a-a221afd1b7e5,,,,,0
7462adfa-a0fc-4489-8d58-89f1d012c26a,,,,,0
7467cb86-6fc0-4f28-a1ee-e0b88342b6d0,,,,,0
7468319a-de5b-4b80-87f4-5cb21ab84429,,,,,0
74703b0c-9336-47b4-b771-88db5bcc3f51,,,,,0
7471b0e8-8f55-4ced-b8e4-18a7554a0ebe,524.0,315.0,148.0,478.0,1
7471b2a3-12dd-48dd-a43c-04c4718e5e20,,,,,0
7478b0de-d067-48b2-b3e2-fd34319e0690,,,,,0
747a4e20-847e-4e45-b4cf-2ef247b51f1e,,,,,0
747b1c03-c554-41ea-9d57-7b54894985f3,703.0,338.0,191.0,449.0,1
747b1c03-c554-41ea-9d57-7b54894985f3,331.0,406.0,187.0,374.0,1
747f5ec4-265c-4470-a82d-eb8af41118b1,,,,,0
747f9c4b-8bba-439f-8e31-d8529cb41850,119.0,321.0,215.0,190.0,1
74815ea3-8dc6-403a-ad91-2f50e0c02a52,,,,,0
748efb04-93a7-45fe-b4ef-4e1c2ddf0d3d,,,,,0
74912eef-96d3-4591-8b36-1767c9ce0ea0,,,,,0
74a08fcb-fc92-4b2f-9301-3602dbaf0a41,205.0,524.0,199.0,325.0,1
74a08fcb-fc92-4b2f-9301-3602dbaf0a41,196.0,275.0,196.0,235.0,1
74a3830c-95d6-4f63-b090-a87783f7613b,,,,,0
74a74448-93e8-4998-890c-25a2832469f5,,,,,0
74b0e0b5-eaa2-4112-a15a-e3b883907053,,,,,0
74c1016b-bd3c-4a5e-96a5-e86a8c9c4a7f,,,,,0
74c5ce0c-9bdd-43e4-a004-935f6ff9ad2d,,,,,0
74caf10f-fd15-40ea-86bd-a550401638fe,,,,,0
74ccc60d-b6d1-43fa-b64b-a60402e8ed2b,,,,,0
74d367a7-c513-47e4-8ad5-0a66ea75d008,,,,,0
74d4f497-7028-4526-81cc-cc3119961137,,,,,0
74e1aa2b-274a-4a42-aead-a86aa6d15df1,,,,,0
74e8bd5d-687f-4c95-b2a5-e1568ab8a7f1,,,,,0
74ead0c4-bddb-4660-8831-210c9c5b8d9e,,,,,0
74eb29cc-33a7-4ad4-b420-a4f4ba34cf19,,,,,0
74ed4f73-33e6-4607-8842-57aec6c318c6,161.0,320.0,217.0,397.0,1
74ed4f73-33e6-4607-8842-57aec6c318c6,639.0,352.0,215.0,548.0,1
74f427aa-a1bd-4eed-86de-2755158efcd9,,,,,0
74f62860-c882-47f2-9e9c-1f63588cee5e,,,,,0
74f8f310-cc0c-41ff-871d-8daadb81bbcd,,,,,0
75026295-2eb4-45e9-b745-db0fcf1eacb4,,,,,0
7508399d-307f-450d-8f47-f24930ad6fb6,578.0,389.0,155.0,335.0,1
7508399d-307f-450d-8f47-f24930ad6fb6,238.0,331.0,162.0,279.0,1
750a3646-6058-4a95-88ce-853a72cbc959,,,,,0
750bb313-1479-4883-ae12-39edd466081d,,,,,0
75104297-f72d-497d-bad2-9a24b0759e86,,,,,0
7519423f-d684-4055-b211-b42e54404ca7,,,,,0
751b96bd-f68e-4d48-abbe-65c8f16440f4,,,,,0
7525339d-a6e4-4ebe-ab66-70d77b1a62ec,,,,,0
75333cce-9a88-4907-a6d1-b3caf070393d,,,,,0
75350e8a-00cc-4a69-9bfd-8dcb72de0e2f,,,,,0
75381c5d-ef92-4348-bffc-de426acb263c,,,,,0
75508098-4cca-4037-90e5-0ae2ba6b4db9,,,,,0
7560f37d-228f-4cfb-9588-18517fca89e1,,,,,0
75613ab8-ec5e-43d2-bee5-8f944d08d793,,,,,0
7570be64-37f9-476c-8b94-1bac884efdd1,,,,,0
75741e40-4136-4b9e-986b-83b353cc5183,,,,,0
7577fb2b-9d5d-4717-a6b1-6300f8dcc7de,,,,,0
7580b25b-17e7-4627-93e0-057060fa01e3,,,,,0
7581fe5e-1611-4563-a327-e140d4327ce8,,,,,0
7582dc32-5ab8-4060-9c58-2896bdd126dd,,,,,0
758534e4-12a8-4ebf-bf91-2e7229b7e46f,,,,,0
7594b38b-54a7-4ee0-b5f6-694e12bcd830,,,,,0
75960fe6-2540-4f86-8f43-203f27af2188,,,,,0
759a11de-da95-4cb8-a373-ab848ae74171,713.0,514.0,208.0,256.0,1
759a11de-da95-4cb8-a373-ab848ae74171,344.0,266.0,204.0,474.0,1
759a11de-da95-4cb8-a373-ab848ae74171,729.0,269.0,145.0,190.0,1
759add8c-3802-46f2-9cb6-06b092c4e9bb,,,,,0
75a7036c-3e9b-4819-ba0c-e8594eb80af5,,,,,0
75a91833-89f4-4c05-8661-393ec6bcabae,,,,,0
75b96fc2-b814-4013-bfca-1fb235f46c98,,,,,0
75bcbe7d-2568-4010-a0ce-9de23d4d0b08,,,,,0
75c7161e-3f42-46d2-b3a4-cd280d624319,,,,,0
75cf69a5-bdc1-4ef9-8937-2abad5bec289,261.0,259.0,211.0,352.0,1
75cf69a5-bdc1-4ef9-8937-2abad5bec289,610.0,236.0,240.0,383.0,1
75d50f2f-a869-46ea-8d58-6446ead6d15d,,,,,0
75eb2e80-3759-49d6-8237-ce32ab4f29e5,,,,,0
75f0f18a-0756-4f7c-8e37-e91f9e5a24be,,,,,0
75f4cf02-abf5-49ce-935a-63b27e43d09c,,,,,0
75f963dc-145b-46db-8ca1-1166020dbd07,,,,,0
75fa3ec9-b117-49cb-9d48-799821b3c471,,,,,0
75fbf88e-0f1b-4bc2-acc9-01f9cdee479d,,,,,0
75fffdf2-1f64-4417-a9e6-171adba28177,,,,,0
7600fee2-7c16-43ff-b5e4-3b0c383156b4,,,,,0
760c4639-a0e5-40f6-93c5-a377e5ab4e80,,,,,0
76115ff9-5117-45fc-831b-29bc150bf0ff,,,,,0
761160f0-7d5b-448c-b708-c77838def919,342.0,467.0,185.0,297.0,1
761418cc-7757-4cfe-8b26-9e76c955487a,550.0,411.0,168.0,169.0,1
761418cc-7757-4cfe-8b26-9e76c955487a,142.0,434.0,148.0,149.0,1
76160fbe-cc9f-4f5b-842f-760750a13df4,,,,,0
761c89a5-19b9-4e1b-b6f0-b7fb753a9b70,,,,,0
7626541a-f47a-47c4-bfaf-48c290a3be45,,,,,0
762e8a2c-c60b-4af1-aa92-0b1ba0873699,,,,,0
762f405c-b9fc-4b1c-abf0-a6c5a3f92b16,,,,,0
763b843f-f415-4868-b089-d8034ced2918,,,,,0
763bc9c5-3d0b-4f02-bb13-bd18a8ef920c,,,,,0
764ae03e-966a-48d2-ad73-bdbe10274eea,,,,,0
764c665f-f7f8-4c20-8849-01b6159ce28b,,,,,0
7652391c-ea5f-4100-bb55-53ce130a0dd8,,,,,0
76554e2a-f033-436b-82ff-ff3e223e5feb,,,,,0
765c5980-ee79-45a1-b784-1e4bd26c027a,,,,,0
766b5e20-bd37-4b28-b643-c9d0ca0e7a63,,,,,0
766b8aea-3b43-4a34-b675-09f373ca066b,,,,,0
766e20e8-7a3b-4294-a00f-ec635069465f,,,,,0
766e9b9b-1eeb-44e1-90e6-5cc3062bff97,,,,,0
7670693d-7f1d-4045-8d61-77a68bb58e91,,,,,0
76712baa-545a-42d8-8670-79a56926349f,670.0,483.0,161.0,316.0,1
76712baa-545a-42d8-8670-79a56926349f,139.0,521.0,243.0,210.0,1
767b5c8d-d09b-4d2c-97ea-17dea981a4e4,173.0,449.0,186.0,267.0,1
768de2ea-9099-43bd-81d6-ad2b9e375e77,,,,,0
768e5ccd-aab3-4971-8df8-814380ae77a8,,,,,0
768e5d7f-10c8-45c3-98e1-7487f808a42d,270.0,544.0,139.0,234.0,1
76969629-8dc1-4091-9507-495fd53342dd,,,,,0
769f98fc-59c7-4f3a-af65-80a75b679923,180.0,370.0,224.0,163.0,1
76b19fb3-d631-4152-8f46-830d0593fc69,,,,,0
76c05ccc-eaf3-467b-abae-7f8f1a4aa6c9,230.0,699.0,191.0,91.0,1
76c05ccc-eaf3-467b-abae-7f8f1a4aa6c9,245.0,374.0,224.0,267.0,1
76d2bb0c-5802-4909-8e70-079710022536,,,,,0
76d6667f-22b4-4bff-bbcd-97130fba3077,,,,,0
76ea6bfd-5b80-42be-8150-a01faddc80bd,,,,,0
76edb41d-33c8-4e20-994d-3419abcb1db0,,,,,0
76f3084e-fd14-46f8-93b6-04acf7ddfced,,,,,0
76f54014-f16f-4010-8f53-4a9237281615,,,,,0
76f72f12-1e25-40be-98a8-dfad60fb4ebc,,,,,0
76fafcc0-915f-413d-bfa6-cf1194e1d28c,,,,,0
7700f140-9d99-472e-a862-8f590166d767,,,,,0
770abf66-2bfd-419e-b1e8-54e723e328da,,,,,0
770c117a-75c6-4b1e-8ee9-f28a7014adcc,,,,,0
770ee884-c29b-4e94-92d4-eb3a5431d976,,,,,0
771bf213-6b2b-4189-bbc1-ed67bcdda83a,,,,,0
771f1d4c-318b-452f-a4cd-be1bd8fdde7d,,,,,0
772360c5-7c53-465b-b04d-3c8646fa3a23,,,,,0
77252ca8-2220-41ad-bb30-f4be1fbc7b5a,,,,,0
77265389-83a7-4195-8f49-80b9602a3508,,,,,0
77265ac1-7a24-44df-9969-41cbd6c29263,,,,,0
7727e022-82ec-4b7d-b667-bc83c5fca668,,,,,0
77293530-8a74-449c-b423-85849cee8da2,,,,,0
772e6245-dac6-4f17-999c-368d4593f98b,563.0,477.0,170.0,259.0,1
772e6245-dac6-4f17-999c-368d4593f98b,190.0,384.0,185.0,249.0,1
77312e52-25fe-4a0d-83a1-5c04789e5ac8,,,,,0
7736baed-6e66-4b47-9058-05bd1b314dfa,,,,,0
7741e816-0b90-46c1-b529-f3c009302a19,,,,,0
7749ed33-5b57-4d0a-8978-7deb5be26d1a,,,,,0
774ab2dc-a3ef-4ae7-a932-ff78fa441804,,,,,0
7754aa7b-9db3-474a-8423-78924dcc4a33,,,,,0
77563978-96a9-4687-838e-328917066492,,,,,0
7759e7ae-641f-4504-b373-95a8763dc59a,286.0,211.0,135.0,122.0,1
7759e7ae-641f-4504-b373-95a8763dc59a,687.0,314.0,95.0,128.0,1
775ae2b8-f87a-41eb-81d6-4e5edaca2f11,,,,,0
775cfd2b-66a5-46ef-8531-c554744b634e,278.0,356.0,137.0,289.0,1
775cfd2b-66a5-46ef-8531-c554744b634e,688.0,354.0,138.0,197.0,1
77633bed-c31b-466a-946d-6624b97231a8,680.0,387.0,165.0,279.0,1
77633bed-c31b-466a-946d-6624b97231a8,73.0,427.0,296.0,208.0,1
776427e7-40a2-44df-83b0-ce646644d3aa,,,,,0
7778b60b-88d8-4abd-bd64-98aee6add0ef,,,,,0
7781ae62-9313-42e2-9d82-9fa82b054195,,,,,0
77823cf2-2603-4db9-9c50-ec8ae13674e3,658.0,278.0,147.0,266.0,1
77823cf2-2603-4db9-9c50-ec8ae13674e3,251.0,383.0,146.0,179.0,1
7788be77-bf04-42aa-80cd-5be6f492c469,,,,,0
778a9af4-7231-4a43-9bcc-63dd8b96b387,,,,,0
778e8678-e707-4c48-9c7f-ad4efbe48035,,,,,0
77a4a76f-d348-4dd4-b22a-d7b676121d78,116.0,537.0,98.0,100.0,1
77a50626-2a5d-44a8-8013-af001549b769,144.0,382.0,252.0,229.0,1
77ac8942-4ce0-4447-84e8-af5aa5bc3f88,,,,,0
77bcb2f3-2dfb-4ed7-b88a-b21ad2c87df3,241.0,374.0,146.0,143.0,1
77bcca2d-6e54-4ce1-887f-f5d2628a7f1a,,,,,0
77c809fd-1fb7-4dae-a0e6-33408425eb92,680.0,379.0,142.0,138.0,1
77d82c92-f380-4e26-b39d-b43d5c814833,320.0,403.0,114.0,85.0,1
77d84839-722c-4b89-aac7-2337214b7a4a,,,,,0
77db5083-8f5d-40d3-af29-722ddadc0638,,,,,0
77dc3ec3-a29e-4733-99fc-80b51a76e833,193.0,479.0,119.0,101.0,1
77e922f5-6c41-4885-9e1a-f5e50c24d2ca,359.0,444.0,91.0,109.0,1
7802c9a7-66c9-45a2-9005-ba61a5ea588a,354.0,669.0,132.0,79.0,1
7804f265-34c5-4efb-a378-3524b4e119a4,,,,,0
7817b551-d220-479b-815f-395f83e1dba1,265.0,501.0,162.0,153.0,1
78214c64-ebb6-4a9c-b4ca-ea65da449fd2,,,,,0
783b962a-bda1-4354-87f1-778d60eada16,,,,,0
783e19f4-a96c-4971-8ed4-9868bedf5378,,,,,0
78440075-3cf6-4504-8c4d-e4987839a192,,,,,0
7845cd45-c899-4220-ab6d-e969ed2e1cf3,,,,,0
784937c8-08f4-4c04-a2fe-b4dde8643154,513.0,284.0,242.0,518.0,1
784937c8-08f4-4c04-a2fe-b4dde8643154,83.0,590.0,233.0,191.0,1
785afba9-c456-4c94-bfdd-7e613124cd67,,,,,0
785beb65-509a-4bcc-9130-5548af4fef1e,,,,,0
7863d975-f4da-486d-80ec-2bebc5f8b089,,,,,0
78667635-bb1e-4e03-b3cd-d181422c558b,,,,,0
786b24ef-aeb1-42a6-a606-bae80423f811,,,,,0
7873490b-1df2-4959-a095-862e921432c5,,,,,0
78782186-6bf7-4155-93a4-dfb49338435b,,,,,0
787fe62b-0e2b-481a-b1f3-2a3f754ba7dd,272.0,338.0,210.0,304.0,1
78827877-9d4c-4d06-979f-f40ca2001337,,,,,0
78836631-d617-4c1e-a265-c587c93a8e42,,,,,0
788cbb61-6cd8-48b0-9078-a81ab73f80b7,,,,,0
788f75d0-c8a6-4d12-b0f0-2d9335336b0e,,,,,0
78906ef4-a605-4295-828e-4c853357e86f,,,,,0
7892e538-8c5e-4521-a550-4a88f399bf63,539.0,622.0,153.0,89.0,1
7894c061-9fc1-4226-83b9-4f22483a02b1,695.0,357.0,125.0,126.0,1
7894c061-9fc1-4226-83b9-4f22483a02b1,270.0,263.0,178.0,313.0,1
7897d5d2-f56c-4fc0-a036-f9b6f69933f8,,,,,0
789c56a1-8303-4b8f-bb20-6d9dc02b616c,,,,,0
789e8a7a-2ded-466f-8d50-17e8bc955978,340.0,694.0,96.0,117.0,1
789f8e9e-59cf-42aa-88dd-33f18f0967f1,,,,,0
78a16aec-fc22-4ca6-8901-3bbf97652c07,,,,,0
78abc3f5-ac62-4e42-a6b4-1c44e09cb566,395.0,503.0,144.0,177.0,1
78abc3f5-ac62-4e42-a6b4-1c44e09cb566,749.0,539.0,75.0,60.0,1
78b97945-5d62-4d71-b054-5500101fece7,,,,,0
78bc172c-580b-4e1b-8b0c-fb185f0a631b,,,,,0
78c6e09e-25c0-45b0-974e-e314d2bdd4ec,271.0,422.0,230.0,247.0,1
78c9057c-9d17-4124-9e6a-a634ab85275e,,,,,0
78ce6b9a-db15-4576-8e8b-4c52650a457f,540.0,691.0,181.0,134.0,1
78ce6b9a-db15-4576-8e8b-4c52650a457f,122.0,672.0,224.0,206.0,1
78dd82dc-4f02-4abb-9178-6e89bd1fbdee,,,,,0
78de87af-368f-4821-985b-c21d83392e5f,,,,,0
78e409e6-a4df-4002-9068-3b3eef7b30b1,,,,,0
78e4c1ad-8adf-4620-acac-7675c7da1ee8,,,,,0
78ee7ed7-56ca-4fe5-8dad-2a04e9a5d1c6,,,,,0
78f9f5cf-ffc4-48a0-8895-bde50f783bfa,,,,,0
79168e4a-a98b-4c27-affc-0fade7c2aed6,,,,,0
79197c53-7622-48f4-a3ae-916be7696c0a,,,,,0
792d8a75-62cb-4ad2-b8d6-e143cca5787f,,,,,0
793099eb-6d36-4551-ac5a-9862d07ee199,200.0,565.0,201.0,133.0,1
79310bce-abe6-4e7d-a285-2601cfeeca5e,688.0,508.0,231.0,311.0,1
793398eb-4926-4d1a-ab6d-8bdb0ac15a2e,,,,,0
79397fb3-fbe9-4b1d-baec-a934f2825e25,232.0,348.0,198.0,201.0,1
79397fb3-fbe9-4b1d-baec-a934f2825e25,682.0,367.0,134.0,150.0,1
793b04cc-60bb-4413-a2a7-36c7c56ac05c,231.0,439.0,198.0,286.0,1
79538a58-d49c-4120-8e5e-3553fe1b1134,,,,,0
7967a41d-a36a-4bdb-8436-323aae1f4054,,,,,0
7981fc95-1551-4867-8681-2f2d8afc07d8,,,,,0
7982b229-9a6f-4dd9-b7af-e52250b8f751,,,,,0
79956cb1-e48b-4b95-92f0-c4f41a6bd1f5,760.0,541.0,160.0,137.0,1
799c13e6-dff4-4c52-9aaf-b9ea6daeacb1,,,,,0
799cabf9-90cd-4959-aaef-1b283f4d2a90,,,,,0
79a9b7e9-e836-49b8-9959-025907fe10bb,,,,,0
79b34f64-0c0b-458b-82c3-95f938d3ab08,,,,,0
79bc46d2-f00e-4a68-b8ff-96d3625e3176,,,,,0
79bcefaa-0a4d-4db2-a6cc-296946fa6da3,,,,,0
79cb4053-b062-4be9-8922-9585b170d8fc,,,,,0
79d35ee0-5b92-43ce-ab21-69f8addd7cb1,,,,,0
79d7a388-6631-462d-80a6-f19ebc52d01a,,,,,0
79dc4c47-886a-46dd-95bf-41dd80c072a6,,,,,0
79e60655-54ba-4b32-89e4-a85551401d33,,,,,0
79f03dba-1c8f-4993-8065-8664494051ed,,,,,0
79f29a4d-fa0a-4977-abae-346d8ee33aa9,587.0,538.0,160.0,145.0,1
79f29a4d-fa0a-4977-abae-346d8ee33aa9,234.0,500.0,144.0,193.0,1
79f85434-48b2-4910-b861-bdd0e3f7d042,,,,,0
79fdfa10-9752-4ab8-a1ca-7f33037dd5aa,278.0,471.0,183.0,136.0,1
79ffd214-6464-406a-a78b-5aaa8cc1fe7e,,,,,0
7a0105da-41e6-4500-8626-fb6e8f0dac5a,197.0,291.0,289.0,454.0,1
7a0105da-41e6-4500-8626-fb6e8f0dac5a,683.0,265.0,247.0,524.0,1
7a03df77-0a9d-4254-9bec-0d0e9df5f791,,,,,0
7a1ddad0-eda0-4ae1-872f-50960e5abeff,,,,,0
7a2c7e33-d021-4fd2-9b30-a43a4ef68628,,,,,0
7a316a31-7375-4832-b4ac-061dc1af232a,,,,,0
7a39e982-e5f1-402c-b9a8-b9ee5f43fb8c,,,,,0
7a3c813f-4ca4-4cc6-8cf3-f973e83d8fc3,,,,,0
7a443f19-987a-4fff-a41a-65b9114fe53e,,,,,0
7a468145-d156-44b2-832a-a75b651fd954,,,,,0
7a477b7b-f2d2-40ac-a20d-661887491d6b,695.0,373.0,187.0,257.0,1
7a58ecf6-9b13-4a3b-b27a-53365378156f,,,,,0
7a62f72b-c2ac-40d8-91ea-105dd2419fcf,,,,,0
7a68a464-daf2-4942-a1e5-80c6c26ab898,,,,,0
7a713bb9-19f5-42ba-81cf-b4905a00ebb1,,,,,0
7a7271a1-026f-41c6-8e42-6b0db55a4478,,,,,0
7a7716ff-036d-4796-af37-45051417af43,,,,,0
7a77233f-b754-48ef-a5fc-60693a0a43a5,,,,,0
7a861a10-950e-451e-8704-36881b90a51b,,,,,0
7a8b5f52-48f9-49a4-b55b-682938f94608,,,,,0
7a8c7174-87e5-454a-9c2e-c79c99fd74e8,,,,,0
7a8dd22c-7af7-428c-a043-578390fc6fa1,263.0,264.0,177.0,444.0,1
7a8dd22c-7af7-428c-a043-578390fc6fa1,602.0,217.0,156.0,493.0,1
7aa4a98a-abff-4b58-b20a-a2c43e5e8379,,,,,0
7aa503a4-4028-4688-bad4-8f08b7a934d3,,,,,0
7aa7ec60-510d-4ed9-94cf-da1fa6f1f2e5,653.0,628.0,155.0,107.0,1
7aaeebb4-d2c9-4091-9f4d-c3aceb591d5f,,,,,0
7abb5955-a52e-4ac2-b015-9e3ccd061066,,,,,0
7ac367b2-e089-4f7e-b080-b52e53664b2f,,,,,0
7ad8a73d-d27f-4381-aad9-bda798e87fd5,,,,,0
7adb12c0-b1b2-402e-9c58-5a8873eef61d,259.0,543.0,144.0,110.0,1
7ae347da-a4b0-4e3c-979e-33a509e40649,,,,,0
7ae42d5b-dc65-4a36-8bec-70e1e97590e0,,,,,0
7aef347d-05aa-4c06-8e24-956aa91ace5e,,,,,0
7af98adc-d1d3-415d-afce-5c48669955aa,,,,,0
7afa5139-7239-4d27-966c-593c60115c51,,,,,0
7afd770d-99e3-4f37-a3ef-006d56637f89,,,,,0
7b00661d-2d3c-4422-8b23-64b523a734cf,,,,,0
7b04700e-e76f-4f52-afc3-105cb964a709,,,,,0
7b150d69-0ea7-460d-8048-14132b736ec4,,,,,0
7b1ab1a2-95e2-45d1-87ed-ffd6804f4d1d,,,,,0
7b1c6d78-7e75-412d-9e4f-7ed778f61def,,,,,0
7b268915-8e41-4732-95bd-22cf849969b7,,,,,0
7b3daf31-affa-4499-8443-58d7d6196ca4,,,,,0
7b3dd88b-8762-47fc-be53-9a835e59db8b,,,,,0
7b3e4cf6-f37e-4e95-a6c8-3901352dbd15,279.0,560.0,165.0,163.0,1
7b3e4cf6-f37e-4e95-a6c8-3901352dbd15,687.0,611.0,190.0,165.0,1
7b419b53-90ab-4d8c-9ff7-bcd9905c7c60,,,,,0
7b473c22-390a-42f9-a6bc-b9e25ffa008c,,,,,0
7b561dcf-cbb8-45d8-a144-34ce39dfddfd,,,,,0
7b81c6fd-68e9-4e25-a642-d296deb28ed3,,,,,0
7b8414de-c38b-4537-ae2e-267692e313bd,,,,,0
7b94fc31-0735-4840-beb8-c685f22ec90b,117.0,217.0,236.0,499.0,1
7b94fc31-0735-4840-beb8-c685f22ec90b,462.0,208.0,235.0,548.0,1
7b99d96b-400d-412e-ae79-bd7522597280,,,,,0
7ba1a92f-88dc-47ad-9067-966b88125c52,,,,,0
7ba598f6-a336-44a9-8ba4-a2b64afb13b5,,,,,0
7bab06ba-97af-4635-b729-f3be8dbce660,,,,,0
7bb16f3e-b843-49f4-bfa8-a9a9d6f3ff13,,,,,0
7bb1c647-d8d1-4640-b495-f41c4d2a34ca,333.0,688.0,189.0,232.0,1
7bb4ef11-bb52-4620-b8ed-3d14cb66bab4,,,,,0
7bb89736-04ce-4cfc-bdf1-bf7a92b4e575,,,,,0
7bb922b4-5e41-483d-bde3-6ae4fdfc5ab8,,,,,0
7bba94b9-94a1-4f0b-95cc-a9d489e34c98,,,,,0
7bbf45a4-044c-412b-b291-e398ff839c01,,,,,0
7bc20b3f-a8a4-40bb-afb1-140d80d0a00e,,,,,0
7bc30abf-9799-4f83-9ac1-87486e1a3d4e,,,,,0
7bcccda8-97a9-4cd7-bec4-d10f186b5698,,,,,0
7bd2d1cd-f950-4898-8d7d-375da645c19c,170.0,352.0,240.0,495.0,1
7bd9ceef-73fa-4463-8266-479cca19ff9f,,,,,0
7be07806-aee9-43a1-9240-62dbcdc9d79a,,,,,0
7bec73d2-1a5c-462a-b9d1-29e4b5ee6ab0,,,,,0
7bf1d31a-33d1-450c-8386-0c6a4833c102,,,,,0
7bf67db4-a2bd-40f1-a0aa-611dd1eb4809,,,,,0
7bfbec31-dd0c-4efc-a9c5-bb66bae3cc2d,,,,,0
7c077478-921d-4701-979e-b1d1bcb919eb,,,,,0
7c086e53-4bad-4bc6-9ff6-292614b69e07,180.0,524.0,141.0,150.0,1
7c086e53-4bad-4bc6-9ff6-292614b69e07,583.0,394.0,107.0,149.0,1
7c086e53-4bad-4bc6-9ff6-292614b69e07,233.0,322.0,127.0,107.0,1
7c0a140f-d56b-448c-8eb5-cc996fa78926,,,,,0
7c108b14-eb48-42d8-af56-1319eda0f0bf,,,,,0
7c177034-bb35-44e8-a208-de058a824d64,,,,,0
7c1f9c46-0125-4590-aa9a-700c89f634f8,,,,,0
7c2ad76c-88a5-4a25-a0e4-49437ea5f628,,,,,0
7c3b333b-e807-42ff-9cde-46b763ff1e7f,,,,,0
7c4a5743-4a45-4bcf-9caa-1557413f085e,,,,,0
7c517917-3359-419d-910d-b0ab4865d65f,,,,,0
7c5add91-0e35-4f1e-920a-9ea4d1335be0,,,,,0
7c6a67fa-5eea-41b7-b3a6-23770ee6bccc,,,,,0
7c6d38a6-bbc3-4dd5-b4ad-bc8a7758eeaf,,,,,0
7c735cd9-19d9-4918-a3fc-154c0a5c5d9c,656.0,271.0,208.0,499.0,1
7c735cd9-19d9-4918-a3fc-154c0a5c5d9c,223.0,289.0,225.0,191.0,1
7c7d9a88-a4a1-431b-acd2-19cf6457e088,,,,,0
7c7e5e3e-6ce8-4789-a17d-d9c333cb1df8,,,,,0
7c802df1-b4a9-42d0-a893-2df8f9fab716,,,,,0
7c822b45-dc68-44f8-9ff4-f8d0345615ca,,,,,0
7c850b8e-6ac0-4de9-811d-05bba4048403,,,,,0
7c858a51-7072-417d-ae8d-792bb7de3309,,,,,0
7c89357a-2266-4ecd-8239-472e11860608,,,,,0
7c897de5-15ff-405c-a77c-c588e7e151c0,,,,,0
7c8f2458-3d40-4810-b57c-1f149c2c4d3c,200.0,575.0,155.0,160.0,1
7c909599-24ad-4164-93d2-0adfa96ec86f,309.0,607.0,124.0,106.0,1
7c96cef1-38c4-46ac-b935-27c35e2274ed,,,,,0
7ca2cfe6-94cc-4fc9-9e23-8409fdb875bf,,,,,0
7ca5c75a-1ec6-49a7-a3b0-93b6122a3170,,,,,0
7ca9fdc7-5ad4-4a99-9251-211aef36c559,,,,,0
7cac726b-b5ca-47f1-be37-7a4c1b10cbd5,,,,,0
7caf818d-6e28-4087-9e06-4e51a9aba73a,,,,,0
7ccdb123-2543-4435-a2e3-fe6f2c9f09c5,,,,,0
7ccffe13-80b7-46d3-bb2a-2f85875cee86,,,,,0
7ce14110-e577-4b08-8385-95ce1af5cc99,,,,,0
7cf7f5f9-ee16-49a1-86ea-ec7c7e2b9956,,,,,0
7d0c1b59-03fd-4d7f-8c31-cf7a9dd4a141,,,,,0
7d0e3887-2263-4c54-8833-cb9886a62152,,,,,0
7d166cdc-61e2-4741-93da-52e954f4d2ae,,,,,0
7d19118f-519e-4cb8-9187-466aa4ec5476,,,,,0
7d307751-cb49-46ca-8abc-bb1462fb2db0,,,,,0
7d316641-a96a-4ad4-90c2-0cba38c1d716,,,,,0
7d3178fd-8811-4b12-8093-1ef9d8b32683,,,,,0
7d3f01b0-1283-49f8-94f9-17d751a8b3a9,,,,,0
7d3fe400-3bd6-4a48-a2eb-2ffcfb36e01e,,,,,0
7d425279-64b5-441c-a26c-e1d6486d27c8,,,,,0
7d4b74a5-53e7-4b66-812c-ead6671c672e,,,,,0
7d4ce97b-a065-4ebd-bdf0-31741709c1b5,,,,,0
7d4e9bfa-97fc-4412-9fd6-d3bedb26340d,,,,,0
7d5502bf-2958-4bc1-a34e-d0b30f36f5fc,,,,,0
7d5f828f-5c6a-4898-a64f-8364339f35cd,671.0,449.0,134.0,99.0,1
7d60aa42-943e-43d4-bfa6-d06fcb22d7b8,,,,,0
7d642b47-1b85-4378-884a-6ad043173585,,,,,0
7d6ee401-a84e-4cb0-81f8-ae94de0b5269,,,,,0
7d74d9bd-bf0c-46eb-a27c-031062c13c10,,,,,0
7d80378b-b46b-4dbc-a8b5-70982536ea06,272.0,402.0,235.0,361.0,1
7d80378b-b46b-4dbc-a8b5-70982536ea06,700.0,323.0,237.0,411.0,1
7d8412d4-306f-4b03-8422-05537fb3eccc,,,,,0
7d842ce6-0d39-4698-a867-4d35409b1f95,,,,,0
7d856265-ad1b-4b95-9549-2d5992a98f2a,,,,,0
7d889abc-6804-4b28-adb3-3540ecb055c6,,,,,0
7d8ec5e7-56ce-4e3a-99d5-6f5971b0c004,,,,,0
7d9de861-2aa8-49d6-a2c5-47a5d7e1d06f,132.0,390.0,236.0,210.0,1
7d9de861-2aa8-49d6-a2c5-47a5d7e1d06f,681.0,380.0,176.0,243.0,1
7d9de861-2aa8-49d6-a2c5-47a5d7e1d06f,622.0,198.0,154.0,132.0,1
7d9e7d82-aed5-4fa3-878b-8073834a7277,,,,,0
7daace95-9dc7-4f2e-8779-392adf5634cd,,,,,0
7dac3c5e-8ecb-4ef6-a0b0-e1dd688253d0,,,,,0
7dacc135-b80d-4d8c-93ba-4cc94a9fb0e7,,,,,0
7dafcc49-2627-433f-b5c2-3a0e938848d8,,,,,0
7dd2a36e-d9f5-4152-ba5a-17ef5777a7ef,,,,,0
7dd38aad-d538-4068-8ddd-c1c401b7e2b2,,,,,0
7dd3c24a-f0bf-4a6b-89c0-ccae17748457,,,,,0
7dd489c1-6d18-4b83-a7e2-5edd0b1ff69f,,,,,0
7dd58e18-0ecc-4c3a-bd31-a27f8cbf7a74,,,,,0
7dd7ae0c-bea8-4b2e-89e9-c6f55ce0529a,,,,,0
7ddbec34-6938-499b-86a2-c3c2277ea4eb,,,,,0
7ddece1d-137e-486e-a19b-8fce32365127,,,,,0
7deab1f8-2471-4603-912b-8ba96bac49f4,,,,,0
7dece74f-6189-4e58-8d14-0659b1db8527,,,,,0
7df521b7-d682-43a5-a49f-080d1d87070e,,,,,0
7df61fa7-1294-4e57-9e63-b84a5c272982,,,,,0
7e1d04b9-ea65-4ecf-a18a-5e624fcb788e,,,,,0
7e22229c-d2b4-4d6f-8063-6f70bc403d1c,,,,,0
7e242578-21a7-492d-a02d-19a167942414,,,,,0
7e249711-25e7-45a1-aebe-2c22c47abf78,,,,,0
7e25dcde-dc45-41ca-85f6-a73480915d93,,,,,0
7e30d243-74d1-4ead-8c47-be631669b1ae,,,,,0
7e3562b1-6f8e-4182-94da-e8df9d6e9282,,,,,0
7e39e357-39bb-4033-8059-107dd75ca783,,,,,0
7e403391-3766-4617-90c3-ce7dddcc826a,,,,,0
7e4cf7b9-9ab1-4a13-94cb-96f9c141c13d,,,,,0
7e514a50-6803-49c3-ac14-fad2512cc8a3,,,,,0
7e5673a6-f9fd-40ee-87b3-bea2c84a0575,,,,,0
7e608cc0-424d-4cd5-a690-e4f586710b2f,,,,,0
7e64cb1a-ad85-4993-8770-f9ad195c02e8,,,,,0
7e68dd71-1e3e-4fa6-80ea-fa2a226aa06e,599.0,561.0,180.0,159.0,1
7e68dd71-1e3e-4fa6-80ea-fa2a226aa06e,289.0,577.0,143.0,110.0,1
7e722f23-4ffe-4448-96d2-a219b56d47ce,,,,,0
7e7765a1-8baa-4c1b-abdd-34113781994d,172.0,489.0,218.0,172.0,1
7e7f06d1-3d03-448f-937c-3c9a449d773c,,,,,0
7e80e4db-d898-487b-93c1-6c9bc0f91f34,,,,,0
7e81879b-66ca-470a-903d-edce8bc7a218,,,,,0
7e81f530-2762-4af9-997a-914d24e3ea6f,205.0,475.0,173.0,163.0,1
7e82595b-7c34-48f7-8778-7415441132e7,,,,,0
7e85a356-c710-409a-95ea-a92e3dccb7f8,,,,,0
7e85ffa0-ad3c-4475-8ca4-3cbb92a6a394,,,,,0
7e901136-4b7f-4301-8735-9634d4b41ee9,,,,,0
7e97f902-20be-44cd-94e2-e9695631f69d,,,,,0
7e9f1e53-92d9-4cde-8d53-0a3837711cb3,,,,,0
7ea6a920-a1ad-4cf1-91d5-a6634708b12c,,,,,0
7eabc23f-a585-40b1-b6e5-ba61407abb1f,,,,,0
7eabe6a9-1bd5-4f58-b043-4bb3a91f61a2,,,,,0
7eb0abcb-860e-4745-b311-28657770c038,137.0,384.0,199.0,277.0,1
7ebe672d-e563-434d-b3b4-45046501a4c6,,,,,0
7ec4666c-0304-4b7b-8263-bf417ab7cccd,,,,,0
7ecdcd80-bcaf-494b-8da5-5a9ae5540483,,,,,0
7ecf56d9-73b6-4dd6-b0c0-4849c135241a,,,,,0
7ed72508-4582-4d16-8df2-724ba106e692,,,,,0
7ee24f90-5dff-46a6-8985-c2036fc709f3,,,,,0
7ee86229-0c3d-4b95-8c81-df6131c3a476,,,,,0
7ef28198-53a4-408e-8a54-1d421c97edba,230.0,450.0,115.0,95.0,1
7ef28198-53a4-408e-8a54-1d421c97edba,673.0,478.0,133.0,138.0,1
7ef47be2-106c-41d5-aa52-7c14a0fb82a1,587.0,540.0,224.0,139.0,1
7ef47be2-106c-41d5-aa52-7c14a0fb82a1,199.0,345.0,172.0,276.0,1
7efc355d-92be-4776-8134-7c3daa100a00,259.0,252.0,164.0,96.0,1
7efc355d-92be-4776-8134-7c3daa100a00,605.0,194.0,113.0,111.0,1
7f015127-0907-4ba7-8021-cf868a210d4c,,,,,0
7f0ae9ec-6533-46f0-a40d-7cf0b4843431,,,,,0
7f0fc5c2-6da8-4d23-aed4-3c1f30c5344f,,,,,0
7f12966e-c382-4f9e-90ac-e1575dcdc812,,,,,0
7f13b986-d939-4988-b2b9-30d34d88d3ac,,,,,0
7f13f78a-f7cc-4d3d-9992-b293df9fbd48,,,,,0
7f1ee52a-1018-4b3e-bc5f-94e2222c770d,,,,,0
7f20b8b6-47ac-4a81-81d4-77824b0b69f5,,,,,0
7f3bcf92-a1de-4599-9472-30dcf7eca210,,,,,0
7f3c3430-4f1a-4793-b2d3-7ec2b637e2f5,,,,,0
7f41d711-55ff-44a5-8857-b02eb300174b,,,,,0
7f487f82-e99b-4765-a7ea-3421e3d6dc9c,,,,,0
7f51bbd3-a296-4741-9c81-3b19bb4ef842,,,,,0
7f57a568-9ec8-40eb-9762-ce5831ba29c9,,,,,0
7f59e381-2557-44f4-bbc4-70eca5ff9a03,,,,,0
7f5aa259-e078-4d96-b141-95c193b39a0b,,,,,0
7f5b9640-bd17-41d8-afb6-57f02684ef19,,,,,0
7f698c7a-4991-4a30-b1b5-d2165cefb7dd,,,,,0
7f69dad4-92ff-47eb-ab3d-b2f41a0b7199,,,,,0
7f6e7399-b358-4e34-9734-5d47d5287c51,,,,,0
7f706ab7-2868-45b8-aa63-f5dfa59d37d8,,,,,0
7f70dbff-2cd7-4221-b69c-f7cfbd14367d,,,,,0
7f70ea0f-7c26-4375-8ff3-03f06bd2b550,,,,,0
7f721864-b825-4ab3-93a8-b9c0bab8cb2a,,,,,0
7f7e1189-15f8-4137-86b5-52c717ce324f,,,,,0
7f822f92-f1e5-437d-a2ae-226042e22721,,,,,0
7f83a8ed-dafd-49d8-a6cc-89ae947af127,,,,,0
7f86ef64-225c-44ba-a1ab-e4ec82945ff0,,,,,0
7f86fd30-6720-452f-9b42-a82db3cb1d57,,,,,0
7f91ccc0-e863-4d57-b346-f96059772e7a,,,,,0
7f957ae7-0d22-47c2-8c41-ecf5aeccb1f0,238.0,551.0,167.0,237.0,1
7f957ae7-0d22-47c2-8c41-ecf5aeccb1f0,620.0,597.0,209.0,219.0,1
7f9a94e2-a36b-4f42-9cfb-1f239c448784,,,,,0
7f9c4c46-fc41-4f30-8bb9-7173419139a2,,,,,0
7fa2ea6b-4d47-4f4a-b0be-8f47aac97d35,,,,,0
7fa5c832-11ce-4342-9ea2-1806fb0988aa,,,,,0
7fadaf95-e9fd-46eb-a96f-5d06326690b9,599.0,605.0,153.0,118.0,1
7fadaf95-e9fd-46eb-a96f-5d06326690b9,48.0,517.0,237.0,249.0,1
7fbf1fe8-f97d-4e7c-9ac2-65d4e06f33b4,,,,,0
7fc14067-6bfc-43a8-b17f-2f58e40ece00,,,,,0
7fd44fdb-0624-41a0-89a7-c955df783f69,,,,,0
7fd7ff85-31a2-4ff6-865e-610b81265b37,,,,,0
7fdcd4cb-80f3-4450-a505-41cacc994c1f,,,,,0
7fe0839d-0a9d-4c51-93fc-7a2132fbe9db,,,,,0
7fedb49f-a0d3-4b14-9c8b-0fb24d8ad067,,,,,0
7ff2b35b-2eaf-4fc2-b2e7-02031c748910,,,,,0
7ff721f6-5055-4d4b-bd48-e6d49e4d3e7d,,,,,0
7ffa12bc-05e7-467b-ae93-e1eaf7dcd5c3,,,,,0
80003925-909e-4ac0-b662-5768b58bf788,,,,,0
8005e8b9-ab58-45e2-b902-8057864630af,204.0,641.0,159.0,116.0,1
8008f996-bee6-4ed5-b861-6f7de7b59f2c,,,,,0
800c7b61-e5a6-4dfe-bc2b-97ba1231a5bf,,,,,0
801084a2-d6d4-406a-94bb-6d3f6300202e,,,,,0
8013ccfb-cc6b-4073-9344-2ac59753e04b,,,,,0
801a59d8-4c66-4b8f-92f2-d00bd89644c9,,,,,0
801d3a16-46bd-4382-b3ce-36fc7d6e99e7,,,,,0
802a0642-2f62-469d-9788-171db67894f5,,,,,0
8030afb0-b23e-4d19-b127-63f37e781ccb,,,,,0
803c8455-d72a-4f0d-b20c-8f6e557a6072,,,,,0
80417722-2a5f-4f1f-b11a-31b66619d56b,,,,,0
8041abe6-d563-4d6d-8c5d-2ad2c07aa0f1,,,,,0
804249b1-2260-408b-9aaf-3f2e3eeae93f,274.0,515.0,152.0,147.0,1
80444b97-3034-43e6-877b-df60a7695c60,,,,,0
80498871-eb35-486b-89e5-1b3240417e70,,,,,0
80582cf2-79e4-4dbc-bb99-69892d19b04f,,,,,0
8061da34-c7a5-46a4-9534-632a036a2083,,,,,0
806b6a9d-cfd7-4f32-85a8-8dfc916b4fab,536.0,433.0,296.0,265.0,1
807f9785-d0b1-46ed-9535-0b743cc89a33,,,,,0
8082cd83-484d-426a-bc23-7e9b3fef77a6,,,,,0
809195a1-4267-452c-bbbe-7157ff1596d8,,,,,0
8093c094-f3a1-45f0-9280-cc62b3cc9a37,,,,,0
80a1cc19-770c-40a0-bfbe-0014466ce891,,,,,0
80a1f177-3418-488d-860c-8a5a760cd5e2,,,,,0
80a57687-c167-429b-84b5-3ed038c18e38,568.0,305.0,228.0,491.0,1
80b32290-e877-4945-8b0f-848d3f3dd36a,,,,,0
80bca6c8-5cdf-4528-85d6-aa6f3336664b,163.0,307.0,296.0,404.0,1
80da7404-f9b9-45dd-9233-139ac5f3fb24,,,,,0
80dd3324-cea6-47c3-bf7c-45a083f954a0,,,,,0
80e0e01a-b0cd-46f1-99dc-d3e966e542c6,,,,,0
80ee782e-dd5c-4d8d-b030-6cb61322dd4a,,,,,0
80ef2532-7497-4e5e-bdcc-d97da06da0b5,150.0,577.0,270.0,203.0,1
80f4ae7c-9523-46ec-93ac-592415eb4748,,,,,0
80ff754b-9ce9-4c0c-8155-f64a5752b0a4,255.0,334.0,247.0,350.0,1
8106073f-c91e-49cc-bfd8-c191fe793638,583.0,131.0,113.0,339.0,1
810b8ef8-f65f-4f24-9798-aa13ed4fc828,152.0,472.0,259.0,360.0,1
810b8ef8-f65f-4f24-9798-aa13ed4fc828,655.0,410.0,269.0,512.0,1
810e8bdb-2544-4c42-9504-a2301bd27c4c,,,,,0
811b44c8-1564-4d18-b19a-37caa720c102,227.0,487.0,241.0,184.0,1
811b44c8-1564-4d18-b19a-37caa720c102,625.0,403.0,238.0,335.0,1
8124402b-7ffa-4d3c-8387-2a20ee3c6424,,,,,0
812d26c2-852a-4846-832d-67a1a40dacf9,,,,,0
8137bcc2-320e-4610-abb3-b390465db343,,,,,0
813f2bf4-82b9-4b67-acdd-84aeb03a1149,,,,,0
815db394-98bf-4a2d-957a-968e2ef365ea,,,,,0
8160b6e6-9cbf-4083-b849-991b1eaed067,194.0,411.0,236.0,301.0,1
81638698-2938-4b4c-8c47-729da3b5c37b,96.0,637.0,249.0,273.0,1
81689cf1-d16b-466a-b90c-e9a780dc1f1f,,,,,0
8172b32c-460a-411f-b0c9-c7cc82297642,,,,,0
817a8977-7598-427a-92f7-57833c22e5fa,,,,,0
818a1ce8-68ef-4cdd-b92d-f09ba72c692b,,,,,0
818d8d1c-1f0b-4760-8d6b-9c4add3f8ef2,,,,,0
81936d3e-4dda-44c0-9de4-66af23839677,746.0,409.0,134.0,197.0,1
81936d3e-4dda-44c0-9de4-66af23839677,783.0,623.0,158.0,232.0,1
819825bd-1bb0-4eef-9299-e2ae28531c2f,135.0,317.0,271.0,370.0,1
81a62ac0-0757-4338-82ad-ee4ec30e1bb7,,,,,0
81b3ca12-841a-4c71-8fde-7fbcb835b6c9,646.0,331.0,289.0,294.0,1
81b7dd4a-7677-4672-9ad4-c7c6b29f9178,,,,,0
81cb5132-b2f3-4ef0-8f00-0947b511e518,,,,,0
81cc48ed-0b64-436e-809e-47c3fc35006f,,,,,0
81cf058e-066b-4e59-b5f9-8153eb718715,,,,,0
81d27d73-7248-4cab-b618-8bd642f3611e,,,,,0
81d9d146-e9bb-478b-aeed-c2431780030e,618.0,311.0,203.0,204.0,1
81d9d146-e9bb-478b-aeed-c2431780030e,327.0,169.0,170.0,394.0,1
81da1196-4ca8-4c29-b0cf-6c6cf6386a6f,217.0,246.0,240.0,535.0,1
81da1196-4ca8-4c29-b0cf-6c6cf6386a6f,604.0,184.0,258.0,655.0,1
81dca618-553d-4299-a4a0-e64f764bf69f,,,,,0
81e1e4c7-34f3-4c0b-be39-1066ad72e18f,,,,,0
81ebe1ca-04bf-413e-9f69-ed7ee39271fb,740.0,331.0,150.0,334.0,1
81edd0f8-9240-41c6-a9c4-ad84ca021fdc,,,,,0
81ef1bce-9c23-49b0-b9fc-d8518a663336,,,,,0
81efaf28-113e-40f8-92e5-49ceaa310b73,,,,,0
81f6fcf9-88eb-47f2-b217-714feaf5289f,,,,,0
81f8cd75-46eb-474d-a413-51cb420402e6,,,,,0
82054420-6a12-4690-ae52-9d3be158499c,595.0,150.0,277.0,755.0,1
82054420-6a12-4690-ae52-9d3be158499c,184.0,163.0,309.0,626.0,1
82099a84-dd20-48dd-a87a-7ffd3d948c8b,236.0,533.0,226.0,192.0,1
820a493d-b8cb-4724-9609-4db39b42f368,193.0,615.0,217.0,189.0,1
820a493d-b8cb-4724-9609-4db39b42f368,598.0,585.0,255.0,307.0,1
820a9541-f7cf-4b39-ab04-6d1befbd0835,,,,,0
8214be18-4b1c-4042-a3f9-c1929c516ffb,,,,,0
8214bf08-4f13-4b43-b2ed-47ee8157eb3f,,,,,0
821692fd-9659-4179-b408-e4dda2e10dae,,,,,0
821694bc-d155-4690-84f8-268eb8da05d7,623.0,386.0,208.0,199.0,1
821694bc-d155-4690-84f8-268eb8da05d7,255.0,441.0,245.0,129.0,1
821d49d2-03f1-4424-9337-1dfa45cdd1ff,,,,,0
821fde12-5350-48b3-9e50-8de35289fc9b,,,,,0
822723b2-1db3-4f0d-a869-004a14a7bcdb,177.0,197.0,328.0,447.0,1
822723b2-1db3-4f0d-a869-004a14a7bcdb,659.0,243.0,333.0,463.0,1
823649c5-fe9e-4774-88d6-320f24184ff3,,,,,0
823a9297-1c70-4f5d-8f10-b33205761ca2,,,,,0
82475321-76c4-44da-8799-38399abe8037,,,,,0
824a82e2-1f0f-4eb0-8012-24d733fbcc86,,,,,0
824d9f73-9c41-47be-984b-29b40f5a8b86,491.0,80.0,348.0,503.0,1
824d9f73-9c41-47be-984b-29b40f5a8b86,103.0,55.0,276.0,457.0,1
8252e0cd-4d10-4f42-ae3f-d6e960f11989,,,,,0
825548ba-023d-4e18-960b-e2470130c200,598.0,544.0,271.0,317.0,1
826361cd-08ae-49c4-b535-25a4f14026f8,626.0,152.0,262.0,404.0,1
826361cd-08ae-49c4-b535-25a4f14026f8,352.0,323.0,162.0,403.0,1
8263fd36-1344-4daa-8783-35c639ea5a9c,,,,,0
826c317e-01af-4cc5-a367-07974ed1df69,,,,,0
826c7ade-8228-4f43-b5fc-a8b0591ba3e8,,,,,0
827d6b20-ff1b-4db7-816a-96c333375b08,,,,,0
82820eb1-3545-4cd9-8786-d5e7ae5557cb,,,,,0
828a07b4-78cc-4ec6-8f16-863a6b308ade,,,,,0
828b546e-2f05-40ae-9f10-85fef16f6bbf,,,,,0
82a15b7d-7443-4a73-9ddf-8cf6dd6d00ce,,,,,0
82a7bf92-08f2-4fc7-8ac0-555c81bf1eb8,,,,,0
82ae2fce-b936-4ec9-94f2-9f28fe845c8a,,,,,0
82b3fca7-e397-487d-80bd-3b2fbd046f16,,,,,0
82beb85f-6cea-4e41-8864-a0b0a7a4f739,,,,,0
82cc884e-e00a-489a-b68f-e6c094fe81af,,,,,0
82cd9979-23bc-422a-86a4-3987ffccf77b,,,,,0
82d370b8-4196-4b21-948c-8ed6764066ef,,,,,0
82e7e1d7-862f-43c7-b8d4-b2281def64fc,,,,,0
82e7f34e-2d4d-47e8-bd42-0a8dac678265,,,,,0
82edc80d-0b41-45e4-8460-e46f64c67dbf,200.0,514.0,253.0,316.0,1
82edc80d-0b41-45e4-8460-e46f64c67dbf,654.0,697.0,311.0,234.0,1
82eed4e4-eee7-4cdb-900e-fe9cd363bc64,,,,,0
82fc2ef9-5416-4b91-8814-e5e1e801fbfb,,,,,0
82fcb3e2-0969-46a6-a252-c897f55d7f95,,,,,0
82fe1495-d984-4693-9220-1a3eb1a03ccb,,,,,0
830029b1-3429-48f3-b13d-c7c611865d6e,507.0,627.0,165.0,245.0,1
83027ad0-2098-4d3c-a8c3-8f89a8addc39,,,,,0
8309eca9-8666-4709-a389-fc3b6c9097a4,,,,,0
830f3bd1-2fdd-4823-9672-d864680db6f1,,,,,0
83126b29-c67f-4296-bf41-882b297c7cac,,,,,0
831acdb2-d7e0-4dff-aa12-645b35101488,,,,,0
83202eb5-7996-4d24-ad8b-6680d9e98bd2,,,,,0
83209510-bdcc-403e-aed9-baf492a93ff7,,,,,0
83217a2d-df03-4e4f-8fca-2debf5e161f6,,,,,0
8332a000-68f2-40c2-8973-4da2aa081cc1,,,,,0
8336247a-99ea-4b37-9658-3deaad4838f3,,,,,0
83380c83-a884-438d-aab2-addedcb566d0,,,,,0
8340b291-b5ca-46d3-88e4-7335230d2922,,,,,0
834ab3e7-7847-4cb0-8685-ca59d3d3c1d0,,,,,0
8354d215-dd74-46ec-9976-002b1c3fd3dd,,,,,0
835a9ff6-3844-49b4-b016-a8b337fa5b77,,,,,0
8363d231-9345-4903-9b01-9fc3200792ea,,,,,0
8365429f-9f70-4967-85f7-e425913820f7,,,,,0
83700f47-c0b3-46a5-9067-29e45d31599e,,,,,0
83734475-2ce6-4340-ab60-a318bbddc218,,,,,0
8375d80e-2122-4b60-811d-0da040f6b68e,141.0,261.0,131.0,129.0,1
8375d80e-2122-4b60-811d-0da040f6b68e,288.0,370.0,114.0,165.0,1
8390a996-c93b-4f57-84eb-89e21f580147,,,,,0
839dc857-9e00-47d1-94d7-e3b1271bbe73,,,,,0
839f232a-8968-463f-b9b9-3cab7b3c05ed,,,,,0
83a0b8f1-d50d-480d-92b6-794a2bad897c,,,,,0
83a92bee-99e1-41bc-965d-2be0862cd4c2,,,,,0
83a9ae1b-36be-4a4c-a0cf-00e76a4f0463,266.0,224.0,154.0,130.0,1
83a9ae1b-36be-4a4c-a0cf-00e76a4f0463,638.0,265.0,154.0,211.0,1
83aaf3f3-1b3d-495c-ad0d-a0ef9a07d4c5,,,,,0
83ad6202-77bb-40bc-b01d-6921d731f210,,,,,0
83b2d3d6-2cc9-4dfb-ba67-2cce674d669a,,,,,0
83b66f12-6ab2-49e4-9df7-09b5386d96be,,,,,0
83b6c4e5-6b31-49d5-a1a6-d36c04a8c3fe,,,,,0
83b91807-5f6e-4938-b9c4-b8ce8b64cbf4,,,,,0
83bb8d1a-8486-4ee9-885d-17ddffde40fa,559.0,303.0,215.0,263.0,1
83bb8d1a-8486-4ee9-885d-17ddffde40fa,145.0,146.0,234.0,548.0,1
83c485a7-1c15-481f-beee-021f912e9903,,,,,0
83caea12-f12c-4bd7-b381-3082e5dfb80c,,,,,0
83d2803f-0327-4971-8812-8ddce716b372,571.0,142.0,290.0,630.0,1
83e5b531-4609-4a91-81e3-ef67ba4c3d83,,,,,0
83e74008-03a3-4a5e-99b5-32d0d590d49e,,,,,0
83eeeb49-96b9-455a-89ab-425a0e5c471f,,,,,0
83f4781d-6f1b-476b-9916-d23ec415d928,315.0,149.0,223.0,413.0,1
83f4781d-6f1b-476b-9916-d23ec415d928,631.0,293.0,222.0,414.0,1
84030ab5-8cd1-4db4-9b70-df83042cc856,,,,,0
842bcf94-610a-4fdc-bffb-80b7d60842f3,,,,,0
842ee9d8-de33-4eb6-a79b-c9b28f21f98d,543.0,110.0,395.0,520.0,1
842ee9d8-de33-4eb6-a79b-c9b28f21f98d,166.0,118.0,311.0,491.0,1
8445fce3-aa62-44de-aba5-3750dd837d8b,171.0,439.0,351.0,309.0,1
84492c21-1895-46b0-b785-6fe6808fba58,,,,,0
8456b86c-807b-4ea8-9827-b15b452d685e,,,,,0
8476f1d1-b4a1-4ba9-ae61-6bc6742732ce,,,,,0
847e9faf-f5d6-45b7-8622-9e8fa4b907fe,,,,,0
847ec9f4-387b-4655-b357-e0c2b1323feb,,,,,0
847f25e9-6983-4c5f-a1e6-f3629557f1a3,75.0,816.0,308.0,208.0,1
847f25e9-6983-4c5f-a1e6-f3629557f1a3,657.0,701.0,310.0,310.0,1
849642c1-13eb-4521-9af0-43e25ac8134c,,,,,0
849a8885-b59f-4027-8fee-bc1db024b223,,,,,0
84a14ff5-f4fe-4ee4-9873-ccb84b76d5a8,602.0,405.0,234.0,292.0,1
84a14ff5-f4fe-4ee4-9873-ccb84b76d5a8,227.0,297.0,157.0,96.0,1
84a2adb0-52b6-4a64-908d-538356e67d6d,,,,,0
84c1ddab-f181-46c8-b111-b055ad42e6a5,,,,,0
84cc153e-fd8a-4e3a-a2c8-c5917685321b,,,,,0
84d73e68-ceb9-4bff-94d9-9b97523109ee,115.0,509.0,370.0,286.0,1
84d7f055-3374-4d68-9390-cf3b1418355c,,,,,0
84f08609-93eb-4a37-9ec8-330de61dcf11,,,,,0
84f26613-70e0-4161-8804-65835801f185,,,,,0
84fbfb70-4133-44c7-9c1d-67fc20d011df,,,,,0
84fc2a49-5501-4762-ac20-f10d10f5bb41,,,,,0
850b9f56-6ae3-49bb-9cca-fb6cfe333b3f,,,,,0
850c772b-b01b-42e6-87f8-d097e92ae793,,,,,0
851e42c6-2d78-4dbf-9297-0ebda7f6bfe8,,,,,0
851e6307-c481-4851-8040-e64d97ee6cd1,,,,,0
852a3e14-dd80-4965-847c-913e49c53239,604.0,584.0,220.0,255.0,1
852cc5ad-522c-4a30-af8d-6dbb53fbee4d,,,,,0
853ef66f-999b-4ee1-821c-39ab2d744d47,,,,,0
8540e870-c8f7-494d-a779-a5fba52040b3,96.0,225.0,164.0,287.0,1
8540e870-c8f7-494d-a779-a5fba52040b3,676.0,188.0,228.0,435.0,1
8540e870-c8f7-494d-a779-a5fba52040b3,110.0,552.0,270.0,280.0,1
85444c90-e9d1-42cf-8ac4-f9968d27473d,654.0,200.0,300.0,528.0,1
85444c90-e9d1-42cf-8ac4-f9968d27473d,240.0,197.0,319.0,486.0,1
8545260c-9252-4308-9064-e954c8b8648c,,,,,0
8548232a-97d6-4980-90da-5e70e587c980,,,,,0
855262ba-9cf0-4b86-bae5-c7034b457d7e,,,,,0
85682fd3-9d19-4b37-a663-6071cbfb82af,234.0,313.0,292.0,604.0,1
85682fd3-9d19-4b37-a663-6071cbfb82af,602.0,305.0,333.0,580.0,1
85860936-89e0-422c-b4c0-b19eaef0f50a,,,,,0
85885488-7e02-4140-afac-7f673cff1090,,,,,0
8589cf54-e34c-44a5-8860-0cc8ac7b6eb3,,,,,0
85925157-b6c6-4fa2-8729-fa308380679f,,,,,0
85a307fc-6a0c-4dd7-9402-7950496bb911,,,,,0
85a3789f-ce9e-4940-8d28-102914e90acb,,,,,0
85a77a2c-9fb8-4ceb-af2b-4de716d4d366,,,,,0
85c3ed41-f0d8-40e1-b439-0607ff697619,653.0,207.0,254.0,391.0,1
85c3ed41-f0d8-40e1-b439-0607ff697619,245.0,371.0,254.0,389.0,1
85d878f8-6828-4952-bd30-319bc4698358,,,,,0
85ec2430-4040-4fb1-be12-e1f39e7472f0,,,,,0
85fde190-a997-4f2c-8378-61749288bb46,556.0,164.0,222.0,563.0,1
85fde190-a997-4f2c-8378-61749288bb46,235.0,258.0,209.0,366.0,1
85ffb2f7-51c3-4b6b-8e7d-d46af9ff82a8,,,,,0
86054053-e1e2-4fa9-85b7-0ba7a6708afb,,,,,0
8609c224-17bc-4886-a08f-d82e098fe891,680.0,426.0,265.0,358.0,1
8609c224-17bc-4886-a08f-d82e098fe891,318.0,450.0,199.0,311.0,1
860b35ae-5242-43fb-8e37-4b08d2b79a70,,,,,0
860da4ca-ffdd-41fe-b3a3-511ee42a61db,,,,,0
861527f9-8aa7-4c7f-81b7-c8bf6fb68222,,,,,0
8626d87e-9618-4c5b-99c6-dade3e55960f,,,,,0
862e953f-a15d-439e-866c-189e9082a038,,,,,0
863a923a-3906-42d3-92db-76c900091fce,528.0,185.0,203.0,214.0,1
863a923a-3906-42d3-92db-76c900091fce,662.0,414.0,154.0,113.0,1
863a923a-3906-42d3-92db-76c900091fce,147.0,264.0,178.0,143.0,1
863e0a4a-8eaf-4dae-9a9f-fe81a437b27c,533.0,262.0,272.0,302.0,1
863e0a4a-8eaf-4dae-9a9f-fe81a437b27c,73.0,307.0,280.0,247.0,1
86401948-d976-41b5-965a-120a8cc3899a,631.0,323.0,188.0,189.0,1
86476bf3-2f34-4289-835d-466a53840fa5,,,,,0
864a6712-56a0-4f7c-a98a-93441e1deaa5,,,,,0
864f7e5c-e99d-41a6-85c8-b917ac67a9e8,,,,,0
8650a631-0b93-489d-a093-21f7ef9e11a5,,,,,0
866339c6-eddf-4b02-92de-9447590a4517,,,,,0
86746808-b97b-4a47-b073-973fa4babd3f,,,,,0
8677d73f-fe1f-46c4-a8e3-70b8b46f52a0,,,,,0
86784b68-1b60-419a-ad02-6db2723902f3,207.0,520.0,169.0,214.0,1
867bfc1d-6c67-41b3-be0c-6a8153eddc93,,,,,0
86853bbd-5af2-4551-8273-f2978dffdd76,75.0,164.0,397.0,517.0,1
86853bbd-5af2-4551-8273-f2978dffdd76,591.0,204.0,327.0,595.0,1
86882f8d-8a18-4155-a661-f142cc4bafa4,,,,,0
86936d5f-73fb-462e-bcbc-5815879cb3d6,522.0,263.0,125.0,158.0,1
86936d5f-73fb-462e-bcbc-5815879cb3d6,117.0,166.0,242.0,396.0,1
8698df10-24b5-4b01-ab93-373ba59e26ba,,,,,0
86a492f8-353f-4a6a-8d8c-53bd3333c595,,,,,0
86bd39a4-568d-443c-9ad4-4c9807d7f136,,,,,0
86c27916-8e16-46f3-bfc3-41ad645dd672,,,,,0
86c44a2d-647c-42d6-9575-c2ba95418206,,,,,0
86d679f5-254b-433f-b69b-01750d8fb6b4,,,,,0
86d81c2a-dbcb-4fc5-aba5-023108f1ef1e,,,,,0
86d88303-5909-4655-81db-e4d62fdc5e33,,,,,0
86e054aa-1863-46a0-9f9d-1a8ed005010d,,,,,0
86e4fdcf-8d2f-437d-afd6-198b41993bdc,,,,,0
86e9848d-dd57-48b4-b016-5b1447fdbd58,667.0,163.0,181.0,362.0,1
86e9848d-dd57-48b4-b016-5b1447fdbd58,388.0,367.0,217.0,195.0,1
86ef7679-5d43-44c6-9917-d7cbcd83c2a9,,,,,0
86f0e1b5-1817-47da-af5e-d885dfc40424,,,,,0
86fdf8ff-76e8-46e3-a80e-b98921801131,,,,,0
86fe04c4-d725-4879-87ce-4ed42e6ae4e9,,,,,0
87069fbf-4fd6-4c66-8072-80d4b10a4f92,,,,,0
87095dc4-b834-4f72-84a4-1574202bdb72,,,,,0
872805c1-b277-4386-bc7a-4fde8d0647c9,,,,,0
872d850a-151b-4675-8ebc-975ebe8d4485,,,,,0
8732a404-be54-4ab6-809f-b92b3dde6e63,571.0,480.0,202.0,334.0,1
8732a404-be54-4ab6-809f-b92b3dde6e63,154.0,473.0,232.0,358.0,1
87344c44-8544-4e4f-bd7d-4d9b335e65c5,,,,,0
873e1556-1944-42e3-9267-c3bad3387973,,,,,0
874b936d-24b3-4c55-9ee6-d4974a89bf99,,,,,0
874f4de5-3840-4f47-9d23-6005871c7dbc,,,,,0
874fb2e8-4d06-4750-b1f1-23c9e45bb8e1,,,,,0
8755246c-f297-4c6e-89f6-f16d732b0b31,,,,,0
875be0df-50f9-4b73-9e62-fde4677c515a,,,,,0
8760bcf7-6545-4d43-8996-39d5abe8653e,,,,,0
8769a5f8-1287-48b3-9ba2-c67be8e31a36,,,,,0
876b6810-5df3-45c8-9d5a-9e3cd1d59022,,,,,0
8770e4f6-7029-44d5-b430-b9c4fd89f2b0,,,,,0
877a553f-e3dd-48c5-af09-35051c042557,,,,,0
8782c8e0-8592-47e0-95df-ee8224d6dec8,162.0,530.0,264.0,362.0,1
8782c8e0-8592-47e0-95df-ee8224d6dec8,535.0,437.0,317.0,520.0,1
87921e7c-7efc-4af1-a66f-a0aefc658f5d,,,,,0
8798a1de-a9d2-46c3-8512-c94c231ec982,,,,,0
87997557-f548-49b5-b779-ef299507bc6c,,,,,0
87b38b66-102c-46de-b66d-89a0a381cf92,,,,,0
87b52a0d-3e68-4699-bc6f-0c789b039cde,,,,,0
87c1129f-231b-4680-ac14-108e64a4a48e,,,,,0
87c70c16-fe47-4aea-b6ec-21f975930c8d,,,,,0
87cd0c03-f49f-4001-8457-10c659890cb8,,,,,0
87d989b3-c8ed-40f3-976b-aed29114b0d6,,,,,0
87e02682-fc89-44c0-8a7c-866f0dcaa8eb,,,,,0
87f703a2-45fe-4a6f-a7e6-b58de3428e0d,,,,,0
87fca20d-c5ef-4390-9ea0-7ad0bc6f5ad4,,,,,0
880a1959-2f94-4572-8ed9-041d0d85e2dc,599.0,452.0,214.0,287.0,1
882e6633-37ae-4100-a315-5de37a6a1cca,,,,,0
882fddd7-ed8c-4790-a645-4e4b7deb0696,,,,,0
8832feb7-c221-4d3e-9086-fd6d787cceb5,,,,,0
883dfbcd-8bfd-4cfe-b562-2e76c06dfc04,,,,,0
88527165-a8f1-4859-9b94-a1300aa65659,,,,,0
8852c2ae-113a-4e71-9c7a-b8f67f60b012,,,,,0
88588638-7486-4c03-aefe-884f4e89885e,,,,,0
8861a5a5-071b-413a-9000-1d217a75df71,,,,,0
887ddbfb-7b20-4673-9ee6-5dd1b688e8c6,,,,,0
887f1973-3952-40a2-acf7-19a471c1c92d,255.0,205.0,315.0,576.0,1
887f1973-3952-40a2-acf7-19a471c1c92d,676.0,279.0,289.0,653.0,1
88810f05-2f45-4edf-a5b9-9b6745259ae2,,,,,0
8888f28a-261e-4b1d-b459-da6fe9b88226,,,,,0
888dc50a-04f6-4b51-a621-9fa9b374fc0b,,,,,0
889672e3-66b7-4879-9b02-0bc41d3f66d2,454.0,197.0,287.0,470.0,1
889672e3-66b7-4879-9b02-0bc41d3f66d2,164.0,268.0,262.0,424.0,1
88a033e5-b48c-4f0c-aa0a-3c0ae353cc0d,,,,,0
88b30c18-843f-4c50-ae65-52b03b1a9486,,,,,0
88b33152-bb89-49bf-8195-f6addce88b58,,,,,0
88b61e45-e6e8-4a1d-bb26-475537397a62,,,,,0
88bd1d7d-c59f-44f4-b168-7351774d05c9,,,,,0
88c25715-03f5-474e-9cee-5ad1f7beb4ce,168.0,133.0,265.0,683.0,1
88c25715-03f5-474e-9cee-5ad1f7beb4ce,513.0,275.0,301.0,633.0,1
88d25c7b-029a-484e-b860-284e164422cf,284.0,387.0,119.0,262.0,1
88d25c7b-029a-484e-b860-284e164422cf,587.0,421.0,192.0,297.0,1
88dfac4d-30d4-42fe-9122-82246ecee401,402.0,332.0,135.0,121.0,1
88dfac4d-30d4-42fe-9122-82246ecee401,344.0,448.0,150.0,124.0,1
88dfac4d-30d4-42fe-9122-82246ecee401,715.0,307.0,153.0,168.0,1
88eab2fe-0e34-4c90-ad6c-3c7eab376c74,,,,,0
88fc0fd8-9814-48d1-b6f7-830ea7957183,,,,,0
88ff2af0-a757-4bc4-b04b-031619dac4e3,,,,,0
89064bf9-0a79-4ddb-b572-775200d94f15,,,,,0
89092a09-18b7-450b-a7b0-58cd6c147919,,,,,0
8914e26a-095b-46a6-b4eb-858e6f75f5e6,,,,,0
89152997-b72a-476e-9b9e-c1af6ef91505,,,,,0
891586f2-e6e5-4e2a-aa3f-824da4e4275b,,,,,0
89168da5-8bd2-4c94-8011-5c9305bb85f0,,,,,0
8917b2df-a22a-4da0-935c-397926ad5a1a,223.0,368.0,254.0,338.0,1
891a1dcd-ea73-48f4-9508-e3e52ba3c5fc,,,,,0
891ff8b9-e808-4cf6-9ddf-7e1c72de91cf,,,,,0
892350c2-ef10-4145-95cc-4c5a248b4239,,,,,0
892ad6c7-8a62-43c6-bc29-8f8dd910f68e,617.0,593.0,307.0,310.0,1
892ad6c7-8a62-43c6-bc29-8f8dd910f68e,120.0,602.0,284.0,259.0,1
892c7112-9d18-48b9-952c-d6d29c08d8d0,,,,,0
89306dc8-a4ee-4679-b183-984ddd00f2fc,164.0,278.0,289.0,549.0,1
89306dc8-a4ee-4679-b183-984ddd00f2fc,519.0,256.0,321.0,619.0,1
89358cbf-f24b-4d24-8c64-b6d98b1f53bb,,,,,0
8936add9-da78-4ad3-8714-f51368039350,,,,,0
893b6861-0bfc-4e9f-94d4-3a967dda4223,156.0,28.0,320.0,816.0,1
893b6861-0bfc-4e9f-94d4-3a967dda4223,662.0,237.0,223.0,309.0,1
8949f382-c28f-462b-a902-058818235e3b,,,,,0
89551f74-8f6e-4f00-884f-1e76ae4c0846,,,,,0
8956c7cd-6593-48c3-a140-ba1be9fff0b8,,,,,0
8956eb86-cc5e-4ad3-a399-b8c3844356f4,,,,,0
895e70fc-1bea-461e-ba21-9d2be5fc20f2,,,,,0
8962b22b-f986-4c3d-ae3b-8664f8e0a51d,,,,,0
89692e2b-c54d-4104-acba-8ff010111524,250.0,230.0,226.0,542.0,1
89692e2b-c54d-4104-acba-8ff010111524,557.0,178.0,253.0,463.0,1
897f3a77-4254-491c-8d23-7d94d02f30d6,,,,,0
89811376-1341-4d03-93b8-1c4771890cf3,,,,,0
8996833b-bd93-4721-bf63-1da145e7f851,143.0,420.0,308.0,227.0,1
899b7bbf-dd21-4b0e-ab94-b2a41af44cc9,,,,,0
89a2272f-45d0-448a-84cd-2b7c6f6e305a,,,,,0
89a40d1f-3e1f-4295-9a4c-4d5a13c5af70,,,,,0
89aa5c47-f644-4add-a711-6c66adb39003,,,,,0
89aeafbd-37ed-4ff7-a8cf-3e6e5cf803ef,,,,,0
89b562f9-7ad1-4fe6-93d0-04727a5e2030,,,,,0
89b60fb5-b6a2-49a1-ac55-7defb6126414,,,,,0
89b8ae25-5f32-436a-9a03-4b39a9a25879,,,,,0
89bfd631-73a1-411e-8c47-bbdd53a9cd75,,,,,0
89c65de0-3fdb-4eb0-bd98-3456a244bfd9,89.0,362.0,205.0,214.0,1
89c65de0-3fdb-4eb0-bd98-3456a244bfd9,496.0,268.0,250.0,346.0,1
89cea3e7-f250-4a7a-94b7-e70df59de14d,,,,,0
89d39f67-87ba-4eb2-881e-403e8e83e3ce,,,,,0
89d67820-5212-4657-b891-0859868d0097,,,,,0
89e42055-203e-4f3e-be86-d234c067ae4f,614.0,502.0,178.0,177.0,1
89f611da-0670-4a0e-b58b-f1729490961a,,,,,0
89f6abe4-a259-4c7d-a98e-6788d11ee3cf,,,,,0
8a02723f-d20e-4172-943b-50e0b99ecb7b,,,,,0
8a079998-b3db-404d-9e48-fd982723b16c,,,,,0
8a08f0a1-478c-4117-b2fd-80cc43850efa,,,,,0
8a18544c-834f-407c-94bd-4b0d028cd0a5,,,,,0
8a19e3ab-3b83-40d2-8ba3-40906f01c5a4,515.0,270.0,269.0,513.0,1
8a19e3ab-3b83-40d2-8ba3-40906f01c5a4,168.0,264.0,265.0,654.0,1
8a2c5b47-e18b-4a56-abe0-fde1652dde49,,,,,0
8a2f2a7e-6692-4009-bd45-3cc1fc2da91a,,,,,0
8a345a98-7f22-4a81-8c21-3541831c3c1c,,,,,0
8a36f06f-80b0-43d6-8dcf-391e49587ebc,638.0,216.0,208.0,417.0,1
8a36f06f-80b0-43d6-8dcf-391e49587ebc,285.0,408.0,160.0,282.0,1
8a3e2134-d278-4b02-ba32-6b40351c4d62,,,,,0
8a404c9d-91fd-4cee-891c-a896e60815b5,,,,,0
8a4673b4-243c-432d-b2d6-fbc7500c2cd9,184.0,195.0,231.0,287.0,1
8a504f1d-b42c-4328-8571-f4e0a8e0fb5a,581.0,461.0,281.0,406.0,1
8a504f1d-b42c-4328-8571-f4e0a8e0fb5a,252.0,188.0,206.0,534.0,1
8a545321-245d-4e23-a4ca-634a90c5ba89,544.0,472.0,270.0,259.0,1
8a58d9e2-9cf1-405b-8e7e-102117a8200d,,,,,0
8a5cff4d-53d2-4a42-94da-e4b3f2008b1d,254.0,85.0,272.0,614.0,1
8a5cff4d-53d2-4a42-94da-e4b3f2008b1d,631.0,234.0,299.0,448.0,1
8a67bf0f-a6f3-414b-8c0b-16230219055d,,,,,0
8a6a239d-428c-4e35-a479-44272702e98a,,,,,0
8a6e99cb-c4d3-4d1c-9def-3d061dc52edb,,,,,0
8a6e9b61-2387-4512-88b4-4ca8938511da,,,,,0
8a746dc0-cc72-4f17-b0b1-388cecd3022c,624.0,507.0,237.0,279.0,1
8a7acc48-0343-47ac-b55b-ae28da900e26,,,,,0
8a7d2eff-9c77-461e-b50b-b6dac8e54ba7,196.0,362.0,236.0,185.0,1
8a7d2eff-9c77-461e-b50b-b6dac8e54ba7,607.0,475.0,244.0,121.0,1
8a88074c-67c4-4ab3-a573-54e1ed1f9c3e,,,,,0
8a8be155-755a-48f9-a4aa-f1fd0e1e263b,714.0,42.0,244.0,420.0,1
8a8be155-755a-48f9-a4aa-f1fd0e1e263b,185.0,23.0,295.0,374.0,1
8a9f28ee-c574-4a5c-b1b5-72958bfa2eda,,,,,0
8aaaa6ce-64d0-4a03-a01e-0db5007ad818,,,,,0
8aad5e6f-9fa5-489d-a13d-96afe7275ada,,,,,0
8ab37a32-a78d-4cbc-832d-58702d9b372a,,,,,0
8ab78d8b-e279-43a8-acf5-478d972cc30d,,,,,0
8ab8dfdb-1afe-4e18-8a75-e6ac7ebc3fae,,,,,0
8abcbbbd-3aa8-4dac-b1cd-932a7d0a072c,,,,,0
8ac710db-fc0e-4ce2-a961-004fe9672671,,,,,0
8ac92a3d-6fe9-45d6-ba9b-a860abe38f83,,,,,0
8acd8910-499e-4698-86fd-f4031de9c2b3,,,,,0
8acf34e1-266d-41cd-b900-5ffa4104299a,,,,,0
8ad23f67-f105-4cfe-b1c0-306fbf4134f4,,,,,0
8af01f75-895a-4492-95d1-63c2532be8c0,,,,,0
8af2c1a4-3598-4a5a-9a29-47fa88ae5e3c,,,,,0
8af55420-a4fc-4443-90e4-becf53817b61,,,,,0
8b007266-3691-4ac5-af94-79d8fe6f1bd5,,,,,0
8b00bdd6-3760-4975-800c-298a967a748a,,,,,0
8b04816f-bfda-40ea-83da-d7471bae81bf,,,,,0
8b087f56-e2b9-418e-a4d1-c9594871a1cb,,,,,0
8b0c0155-5275-490c-9863-0ff9168dce7a,,,,,0
8b0cda04-b3df-4c31-93bd-d3801a285327,,,,,0
8b0cf414-03a7-499c-a080-cdc52003c84a,172.0,161.0,233.0,251.0,1
8b0fc04c-70fd-4648-b5df-12f8bdb24862,,,,,0
8b12b694-e947-45da-8feb-3bc3de58b0bb,,,,,0
8b12ec49-678e-42e1-aaaf-6839810b5be3,,,,,0
8b15805d-3acc-411d-9b44-a3fce84603fc,,,,,0
8b18b1b0-5e4d-4cff-af99-937d3a31416a,,,,,0
8b1c4c4d-3af7-4626-ba2b-8b0e6fe91e3c,,,,,0
8b23b2fc-0176-480f-89cc-b63a948469b1,,,,,0
8b26439e-122d-4f7e-a349-c00b0a15ebc0,,,,,0
8b2e301c-ad07-41d9-9575-f7fc2f6d5b54,,,,,0
8b3172f9-df28-4730-abc9-3904904bdb0a,,,,,0
8b453abb-a8e9-4dfb-8484-69c62b42d1db,,,,,0
8b558fb6-d2d5-434a-83f4-8c37eb36e78c,,,,,0
8b708a98-49d3-4ad8-b1bb-575d8ea43a75,,,,,0
8b78523f-8061-41b9-9be6-cd64fef9f2d2,517.0,163.0,247.0,324.0,1
8b78523f-8061-41b9-9be6-cd64fef9f2d2,178.0,185.0,254.0,422.0,1
8b7d8e04-1edd-47f1-bbaa-4d24fc2bd64d,,,,,0
8b7faeea-4312-42a0-876c-bf8b1ead07e8,291.0,205.0,298.0,687.0,1
8b7faeea-4312-42a0-876c-bf8b1ead07e8,634.0,180.0,301.0,748.0,1
8b8369dc-4085-4e1d-b1ca-5e1de60c15f0,142.0,188.0,284.0,605.0,1
8b8369dc-4085-4e1d-b1ca-5e1de60c15f0,488.0,188.0,307.0,704.0,1
8b839eb7-342a-4739-af1e-5402a1b338b0,,,,,0
8b871c89-a13e-4778-9aad-c1a6d6f2ff82,,,,,0
8b873084-9717-4c86-9290-85d7010f2169,,,,,0
8b8a684d-d11d-41c2-a457-fe0982affcb9,,,,,0
8b905c1d-6d77-4502-8ccd-e3b23c313610,238.0,561.0,199.0,204.0,1
8b905c1d-6d77-4502-8ccd-e3b23c313610,605.0,364.0,311.0,470.0,1
8b9684d6-8084-4405-90b9-7add2120fd71,,,,,0
8ba647d3-a5c9-4ded-815a-e24dbfe7dd59,,,,,0
8bb961eb-7baa-4bcc-b92b-bce2538f7cf6,49.0,270.0,318.0,574.0,1
8bb961eb-7baa-4bcc-b92b-bce2538f7cf6,453.0,255.0,373.0,573.0,1
8bc6dd29-efc9-4ffc-9562-2f35b815390f,499.0,65.0,253.0,270.0,1
8bca4dca-cff5-4d7b-bcd7-e303c59c3c6a,486.0,264.0,281.0,562.0,1
8bca4dca-cff5-4d7b-bcd7-e303c59c3c6a,103.0,330.0,250.0,514.0,1
8bd092f3-8098-4b44-b0e5-72f8449df38b,104.0,397.0,298.0,496.0,1
8be5d4c2-445d-4a79-954a-7ff38eee5f9c,,,,,0
8be6c294-7297-4b1c-947d-11816b0ad1e4,,,,,0
8bf81cf9-7a6d-4246-bddf-9b5e5bcf8ba7,,,,,0
8bfa01c2-aa57-4cba-9793-4dc0e15ec2c0,,,,,0
8c051e14-777c-4f54-a2b7-d71645cae564,,,,,0
8c07c421-a313-4724-b05d-642bf2073901,,,,,0
8c09f9ff-a5ba-4531-b44d-d089a1f980a1,,,,,0
8c10567b-8e66-4f35-bc42-d2698469e586,239.0,284.0,222.0,475.0,1
8c10567b-8e66-4f35-bc42-d2698469e586,535.0,300.0,203.0,390.0,1
8c148eb8-5753-4d84-b4b0-9c3dc5fa5cab,,,,,0
8c1a60f3-c293-4784-9793-44a21a1c6f63,,,,,0
8c26bab3-d0f3-4cba-a0bd-1e7fb25bb1ec,,,,,0
8c297d04-07e0-406f-82d5-1a223214872c,,,,,0
8c29faa8-1a16-468a-b5b6-efcf5582d950,,,,,0
8c2d4d9f-d7b4-4627-a548-e56085bbef08,,,,,0
8c2f692c-da4d-41d8-9e6d-c558cb5ac6e0,147.0,223.0,210.0,413.0,1
8c2f692c-da4d-41d8-9e6d-c558cb5ac6e0,447.0,303.0,317.0,435.0,1
8c31e8da-4939-425d-802e-1c778a63d9ee,,,,,0
8c37cf0b-8663-4b20-9c89-2b452d8863c8,,,,,0
8c3f8b0c-0029-4be1-a976-ca073b5fa73e,,,,,0
8c404eed-fd6f-4730-9506-9e2a47684f2d,,,,,0
8c40a566-8a0a-4d7d-ac62-574c133d72de,616.0,195.0,357.0,675.0,1
8c40a566-8a0a-4d7d-ac62-574c133d72de,202.0,185.0,313.0,659.0,1
8c40fc60-e753-420e-8a47-1e9c1990a924,,,,,0
8c4913dd-4992-4c62-9e48-37f2fdcf6c18,,,,,0
8c4a2fe6-be52-48dc-9292-9f4a5c8adaa8,,,,,0
8c4c2c88-5e6a-43b5-aec0-c5d68beb586a,,,,,0
8c4dce97-ca5b-481c-8345-cbb8e37b85d1,,,,,0
8c58dc4c-18d4-4c90-8201-8ff5f4cf35ff,,,,,0
8c66c1c4-02c3-47ff-b2af-748370dd8b7e,,,,,0
8c6af598-175a-497b-8938-02c432afd70d,572.0,109.0,284.0,573.0,1
8c6af598-175a-497b-8938-02c432afd70d,193.0,137.0,295.0,611.0,1
8c7ad8e7-43c7-476c-992e-26312e5b3362,,,,,0
8c7fd5ff-a4ec-4b6a-9c32-505cb11c394e,,,,,0
8c82ad94-205c-435a-a510-e4be16cf5657,,,,,0
8c90c5be-7cb8-4c63-8f2e-2832c9e889d9,,,,,0
8c984367-b094-429a-b8cf-a9aba99e8ff9,168.0,144.0,247.0,586.0,1
8c9a2306-de2d-4631-ae28-9493a8d6a586,,,,,0
8ca24874-517a-4271-9465-f4c4b87efd29,,,,,0
8cb08a13-17cf-4101-89c7-3ceebd0cad0d,,,,,0
8cb43627-016f-4e6c-958c-d3f341a1b82f,,,,,0
8cb4b33a-335e-4488-832f-4369941d4a6c,,,,,0
8cb61d47-d7fe-4e31-a6eb-2d76f5f26336,,,,,0
8cb6fe1e-ed23-44af-9a1d-85fe2bdb106e,166.0,91.0,284.0,659.0,1
8cb6fe1e-ed23-44af-9a1d-85fe2bdb106e,597.0,331.0,242.0,561.0,1
8cb8f8fc-a2bd-4133-a483-daaa6ecf36c1,,,,,0
8cc5d0ca-5397-4b48-aee5-0a9448269911,,,,,0
8ccbcc06-b9a4-45ac-b317-92888990d045,,,,,0
8cd4d1a3-e2ac-4475-9a06-33bdaa9876f7,246.0,410.0,218.0,327.0,1
8cd59e79-9242-4364-8605-2dd2c162292f,,,,,0
8cddc2e8-0283-4be1-8fc4-b683cef00bbe,540.0,245.0,276.0,554.0,1
8cddc2e8-0283-4be1-8fc4-b683cef00bbe,242.0,259.0,263.0,507.0,1
8cf2eb4c-fcac-4398-83d1-fba18320cb6f,,,,,0
8cf63742-b23b-43e9-8834-ec72713cb33f,,,,,0
8cf6c451-dd08-4054-a52c-743a4236a058,163.0,318.0,200.0,296.0,1
8cf8f8ba-1d91-4e30-bed7-ce1ec412d7da,,,,,0
8cff6974-c206-4db4-849c-f6a20dd09383,,,,,0
8d004cd3-8e35-4b9c-acec-fdfa3a474431,,,,,0
8d0a816d-7847-455d-bd2b-04f4794a593c,,,,,0
8d0ae735-1723-4098-83b8-123f86eafbd9,,,,,0
8d1a4fe3-329f-4eea-a5b7-953d617a74fa,189.0,147.0,278.0,502.0,1
8d1a4fe3-329f-4eea-a5b7-953d617a74fa,572.0,164.0,246.0,426.0,1
8d33c03b-b7a1-4e67-8924-2854f2112d24,,,,,0
8d428c40-37c4-4a95-bce1-eba03d848db4,,,,,0
8d465467-46da-4d69-b364-f9ee71789607,,,,,0
8d469ff7-e46f-4102-9e95-fdd63753b34c,451.0,179.0,309.0,473.0,1
8d469ff7-e46f-4102-9e95-fdd63753b34c,73.0,256.0,289.0,416.0,1
8d4da897-7d1c-4d08-a5f4-f99092face76,550.0,257.0,329.0,478.0,1
8d4ddcd5-75ce-46b9-acba-f8c7552603df,626.0,197.0,344.0,664.0,1
8d4ddcd5-75ce-46b9-acba-f8c7552603df,261.0,169.0,269.0,651.0,1
8d5c67de-61a3-49ee-9f57-49e13ed92ed2,672.0,341.0,208.0,344.0,1
8d5e12b0-44f7-4dc3-ad34-214c17045a6a,,,,,0
8d7055f0-5e26-4c2a-a610-ff4b09ff3e7d,,,,,0
8d7363fb-fb76-4052-855c-913cc592b5b1,,,,,0
8d742ab6-06d6-40c8-b843-d9975264f0f1,157.0,405.0,259.0,374.0,1
8d742ab6-06d6-40c8-b843-d9975264f0f1,522.0,321.0,370.0,464.0,1
8d7a4925-c838-449c-bb08-8e7699322366,,,,,0
8d806e05-11c5-4591-bb87-53edc3177c27,,,,,0
8d8d2dd7-b0b0-444f-b4a9-885382c8c668,,,,,0
8d9114b8-00b1-4d7d-a311-e672c834e08c,,,,,0
8d914562-3492-4df3-8f2d-54c4aa9f17e8,,,,,0
8da2a62e-732f-4646-a470-9a18af1204ad,,,,,0
8da4b592-16cd-4e51-98d1-66217d84fcab,,,,,0
8da6abd4-8940-4696-bc43-6f0891cb7493,592.0,560.0,320.0,464.0,1
8da6abd4-8940-4696-bc43-6f0891cb7493,161.0,464.0,249.0,560.0,1
8dac50e2-b384-42f6-b05f-80347f7d30a9,184.0,453.0,207.0,320.0,1
8dac50e2-b384-42f6-b05f-80347f7d30a9,542.0,463.0,294.0,305.0,1
8dad1a61-dbab-4f1b-a71f-a0a9237b0e2a,,,,,0
8dae19f8-d9ec-44d4-9e5b-15a54000ca33,,,,,0
8db71746-e837-43c2-bdf1-c44d1ab207e3,,,,,0
8dbd8475-177c-4652-a6b5-03fd3163ebe2,,,,,0
8dc721e1-00c1-42fa-b075-0fe7d43bdd4b,,,,,0
8dc8e54b-5b05-4dac-80b9-fa48878621e2,281.0,163.0,201.0,253.0,1
8dc8e54b-5b05-4dac-80b9-fa48878621e2,602.0,189.0,245.0,347.0,1
8dc8e54b-5b05-4dac-80b9-fa48878621e2,688.0,548.0,187.0,181.0,1
8dc8e54b-5b05-4dac-80b9-fa48878621e2,199.0,492.0,267.0,452.0,1
8dd0e96e-89d8-4461-93d2-73c3e2373694,,,,,0
8dd9cf58-1874-4592-b5aa-f5fd962337fd,160.0,513.0,219.0,311.0,1
8dd9cf58-1874-4592-b5aa-f5fd962337fd,582.0,335.0,305.0,580.0,1
8ddf9271-afbf-44bf-b566-f5c17ff31ddf,,,,,0
8de60164-25c9-4fae-b7a7-8eeae8d34df0,,,,,0
8de6ac70-b33b-400d-8899-398fc4db1900,,,,,0
8df52c85-df58-45e1-9142-7bcdd4d22f71,,,,,0
8df6c828-4429-451e-b741-1cfb3994d14b,,,,,0
8e0af3ff-6334-41be-bb99-a72ead8bed87,,,,,0
8e148972-a43e-4717-b1d3-d3ecdce24f65,,,,,0
8e25f085-5dfd-45ad-84c6-be1c2296189a,,,,,0
8e277feb-212f-4f1b-9d42-39ab4e0cefa1,,,,,0
8e2b2c4e-18b8-4a78-8817-b1e8a1a5f32e,507.0,173.0,266.0,530.0,1
8e2b2c4e-18b8-4a78-8817-b1e8a1a5f32e,152.0,162.0,264.0,528.0,1
8e3c125f-644a-480b-98c4-220a3eb10ccd,,,,,0
8e3f8832-bc51-4297-ad37-adfe59ef9d0d,,,,,0
8e434550-6fc7-4039-a8b5-1279c79e3b29,,,,,0
8e44e59e-25d8-4fe2-ad22-914f715eeddc,,,,,0
8e45322d-653e-43a9-8698-fb81595084eb,,,,,0
8e468cd4-7dbb-4d38-a73c-4005d771df8d,,,,,0
8e49c255-643c-44f4-91bc-6073f1b3ed37,,,,,0
8e52b303-1920-4d5d-8487-d86fb4e3e315,670.0,207.0,101.0,85.0,1
8e55db97-849f-419d-9c43-53ef7ad74a31,,,,,0
8e60fc33-340a-4f54-a8eb-eabf94df6dc4,,,,,0
8e6720ce-43ec-4ad7-aa0e-e2e2a4d3a327,,,,,0
8e763690-1052-499f-abbb-7dd63e15149a,,,,,0
8e77bc48-0f2c-4aac-91d9-8fcb9fd105b4,,,,,0
8e86a7e8-18dd-4fd4-ab3f-2ebed9a97150,,,,,0
8e8955c9-dc5b-4109-80e8-06a714111cb0,140.0,372.0,265.0,249.0,1
8e8c55bd-96fe-4d8e-81f6-ba625c7d1a6d,,,,,0
8e97558c-5b68-4738-97da-914acc1ef509,,,,,0
8e9c142a-1265-4ab2-887d-fce3b9b46ff0,,,,,0
8e9da305-fc8f-4d6a-ba83-42c8bede571d,,,,,0
8eabc9fc-174a-4019-b8f2-d67bd6013b47,239.0,217.0,289.0,653.0,1
8eabc9fc-174a-4019-b8f2-d67bd6013b47,607.0,208.0,235.0,705.0,1
8eb8171d-f2fe-484b-9512-8244692fd572,,,,,0
8ec959f3-27f9-43dc-98d0-dfa7ddf7d9e9,541.0,161.0,413.0,645.0,1
8ecf57a1-3117-4baf-851b-9919d9873860,,,,,0
8ed3380c-44db-4df7-8078-7a47dbdba32a,,,,,0
8ed37fdb-3502-43ae-8c3b-73830123a3c2,,,,,0
8ed4a02c-9d40-457e-a8d0-c890026c4067,,,,,0
8ed712c8-fe68-4268-bdd5-b2f9dd464500,,,,,0
8edda7d0-cb5d-4218-a8df-a0583d10174c,,,,,0
8ee7e5fc-3da1-440b-9ed9-6b1600c808dc,,,,,0
8ee80e18-162f-46f2-bd7d-5e7cc9404fe0,,,,,0
8eebaba1-9c84-4c23-b7b6-6307acc1cb6c,,,,,0
8eee2836-b938-4953-b394-99facc3f78e1,532.0,430.0,265.0,505.0,1
8eee2836-b938-4953-b394-99facc3f78e1,162.0,430.0,240.0,395.0,1
8eeee8a9-4d41-4673-92c8-50c5f64ce964,,,,,0
8eef29e3-b9de-4c4f-b1f5-efb9fe7b349a,241.0,464.0,255.0,373.0,1
8eef29e3-b9de-4c4f-b1f5-efb9fe7b349a,540.0,332.0,362.0,566.0,1
8efbb238-7adc-45d7-84a8-e59fd89f89c0,,,,,0
8f02a470-8b8a-4cbe-93da-06b39a41db32,,,,,0
8f0e79ea-5db6-4a83-9886-c7d58f5f4825,440.0,249.0,208.0,359.0,1
8f0e79ea-5db6-4a83-9886-c7d58f5f4825,131.0,127.0,149.0,463.0,1
8f1ebcac-42fc-458b-9f4d-c678698c3bdc,636.0,338.0,233.0,451.0,1
8f1ebcac-42fc-458b-9f4d-c678698c3bdc,231.0,435.0,209.0,226.0,1
8f234a84-4067-4bd2-a114-8b894ddad52f,,,,,0
8f2913b7-5c3e-4534-a989-e4322efdbd1b,,,,,0
8f2b95dc-a9b4-470c-9934-78852e1260b9,,,,,0
8f2cdbe6-7e29-4c40-ba7f-54d3f64d10e6,,,,,0
8f3a0298-d18f-412b-bf37-89387c64ab41,,,,,0
8f4ed552-fe19-49b1-8c01-c805eb7a2a43,,,,,0
8f54480f-6198-4cbf-b839-0dee3af51b7a,,,,,0
8f615e7a-eedb-4f8b-b6da-4b36dab3ed46,,,,,0
8f66472e-29c1-4dc5-86d7-8e0fa67e9f74,,,,,0
8f664785-3fed-4146-a80b-e844738feff0,520.0,387.0,279.0,444.0,1
8f664785-3fed-4146-a80b-e844738feff0,161.0,339.0,274.0,471.0,1
8f6b5325-44a0-4d6d-8679-a98ee2525c17,,,,,0
8f75318d-7719-49be-b3ca-523940d6ba7d,,,,,0
8f803ad2-923d-4cd8-8a43-345714ce413a,,,,,0
8f825cc7-1dca-424b-8bff-decbc94e921d,,,,,0
8f8a8f8c-b8dd-448a-a4a7-81725240f1cb,,,,,0
8f8e6d37-39ce-483c-9611-2657275fd212,,,,,0
8f974813-c9c7-42cc-a8be-87039918ebd9,,,,,0
8f9ebb37-d71e-4875-ae88-56166f422663,,,,,0
8fa7ce89-1256-48a8-8c7f-ca5d7eec9900,,,,,0
8fac10c1-1b23-447b-9169-ea50cae270c2,161.0,319.0,185.0,294.0,1
8fac10c1-1b23-447b-9169-ea50cae270c2,584.0,317.0,157.0,203.0,1
8fac79af-3246-404c-a493-32dc42903900,,,,,0
8fbc3760-fffd-4909-a6a2-95df3f2900c0,,,,,0
8fbdb95f-e09b-47ff-b674-2128fa3c361b,,,,,0
8fcbeb06-391d-4a82-b035-614d4e6abbc8,,,,,0
8fd11189-db18-4583-92a9-4f7885a0ae9c,,,,,0
8fd19393-b0d1-45eb-aba4-11519def129a,,,,,0
8fdda05d-cfd6-4a9f-bc0e-cd4f542a8c0d,631.0,130.0,272.0,748.0,1
8fdda05d-cfd6-4a9f-bc0e-cd4f542a8c0d,193.0,224.0,292.0,665.0,1
8fe7ce31-8454-4388-a7f4-4a79d4356362,,,,,0
8fe8e95c-46a1-4ee2-a2d6-2174c6ec50cf,171.0,323.0,227.0,233.0,1
8fe8e95c-46a1-4ee2-a2d6-2174c6ec50cf,590.0,191.0,177.0,306.0,1
8ff1f4c6-44e5-4893-8915-5fd3c5397baa,,,,,0
8ff87cac-448a-43d3-a31e-933bc5b0a120,,,,,0
90035195-09b5-4fc6-8cbc-f16bb0c26048,356.0,481.0,219.0,306.0,1
9003952b-5cad-4d28-94e6-2a34a77af2f0,,,,,0
9003ee77-f609-41e6-b4e9-a0fb1f95c415,,,,,0
900ac1a5-2f31-487c-a333-b7801873a25c,,,,,0
900c9d52-e475-425e-9188-cfd15028c26f,,,,,0
900da8fb-7ada-46a6-a1b1-a23dc20e8293,,,,,0
900f15a4-2f0e-45bb-bc46-29bc13723d17,,,,,0
901026ae-160d-4027-ad8f-1626ba9ab938,,,,,0
901a4e14-0abc-4bb9-a29b-52fc0491847f,,,,,0
90285ca1-6780-42ec-bb1b-ddb3a7ed23e0,,,,,0
9029af01-d95a-4061-bf2e-dc24e85b734a,,,,,0
9039dfee-f9b1-45ee-a487-ab6a51d7cfe0,250.0,189.0,178.0,381.0,1
90440659-a140-451d-9ddb-2908d4408c93,,,,,0
905cf7dc-9b4f-4c3d-816c-65c3b6be7237,615.0,512.0,210.0,258.0,1
90710ba1-7628-4b4c-ac71-a61944ba3825,,,,,0
908269da-adb0-4b50-a608-48bc7a1e42d6,,,,,0
9088231c-2869-4133-9cd9-d5ede17bcb6a,,,,,0
908a9eb7-dc6d-4113-ba9a-28a50140563f,512.0,354.0,188.0,575.0,1
908a9eb7-dc6d-4113-ba9a-28a50140563f,211.0,399.0,174.0,316.0,1
908c8680-2a19-4975-bd5c-8184f2c4e96c,,,,,0
909e9f56-b018-418b-a650-bf6837b2fec7,,,,,0
90a4a31f-ffc0-440f-bdc9-975ef54bba40,,,,,0
90b1ce86-6956-4957-a33f-280c1354db0d,643.0,532.0,208.0,269.0,1
90b1ce86-6956-4957-a33f-280c1354db0d,289.0,488.0,208.0,288.0,1
90c11eb9-d657-4d9c-8fa0-5e092059a62a,,,,,0
90cef4f8-3198-4c71-96ac-ac3ed528908f,,,,,0
90d8a795-072b-4a0d-a163-f489cf35ab27,,,,,0
90dd7d7b-f568-462b-8a30-1e4ce254458d,,,,,0
90de382f-ab3f-4d2a-a4c8-ef4085287976,,,,,0
90e0bb9c-20a2-4a20-ab79-57ad5c2386aa,,,,,0
90ea89b5-c9a8-4147-8882-70e8e656b888,186.0,292.0,304.0,305.0,1
90ea89b5-c9a8-4147-8882-70e8e656b888,598.0,204.0,311.0,551.0,1
90ec6562-e496-4753-91eb-fb3eab2bd4ea,,,,,0
90f66692-c3b5-49b5-9f6b-40e401a1b9ab,,,,,0
90fd2173-ae4d-4342-9872-d79b856b7a37,,,,,0
90fe691c-122b-468f-a633-282e18eb94e2,,,,,0
91088f01-2556-41de-ad37-fb287b9e793e,558.0,364.0,282.0,389.0,1
91088f01-2556-41de-ad37-fb287b9e793e,177.0,350.0,253.0,416.0,1
91096cbe-eb13-497b-9aff-3b4af34dd3fb,,,,,0
911027e5-82d0-44f8-af40-de9049922430,627.0,294.0,228.0,569.0,1
911027e5-82d0-44f8-af40-de9049922430,281.0,336.0,260.0,680.0,1
91248d02-b181-4d21-90f1-10c7c5101185,,,,,0
91279abc-9ad7-4c49-b53a-9badb832022c,,,,,0
91316e56-5935-494a-bd02-e2dbfa5b1dfa,,,,,0
913adb0a-20ce-4576-a97d-28de3b015d68,,,,,0
91450066-9ebf-4ae2-bd26-359d5a59357b,,,,,0
914eb46b-983d-483a-81d5-ccd11724e3dc,,,,,0
9153b106-ab13-4aa0-a35e-d3d6d9000243,,,,,0
916497ec-cace-49d3-8c0b-c14f8a736a00,,,,,0
91671d38-4311-4998-85d5-870181df120d,483.0,304.0,338.0,517.0,1
91671d38-4311-4998-85d5-870181df120d,104.0,335.0,313.0,510.0,1
9168c2e9-87c1-434a-bbf5-bd8ee1d0e124,,,,,0
917980f4-ad9e-4bc1-96f2-0786f11a8a85,,,,,0
917b5947-334e-4642-98d5-8b801b523874,,,,,0
9181661b-2b5c-4310-8313-395549a15eac,181.0,200.0,266.0,615.0,1
9181661b-2b5c-4310-8313-395549a15eac,592.0,286.0,287.0,608.0,1
9195350c-63c1-4180-9cd9-bfd1a030e04f,,,,,0
9195deb9-f780-40e0-b253-8fcf34ef2b76,,,,,0
919a8a81-4de2-4f44-b14c-04c3c776c969,,,,,0
91a4c9e5-1800-42ca-87d1-6762cd65bf51,,,,,0
91b2ce38-efaf-4476-b77c-4f363d340f11,172.0,487.0,300.0,258.0,1
91b2ce38-efaf-4476-b77c-4f363d340f11,620.0,502.0,287.0,272.0,1
91c1f6f0-8fcb-4f64-ace6-227dea91ae1c,,,,,0
91cd1a6a-abb6-41b2-abcd-dedbc716e2d8,,,,,0
91d1abbd-b1e2-40cc-885f-891fef0ded1b,,,,,0
91e5abbd-a704-49fe-b9ec-96987de7050e,,,,,0
91e5caec-93a8-4361-abbe-22fa1bd60c6f,137.0,295.0,288.0,421.0,1
91e5caec-93a8-4361-abbe-22fa1bd60c6f,538.0,147.0,296.0,655.0,1
91ea2a5e-e293-4589-81f0-7d6124d20eae,,,,,0
91fbf89d-137f-4d13-a962-627c3ecad353,,,,,0
91fc2006-9134-46f4-819d-24893059183d,638.0,388.0,210.0,212.0,1
91fe5edb-3ea8-4eef-8da9-ab3d665dd69d,,,,,0
9207c26e-330b-44ca-a632-451b1e4fc175,,,,,0
920a478b-7ae0-4d39-8c4f-2e2b6b22819f,,,,,0
920cb58d-e9c4-4055-a361-6eddea60207b,,,,,0
9213259c-2814-4cbb-98a8-b4a21bfdf6ae,,,,,0
92146ef9-15ba-48b9-ad5a-893a27c6f484,611.0,386.0,224.0,300.0,1
92146ef9-15ba-48b9-ad5a-893a27c6f484,231.0,334.0,226.0,293.0,1
921825c6-38dd-4f88-a872-0d2eb681b0f4,,,,,0
922883eb-afd7-4314-91f4-95e8e3567f4d,,,,,0
92307af5-1f76-473f-beb1-45d94fe66a7c,,,,,0
92367a38-faf5-4189-b2c5-b09dffbc8500,,,,,0
923700aa-f732-4ced-a732-c52a7b0ae297,,,,,0
923aa86d-acd7-4115-93a5-23c88ff5cf60,,,,,0
92408575-5e81-4b0d-be3e-6f28ccbd4054,,,,,0
924f4f8b-fc27-4dfd-b5ae-59c40715e150,85.0,215.0,378.0,681.0,1
9252b13b-8cbe-46b1-b294-73ace9047109,,,,,0
925a855b-3392-4de2-898b-471a8caf341a,,,,,0
925a8700-508c-42a2-a617-1855f29f8877,,,,,0
925f5f2f-a22a-431d-bf1a-2e45d8afaa38,,,,,0
9271f16e-e163-4ade-939b-3383b8252da3,596.0,225.0,271.0,655.0,1
9271f16e-e163-4ade-939b-3383b8252da3,227.0,197.0,246.0,527.0,1
9280ca7a-4bc1-478a-90a8-09d87079f944,,,,,0
9283e10a-d8f2-4a0d-a1a6-041b82f53a9d,,,,,0
928aaa10-715f-4b4f-a1df-16f16310b20e,,,,,0
928fedb8-0cf6-447f-b6f3-292ac06b2b35,,,,,0
92935205-c7d4-4cee-a3ac-124507c45ef3,,,,,0
929f2261-a213-4118-897a-6f63875929ab,,,,,0
92a6ef67-b95c-4e7c-9203-9fac022e24d4,,,,,0
92ac437f-fd66-41e9-972e-c62cca43f18a,,,,,0
92b8dc8c-907c-4cc4-8caf-db571ee8f087,,,,,0
92bb404a-2703-4288-ba3b-81f4d60be155,,,,,0
92bc5519-d46b-4ecf-8948-aa2cb283e27e,,,,,0
92c0e88a-a04d-4ca8-8810-672b38fb309c,,,,,0
92c60df4-5279-45d0-90ca-d15b74d7d7b1,145.0,273.0,238.0,276.0,1
92c92478-d605-4883-9cfa-b8818b64a7df,,,,,0
92c92a61-ce29-49ad-8c94-f7b104c37638,,,,,0
92d7540d-db17-4fa8-814a-3d719157928c,166.0,398.0,211.0,503.0,1
92d7540d-db17-4fa8-814a-3d719157928c,616.0,452.0,250.0,324.0,1
92e7ef95-6b9c-4ced-9c5c-dd916fb46e90,,,,,0
92e902b6-4585-4399-bd3f-fa6563bddcde,,,,,0
92ef9a59-d770-40b6-9ef5-2f909d6cc1c8,,,,,0
92f84dd4-54bf-4a16-8825-b259ee8c283c,,,,,0
92fcd289-7239-49a2-bf1c-e628e2e891eb,,,,,0
93054661-1a54-4c25-bc50-692279d31639,,,,,0
9305cf44-0565-4dc8-8e45-103cede2b3f9,212.0,143.0,216.0,250.0,1
930fa3c5-f6ca-4b51-8d3e-2b3d1cc15428,,,,,0
932016bb-fe05-4527-86d9-5f8e93a3d54d,,,,,0
9326f250-c742-44df-8406-aa04112812f0,,,,,0
9328a30f-f542-474b-bc0e-268b50a6e631,,,,,0
932d09e6-2597-4a6d-a7fd-f6c07de79bb0,142.0,155.0,351.0,594.0,1
932d09e6-2597-4a6d-a7fd-f6c07de79bb0,625.0,135.0,274.0,699.0,1
93319746-cf5a-42a7-a229-c6f9aa57aa36,,,,,0
93389b35-7e1f-4ead-ab70-a757fa3b95af,,,,,0
933d6c77-4ac2-436a-ae58-6ae0f49fd8c3,,,,,0
9341907e-9b62-4197-a0b3-3ddd3c55a884,305.0,340.0,192.0,393.0,1
9341907e-9b62-4197-a0b3-3ddd3c55a884,688.0,457.0,241.0,309.0,1
934aa4e4-b587-4fc2-8542-65e849b3ef1c,,,,,0
934de9ea-b41c-45cf-a6f0-93f93cc7940e,,,,,0
9353a231-323a-469f-a7ad-706f900b1202,205.0,150.0,248.0,467.0,1
9353a231-323a-469f-a7ad-706f900b1202,534.0,98.0,309.0,590.0,1
935a25a1-3573-47b7-b91f-b3852b9a8f11,,,,,0
9366e300-5b42-42e4-98b1-48a8c821f679,,,,,0
936cae03-d766-4566-a42b-0e6b3360d2a4,,,,,0
93711eaf-7c5a-49e7-a5f3-b06922e0fa9b,,,,,0
937557b7-bd79-4cdb-b17c-8f56c4991789,,,,,0
9376802f-f3d1-441a-b4de-6a68eded580a,,,,,0
937fef8c-ecea-4123-afd8-cfac01f1fc92,,,,,0
93877b26-481b-4d01-9dbe-5f34288ab477,,,,,0
938af1d1-f862-4efc-ad64-976e42fe3e62,,,,,0
93916d01-6260-4e66-a3be-6d16ad54c59c,,,,,0
93950b92-5f57-4a80-8af8-7174b23cfec6,,,,,0
93986f45-f0ed-44c0-bbc4-15bfe78ec6da,178.0,131.0,308.0,761.0,1
93986f45-f0ed-44c0-bbc4-15bfe78ec6da,642.0,457.0,316.0,408.0,1
93a32c64-23b6-4a69-b926-a756dd51d495,,,,,0
93a4df4f-bb28-4f02-9e1d-4fc147a93be5,,,,,0
93a855fc-2b35-4acc-8cdd-2f15f888bfc7,,,,,0
93ababba-31c5-4015-ac19-cd98d51651bc,,,,,0
93ac49da-e6a4-47ce-8855-3d71a3bc7748,,,,,0
93b29b3a-4984-4ccc-8c77-6577cbb56470,,,,,0
93b49de9-9267-43c2-a507-6885e4caeaba,187.0,132.0,262.0,703.0,1
93b49de9-9267-43c2-a507-6885e4caeaba,534.0,132.0,265.0,678.0,1
93b54ae1-c434-4543-bf7a-9e37e4790b7e,,,,,0
93bcc9bf-872f-4338-888f-c755b5be7bcb,,,,,0
93c3cc21-67cb-44e7-bf5f-483c9168a52b,,,,,0
93c8a9f8-acd9-4214-8163-3c44fb467b7b,,,,,0
93d68340-b862-4e91-9c6c-46f2b0cba3fd,,,,,0
93dae4d4-9f5a-4554-a882-6e4d3e9b39c1,211.0,154.0,273.0,630.0,1
93dae4d4-9f5a-4554-a882-6e4d3e9b39c1,625.0,317.0,274.0,543.0,1
93e0aaa9-1c46-4041-a101-6b800a0df0ac,,,,,0
93e19d77-ce48-41e4-b78f-b873525673dd,596.0,301.0,334.0,659.0,1
93e19d77-ce48-41e4-b78f-b873525673dd,217.0,383.0,292.0,553.0,1
93f300b9-d452-4efc-92da-eb9abd2adaa4,,,,,0
93f8e10c-5649-4f31-9dbf-b8e025e08cd1,,,,,0
93f992a4-8c0c-4d95-b141-1130e90e38ea,,,,,0
93fa8cf3-124a-4d7e-a06d-a0d836831e0a,,,,,0
9405a1ba-63e1-4c5e-9430-4952d1d27496,,,,,0
9406b3c1-5b15-4f7c-a0c9-33dc6033789e,,,,,0
9429988f-5216-425b-95f9-a646ba335fc2,492.0,461.0,263.0,375.0,1
9429988f-5216-425b-95f9-a646ba335fc2,155.0,427.0,226.0,325.0,1
94305323-9811-4d8c-969a-7432981a7cea,,,,,0
9441732a-591d-4527-8b75-9596fbbed525,,,,,0
94444285-2030-4d81-b6a7-d7c4d5abfa20,,,,,0
94487dce-0045-43e5-959e-3e3bf9a9ab9b,,,,,0
94508cdd-9336-4c52-a10e-a82a3085b9e4,,,,,0
94540ae0-7374-4d79-a12b-7714902aff27,,,,,0
94598e94-e8a9-454c-8028-9d07f9497d1a,,,,,0
946bea27-288a-475e-ad88-7b16ffde271a,,,,,0
9473f488-9627-42f2-b86b-27394b5686ea,,,,,0
9477a011-ac09-4b47-b21d-8d19d322fd06,,,,,0
947ddbef-0219-45f9-89e3-6b7cd1c4bce9,,,,,0
947e8c14-5f0c-4ac6-b6e8-cd1d06bfe1eb,,,,,0
948e6874-7a4a-4817-b72c-843aebe92541,,,,,0
949018da-da97-4eb2-90d7-6ea31afd5f40,,,,,0
94975092-e29f-42a9-a05a-afa80385b66e,,,,,0
949ccbce-b365-46ab-ac0e-c6b633c10e04,577.0,445.0,219.0,354.0,1
949ccbce-b365-46ab-ac0e-c6b633c10e04,170.0,515.0,274.0,304.0,1
949d29ea-c8d1-4627-aa46-65aca7112946,370.0,265.0,132.0,219.0,1
949d29ea-c8d1-4627-aa46-65aca7112946,681.0,342.0,141.0,161.0,1
94a021aa-e34c-439f-b30d-0c5a1a0c8539,,,,,0
94a7ba94-9251-42c8-84b6-c3cac85a78ec,65.0,467.0,336.0,482.0,1
94a7ba94-9251-42c8-84b6-c3cac85a78ec,590.0,104.0,280.0,614.0,1
94aff4c1-de8d-4578-8874-6c93637caa34,,,,,0
94b23215-2e44-4099-b82f-ce0e29f16ba9,,,,,0
94c4e247-1228-4f50-b8b4-316754d5828f,391.0,357.0,194.0,222.0,1
94c4e247-1228-4f50-b8b4-316754d5828f,696.0,405.0,202.0,280.0,1
94c76c85-6c36-4c63-bb12-704c4cdd422f,245.0,170.0,209.0,245.0,1
94ca0f60-8ed8-482d-9531-1b302693a232,,,,,0
94cbb45d-7621-4849-9f5d-e540f29e278f,,,,,0
94cd9650-f53c-4fda-a47f-0d0bcc181a48,,,,,0
94d022ae-b64e-4a83-a896-60749294d3d3,171.0,290.0,214.0,649.0,1
94d1813a-2992-4aaf-9059-a295069eb201,,,,,0
94d1ca2b-d0d4-43c9-a3aa-71b664c810b5,,,,,0
94e5ea07-818c-4d2d-bf2b-022ddd979be3,,,,,0
94ec3073-e050-4eb0-82f4-058250f1de3a,,,,,0
94fd8652-cb5a-40c6-9c5e-e429de9e8715,390.0,357.0,131.0,305.0,1
94fd8652-cb5a-40c6-9c5e-e429de9e8715,573.0,346.0,178.0,363.0,1
9504e1f1-2574-4331-9cc1-da45e0e13187,,,,,0
9506f75b-ee33-4358-a590-594a752cac15,,,,,0
9507332f-6b76-4844-a501-7f8ffb05eeed,,,,,0
950ff6cb-a5f5-49c7-ae12-ca7e84053f8f,,,,,0
951252aa-1ce5-4c4c-8ad3-37bb425bcf86,,,,,0
951cbbdf-bb73-4eb9-a78e-1c1e584df1b1,,,,,0
952d444d-b0b3-434f-bb33-59e411657688,597.0,391.0,178.0,215.0,1
952d444d-b0b3-434f-bb33-59e411657688,210.0,380.0,163.0,281.0,1
952fcf63-27d3-4c30-94cd-9d37caf3ac74,,,,,0
953f8c8a-570a-4c40-b24c-cd919ae1c7f1,,,,,0
954846c0-c33f-41d4-aecd-4baee2319137,,,,,0
95492b5e-5aad-44a5-8d73-3f805fb765d9,,,,,0
954d091a-3c7f-4d02-83cc-9e7b6a8d74de,,,,,0
95500173-35a4-4754-9711-643ed5a27157,,,,,0
9569c848-ec76-418d-b8f4-6fe8cf77d882,592.0,564.0,259.0,220.0,1
956c2cb5-3a6a-4341-9535-ff0358ce7320,,,,,0
956da714-64f6-4a14-b7f4-4f319c759d0b,,,,,0
956dfc4e-a4b7-47b9-ae27-199b3e2fb864,,,,,0
95746d0c-91fc-4a2b-9785-7b9e2bf51019,,,,,0
9576b42f-84a6-41b2-8b0f-75f867fcbc38,,,,,0
957f9877-9539-43bf-8a52-956df8a2e3a7,,,,,0
95a13ee2-7f2c-4017-972a-72287be9fd2a,,,,,0
95ac6614-fbe5-4fd3-b4db-972c24a8706c,,,,,0
95ae1b52-e15e-4791-b1d2-0ff103550247,,,,,0
95c36604-3772-4682-a875-93bf58e96727,,,,,0
95d2ed79-22e6-4cf8-a947-a7e48ba33590,,,,,0
95db798e-7a5b-4177-a257-25fec2ae6929,,,,,0
95dc87c3-ef52-42bc-a9e2-c275f209e8b8,,,,,0
95e6f8ad-090d-4238-804c-5e0ac14400b8,,,,,0
95ea8862-87be-4353-b341-2aa1fee16451,212.0,168.0,287.0,599.0,1
95ea8862-87be-4353-b341-2aa1fee16451,579.0,156.0,309.0,636.0,1
95eb5ff2-7946-459c-95ba-d088c9cbe21e,,,,,0
95eeb017-71da-46b2-8bee-aee7de098d63,,,,,0
95f7313e-5394-4dc7-9405-3c3356c5c964,171.0,283.0,257.0,460.0,1
95fa653c-bcbf-44ea-8749-f764594e9b7f,,,,,0
95fb0a65-2514-43fa-ae75-a83ea99b0bd5,,,,,0
960131aa-4ce4-4b26-aa12-5f73d8d81453,,,,,0
960b5087-3abf-4a92-819d-c72dceae1d2b,,,,,0
961041ed-849e-4253-8d6a-97a8aa29b2d4,676.0,265.0,239.0,406.0,1
961041ed-849e-4253-8d6a-97a8aa29b2d4,282.0,460.0,256.0,269.0,1
96156752-6bc8-48cb-8553-34cabcc5becc,,,,,0
96252c3b-c8fd-4389-934e-298b01166931,,,,,0
963b86e6-bf19-4777-868e-526610df25b0,,,,,0
963cfd58-0725-4e33-bc20-7374224e34b0,,,,,0
96400866-f7a8-4c18-a6d9-78c3416abbce,,,,,0
964514c7-0a30-47be-b94a-ebb1551c9b79,,,,,0
964674ae-977f-4eed-9eaf-fb1b6f80bf29,,,,,0
965145d0-8467-4fd8-aff4-a999b411e1d7,,,,,0
96544dea-698b-4298-a8a2-b25825b38e5f,,,,,0
9658279f-1689-4700-ba68-202387e569b7,,,,,0
965920f8-5b1d-44e5-80dd-bf054f53ba8e,,,,,0
965b6d9e-1718-4f01-9663-cac87d376477,,,,,0
965bb34c-0405-4671-a6cd-6227bf47c73b,,,,,0
965d78b9-7dc1-4e94-85de-b750c9e0213c,,,,,0
966094de-7960-4b46-9dfc-f5fd10697098,,,,,0
9673d5f3-fc1c-49bc-902a-81ff14db1da0,588.0,486.0,291.0,325.0,1
967f0c4d-8ce5-4c1a-b1c3-5c8603b63c4f,179.0,356.0,207.0,400.0,1
967fbfdf-cb58-4827-901f-c12c8fa60283,,,,,0
9680a3f0-01ca-4c8b-8d09-d209f72108ea,,,,,0
96829f8d-34bf-4d5f-bd71-0d4ca9409dc4,,,,,0
96862a19-db35-4c6f-a6f4-2f00a1bd303d,633.0,459.0,232.0,206.0,1
9693f4cd-6af5-4736-ab7a-7a186c13a046,,,,,0
96a80d6e-d45b-4613-ad0a-a2fac894846f,,,,,0
96ae3a17-271e-453e-a3a8-436ca485fb51,,,,,0
96af8b25-6005-4833-a0bd-821f87cc84a8,,,,,0
96bbd7f9-90cb-48fb-8338-0051807aeb1f,,,,,0
96c79aab-01ba-47e0-be07-162458de6bb7,,,,,0
96cc7100-3c4a-41ae-a2d3-e1faed4340b1,,,,,0
96cd9e39-350a-440f-acab-66559b76b820,,,,,0
96ceb056-2274-4245-84ee-6a543f6b55d8,,,,,0
96d2413d-d424-43ea-8d6b-f2e861c2773e,801.0,326.0,155.0,359.0,1
96d2413d-d424-43ea-8d6b-f2e861c2773e,164.0,452.0,260.0,412.0,1
96eb8a3f-3a19-411b-8e77-e1469391e867,,,,,0
96ed9839-9487-4700-bff1-d56aca5c00e2,,,,,0
96f0ef83-4712-4ebd-ae28-d3fe7aa2dda2,,,,,0
96f34fa9-0e56-4fdb-bfd7-781d8c453bcb,276.0,203.0,192.0,260.0,1
96f4322f-311d-4f94-8ae3-4876b88c1e96,,,,,0
96f60f05-7563-4933-8746-2f14e0695eeb,,,,,0
96f81770-05d0-4673-a7b8-946e2baeaaaa,,,,,0
97051761-057a-4deb-994c-a2a9b2695d45,,,,,0
97052467-8b50-4fef-a6a7-8d52005acc8f,,,,,0
9713425e-67ed-466f-8ff0-be9fed6729b3,,,,,0
97138ac3-1b5b-4b62-8d13-c8b733c74095,,,,,0
97188b5d-9c6d-4add-b9af-626bd1dad211,,,,,0
972128de-cda3-4ede-a5a1-61c05bfe49b2,204.0,516.0,240.0,385.0,1
97260777-d4e5-4fcd-ab3c-43c0c3d6852a,,,,,0
9733dbf6-7c97-426e-8a69-91fcaa1c66bd,,,,,0
97354b7f-c36c-4e81-a6ef-cbce71682715,599.0,439.0,261.0,244.0,1
9740909f-3d1f-40d7-861c-2d894c24eaa7,,,,,0
975031d4-e831-49e1-bca8-d23efa2b9f26,,,,,0
97512141-59e4-4479-a651-22cf1a293327,,,,,0
97558fff-a0e4-4d73-98da-0de2750873fb,317.0,334.0,198.0,279.0,1
976c9dc0-dc5e-40ba-b9e3-a638bdb2db21,,,,,0
97734238-24dc-4e8d-9cbd-2f3bbc5bebab,,,,,0
9779f8e2-a2b0-4673-9ff8-4890bc26bd20,,,,,0
97824fba-02eb-4767-ae26-6433b954340c,,,,,0
9785f111-2f91-4137-998e-6b2e516bc97d,131.0,147.0,283.0,369.0,1
978750fd-f31a-4b9d-9b29-272b2e1a2863,,,,,0
97a382f6-1a21-498b-a03f-27546f743903,,,,,0
97a54b60-1f60-4d36-a43a-ef4c19904ab1,,,,,0
97a550f3-1fc8-47ab-97e9-3a38dad20860,,,,,0
97a95d80-62cd-460f-8773-1fd9219d69b4,,,,,0
97ab2ede-8830-41ef-ace5-2f7f72b6b76f,,,,,0
97b46bde-ceed-43b9-8e55-04f116b7ea8d,,,,,0
97c4d952-46d1-4d31-b8ef-2b555e7ceb2b,,,,,0
97d6840c-f844-4a1d-ab3e-85f642834696,549.0,365.0,273.0,396.0,1
97d6840c-f844-4a1d-ab3e-85f642834696,62.0,516.0,308.0,256.0,1
97d7ab4c-257f-4cf1-b582-d37ff1e2fb4e,687.0,409.0,255.0,495.0,1
97d7ab4c-257f-4cf1-b582-d37ff1e2fb4e,176.0,561.0,279.0,287.0,1
97e1f1c3-b9d4-4b02-acb0-d2ddf26cad16,,,,,0
97f644cf-c9eb-4596-be1c-4ba9458a87d6,,,,,0
98013427-7361-46fd-a672-41822c72a562,,,,,0
980c366b-becd-4652-8934-682a2961081f,85.0,273.0,367.0,345.0,1
980e649b-6fac-40a2-978b-b12685a18602,,,,,0
982080bf-375a-4619-a462-1451de3c937c,,,,,0
9830541f-b95b-430b-bbc1-236af4c138b1,,,,,0
983fac60-0fb7-4fe8-b08f-a400aa1adae6,,,,,0
9844b562-7125-48f7-a02b-5e0f256e290e,,,,,0
984a4270-8dc0-47eb-aea8-55e56aacb89c,,,,,0
984dba4e-f54a-4f82-b4f4-ec3a6f86a72b,,,,,0
98692be3-a420-4f98-bffb-4f98187059a8,180.0,282.0,297.0,257.0,1
9869ad60-0414-41d3-9b03-6146324adeb9,,,,,0
98755f70-c41f-4221-b193-b24a24a52384,,,,,0
987849ab-4f8c-48e8-b28f-ccf5b9ae704b,,,,,0
987d7028-3873-4b8c-aa45-d3f52f3501ed,207.0,443.0,234.0,287.0,1
987d7028-3873-4b8c-aa45-d3f52f3501ed,582.0,504.0,180.0,250.0,1
988324bf-9f09-409d-ab39-3d54aeef0a79,,,,,0
98833b28-3925-4098-bf44-c81a9e687838,125.0,248.0,204.0,220.0,1
98834026-d9fe-4aed-89d6-f175dacdd81a,,,,,0
9888cc71-4d0d-46be-872d-67150fe65ca9,,,,,0
988c7eb0-540c-4839-b68d-df1d584153c0,,,,,0
989149b3-7b38-4ffe-b996-244dbeaafe4d,,,,,0
9891a93e-d52e-4854-8eb5-5c8f42884e69,,,,,0
989620ed-615e-47a9-a2be-402c3b6f937e,208.0,414.0,185.0,223.0,1
98a9129c-b79e-40a0-9145-7ea04332006a,,,,,0
98b21955-5f84-4188-8ff2-5b6bb140deb0,,,,,0
98b413d9-edcb-4bbc-a035-ad24fd789cad,,,,,0
98b52fd3-0c75-4302-b759-c731b7ca938c,,,,,0
98b6ede8-a363-4ffc-a91a-bf8adb21bb88,,,,,0
98c1ceb3-4659-4a77-9ac6-e1cf4fa0593e,,,,,0
98c5dbe2-ce68-49dd-8947-3aa99e491336,,,,,0
98ca661e-22c8-4035-a377-f06ad514d05f,,,,,0
98ccc363-75a5-4b0e-b1c9-2cf36baaa657,160.0,451.0,207.0,295.0,1
98cd0b89-202e-4b22-83e3-ea843488ea6c,154.0,247.0,250.0,613.0,1
98cd0b89-202e-4b22-83e3-ea843488ea6c,627.0,471.0,184.0,425.0,1
98cfe171-a88c-4386-9142-2e67381ab225,,,,,0
98d4005a-2e90-4555-8354-686e3fa029bd,,,,,0
98ecc8d5-57c2-4426-85ba-40ba4760fc27,,,,,0
98f04248-c591-4d8a-bb4e-38033233cd21,,,,,0
98f09d6b-283f-480e-9609-efcdb997eb8d,,,,,0
98fb8df9-ffb6-418d-835e-ab46a81b24cf,,,,,0
98fbc209-2453-4c01-a5f0-b1a0d72057b7,,,,,0
98fd9f61-c988-4e19-9761-13a1a4f594b5,,,,,0
98fdc812-0134-423f-8da2-04d95fe2f839,,,,,0
99096098-a4bd-476b-949d-40cf2fcfc2c9,,,,,0
990fb092-1104-4121-a5a9-4869dd53412e,,,,,0
9911bf13-bce6-4b33-b866-1944aca8fab0,543.0,553.0,293.0,212.0,1
99123af8-6f47-4ce0-8e8c-1d730bd44c77,,,,,0
99147d86-515a-47f7-a537-1692f2276564,565.0,608.0,224.0,212.0,1
991f4b19-f068-4b13-8329-58adac3b0555,,,,,0
9921efe9-3266-4b3c-9d2a-393ae0bde041,,,,,0
9922146d-a19f-4889-80ca-d6f802118fdb,661.0,250.0,190.0,438.0,1
99239481-5f84-4fe9-aa79-dfa79d3e7ae0,217.0,85.0,270.0,392.0,1
99239481-5f84-4fe9-aa79-dfa79d3e7ae0,570.0,87.0,288.0,348.0,1
992f14c2-8e2c-4341-a257-4186208e716f,,,,,0
99374798-bacf-4878-8ecf-803b954ede23,,,,,0
9937dc6d-2541-4b08-90c9-7d9e5231d6b0,244.0,454.0,238.0,396.0,1
994a1363-1acc-4cf3-9703-13c0665dd4bc,111.0,314.0,288.0,568.0,1
995409b3-0b7f-4839-84d5-ce70fc2632d7,,,,,0
99572dd7-b517-4b74-b0bd-8f55fe4906d3,,,,,0
995876a0-f2ae-475b-b410-62fd0aff7f3c,,,,,0
9964d799-9f80-41b4-bec6-f5276d990e2b,,,,,0
99667112-f3f5-4eec-8b4b-8a2265a8451d,,,,,0
996a7ea5-69a4-4c40-97f1-eb0cf61d81fc,,,,,0
996adc26-b80b-4509-8964-5c22f9b10118,,,,,0
997ffa12-415b-4573-b3ad-b40db604668b,,,,,0
998d42fc-c4c6-4e99-92a6-8a99eb1faa72,,,,,0
998e3a78-6d50-43e2-af5c-56a1b747092b,635.0,293.0,215.0,540.0,1
9991aba3-b488-4b14-bf7b-7841d2ddc0c7,,,,,0
9992709c-d506-4847-806d-0cb3964676ae,,,,,0
999ddf8a-204b-458f-b161-16b66f03efe1,,,,,0
99a379a4-9e41-4f8a-bd8f-15ce969044f2,,,,,0
99b08cbb-1c89-467b-83d9-be31a534e801,,,,,0
99b5771e-94fd-4fa2-8097-437fac034696,,,,,0
99b81444-3f24-43d8-8dce-b4f238574d2d,,,,,0
99c62f0e-1e22-4bb5-961a-9bfb44c8a512,,,,,0
99c918bf-5709-4bcd-90b1-e497efbd2262,,,,,0
99ca1f62-afb3-4cea-9219-1e801bcef3f4,,,,,0
99d2cb7f-1acf-420b-8c55-3181829793ba,,,,,0
99d5af2a-84c6-4006-8706-393c9805c045,,,,,0
99e6d0cc-823b-4452-ba73-08ef4d4ac63e,,,,,0
99fa243e-5d53-4d28-bef6-b3cec2d2bc7f,,,,,0
99fbcbf5-17f5-43ef-8831-232c68fe72ed,,,,,0
9a1aa170-3343-44e0-aa4c-06b44bdd91f5,,,,,0
9a1ad872-6fb4-41d4-9a48-6dd6d7958d5a,,,,,0
9a1f8fe3-174a-4c13-9885-75e52c0153b2,632.0,322.0,175.0,373.0,1
9a1f8fe3-174a-4c13-9885-75e52c0153b2,274.0,452.0,276.0,223.0,1
9a1fd0e4-262e-4856-85ba-88faf8b88726,587.0,449.0,246.0,276.0,1
9a1fd0e4-262e-4856-85ba-88faf8b88726,267.0,452.0,226.0,233.0,1
9a202892-1eda-4fee-a4fa-652e7e835ea3,,,,,0
9a23150e-d062-44f0-83a2-709258cc6410,,,,,0
9a291cc6-48a7-421d-855a-5c902898ab8a,,,,,0
9a299e91-9123-412f-b13a-1059358820eb,,,,,0
9a542334-87a9-4a37-93c1-5d642d1a11ee,,,,,0
9a5ed3c8-2b01-433e-87db-e179be47d388,,,,,0
9a609592-f47b-4c77-ad7b-be4f8833aa1d,,,,,0
9a60bd0f-4a87-4fed-923a-7fa8ab4d9000,,,,,0
9a62135f-b84d-49c0-bfe6-359599842531,,,,,0
9a714fc0-da5f-4587-aa33-38045523e322,,,,,0
9a735bd1-ea0d-4cde-adaa-4d5e407a87ac,,,,,0
9a85c365-3daf-43a2-b607-248d093b5495,,,,,0
9a88ccc2-61bd-442e-9961-1a015c67e2e8,,,,,0
9a8d4c24-8275-4805-ab84-9ae850c7ac32,248.0,584.0,199.0,331.0,1
9a8d4e57-b0b0-4c5c-b14b-12e0d6d56ba4,,,,,0
9a965678-d4d2-4a40-be08-79dd087b875a,,,,,0
9a9cec58-b096-4661-8a89-f536aa33adcd,121.0,422.0,230.0,396.0,1
9a9cec58-b096-4661-8a89-f536aa33adcd,494.0,311.0,243.0,464.0,1
9aab4895-0ece-4494-90e8-a077df4276e6,,,,,0
9ab07674-10bd-458c-86b1-541c3b69b944,,,,,0
9abaa31a-ea0c-463e-bb14-285139662793,,,,,0
9ad086d9-c2c9-48c8-9c03-b7f44decd8d0,,,,,0
9adbd449-6460-4d18-a684-36ae5415bd19,,,,,0
9adcfa3f-6f77-4daa-86ac-2ae353981852,,,,,0
9addd7f0-dd54-47db-b70e-bc9baffe2b14,,,,,0
9ae26474-0da3-437d-a0dc-744b8c474bba,535.0,425.0,297.0,275.0,1
9ae738d8-a676-4b9e-ac31-01df6d385d35,,,,,0
9aeac4e0-68d4-4214-9e22-72facf654789,,,,,0
9af1d25e-fdd6-4ea0-9845-04760b196c47,,,,,0
9af9eda2-62ce-474a-90db-1a3d30b3ee87,,,,,0
9b1481f4-69c0-4c6d-84ef-b495a0d7bd66,,,,,0
9b1923c9-e84c-446f-aa50-f0c6bc673954,,,,,0
9b1db34a-a649-485c-b615-f464c145b88c,,,,,0
9b1df62b-c463-4379-99dd-6e0fa8b89db5,,,,,0
9b241e6e-2846-4308-9533-d16cceb0b34f,,,,,0
9b2685e1-a093-4572-a171-07c244436f4c,,,,,0
9b339f24-c0bb-4039-8060-42cbe401f8be,,,,,0
9b35a4ff-34b1-4304-bf2c-6d1e608a088f,,,,,0
9b3f98be-cd49-4634-9dc0-d473d6766fb7,596.0,412.0,285.0,245.0,1
9b43860f-c492-4da7-a930-1d4fbc9bc58b,,,,,0
9b4dfad1-4131-4e3f-bafb-4ea856b414f5,,,,,0
9b4ecc3e-5499-4d0f-a218-0dc17aa963e2,602.0,262.0,355.0,581.0,1
9b5ba14e-8e33-4cc6-a87a-16122f16480b,,,,,0
9b5f76d7-532b-44a5-8492-c0863a682f41,,,,,0
9b6ddad8-a477-4284-bb96-b53033ba6b0e,,,,,0
9b782d00-7521-4843-919b-cd9dfc6f4769,,,,,0
9b788ef2-8721-4f1f-9d4d-8a2e0d65cba4,513.0,176.0,232.0,488.0,1
9b79a98f-a665-42ab-a74f-1fb5bc355247,,,,,0
9b90c3f5-5126-4ef4-b109-244c88676697,148.0,578.0,282.0,329.0,1
9b90c3f5-5126-4ef4-b109-244c88676697,555.0,367.0,270.0,574.0,1
9b995df9-5372-45f8-8ce8-4465158e86ca,,,,,0
9bb53972-9fe8-40ff-b241-1603ba269df6,,,,,0
9bd311f2-9303-411a-bdc6-09fdad3f1be2,,,,,0
9bd3581e-716d-49de-b4d7-cfec9a66e09d,,,,,0
9be79d60-efd0-49e4-8b77-93a4adf7ac94,,,,,0
9beb40b0-8d9a-41b1-89d8-ee7c9d0831d8,,,,,0
9befba2c-b7f8-4b8e-b550-9b2e4eda5247,,,,,0
9bf4179b-45b9-4276-9217-92963748b049,,,,,0
9c0030d8-fa33-4df1-be81-23ede246b0a7,,,,,0
9c0fbb4b-715d-43ad-ac16-3cd798caaab3,202.0,663.0,191.0,246.0,1
9c0fbb4b-715d-43ad-ac16-3cd798caaab3,615.0,569.0,235.0,361.0,1
9c230bad-eb07-4ec0-b441-596e420508fe,,,,,0
9c24de6b-63ba-4f9d-b517-10b362a0446a,,,,,0
9c3ec0a7-6816-46e0-b797-8412bacea535,573.0,281.0,225.0,209.0,1
9c3ef41b-2831-4cf7-9e3a-f7a5d976b34a,,,,,0
9c48a4fc-de51-4ec0-a6e8-24995708ce92,521.0,662.0,265.0,266.0,1
9c48a4fc-de51-4ec0-a6e8-24995708ce92,103.0,623.0,237.0,328.0,1
9c5c063c-a4c2-4b07-8ed9-61fac3340dde,,,,,0
9c6396cb-7215-4beb-8329-950c5f3d5909,,,,,0
9c6cda5f-1ee0-4048-ad4f-815739b9d5ab,,,,,0
9c6d66b1-0796-4490-879c-d2fb6c865b2b,,,,,0
9c741b73-8143-4db5-9a29-d311e151d426,,,,,0
9c77afaf-a792-4510-a80f-046118f319f1,,,,,0
9c7e9c64-bad1-4620-8552-e29654c70fdf,,,,,0
9c8a72e1-b484-41a0-937a-f24a92053e7a,,,,,0
9c91bfa8-de93-47b5-bda2-31e7cd643f54,,,,,0
9ca7b042-2838-4b6d-8220-96158f7dcb70,,,,,0
9cb05dbd-0a9b-410e-aa72-9a93594c86d0,,,,,0
9cb5bc5f-4ac5-4da9-9d67-7d52fd67bc10,,,,,0
9cb84c95-eafa-46e3-9659-63a1fb7e158d,,,,,0
9cb8c9b8-33f1-44c9-b947-99a9e748a16c,,,,,0
9cbf0728-d245-4782-8aca-c25c5e8e158f,614.0,378.0,264.0,306.0,1
9cd163df-3b96-4dd3-be8f-222d6954b167,,,,,0
9cdad022-25d5-4596-b709-d022f475c26c,,,,,0
9cdc0d49-71e7-4cbd-add1-0b61cbef44f6,,,,,0
9cde0ff6-095f-4ac6-88a8-c9ffc4676230,506.0,288.0,290.0,487.0,1
9cde0ff6-095f-4ac6-88a8-c9ffc4676230,114.0,134.0,305.0,286.0,1
9ce1cb14-c08c-438d-9ac4-73b38454340e,,,,,0
9cea3498-7354-4557-a80b-85e0544e4a6f,,,,,0
9cf369fd-9fad-4577-95ba-18085e64f4c2,,,,,0
9d1146b9-b1ff-4c38-a732-4806401891b1,,,,,0
9d1ceb1a-66ef-4135-a905-3d7b51b0fb4d,124.0,557.0,295.0,230.0,1
9d2c9bd4-6b69-4919-935e-f2811665210b,,,,,0
9d315378-b59f-4999-a993-cc4443925be6,591.0,478.0,308.0,264.0,1
9d392534-02f2-453c-aaaf-fc52426a6c0d,,,,,0
9d411b75-80d4-4888-a002-f3db414a13cf,,,,,0
9d44d645-bfb4-4fe8-8670-4974c638b4e9,,,,,0
9d4a60a2-7a43-4d82-986a-0fbe9126fd88,608.0,487.0,284.0,363.0,1
9d5a35ff-4644-4f75-91cf-4ed3142af182,544.0,332.0,253.0,244.0,1
9d5b8701-9073-4cac-a1fd-c80a6d1404a7,,,,,0
9d5d0c30-fdd7-4799-a106-97b3bd6c4274,592.0,313.0,330.0,445.0,1
9d5d0c30-fdd7-4799-a106-97b3bd6c4274,149.0,477.0,317.0,287.0,1
9d5edce9-4fce-444f-b907-a70e2c6cd166,571.0,450.0,173.0,186.0,1
9d78bc61-be12-4f04-a542-ece6d960a05d,614.0,317.0,283.0,551.0,1
9d7eada8-ca73-4814-b5fe-81e1bd3dc540,,,,,0
9d89e97a-153b-4d35-b72a-db2b009f993e,,,,,0
9d93caf3-5af3-48a0-9a6e-23bec560da26,123.0,103.0,340.0,583.0,1
9d93caf3-5af3-48a0-9a6e-23bec560da26,534.0,400.0,274.0,300.0,1
9da5f69a-7024-41e9-bb8c-ecd617f3c06a,,,,,0
9dbd05f8-87b8-4902-8e3c-86da0690fd63,195.0,427.0,251.0,168.0,1
9dbf75bb-6fc6-4d79-b0bc-0074b9767b09,,,,,0
9dca0e0c-1ed9-440b-911f-b4ce41daa406,,,,,0
9dcc29e1-433e-426a-8d6e-6243ec981883,,,,,0
9dd71f8d-5fa7-44d0-85c5-55cdc5a3cf50,,,,,0
9de870b0-41ca-499b-8142-95457e7ae662,,,,,0
9decb41c-f40e-4424-b3a7-9dfeb4dc8aec,,,,,0
9df32a52-a507-4385-b49d-12fbdaeb22bf,,,,,0
9dfd5208-de5a-4876-a065-868b2f8157f9,,,,,0
9e0cb776-26d7-4e9d-a109-28a17acc18ad,,,,,0
9e0e42cb-9351-40f9-8456-b63bf4567477,,,,,0
9e0e8620-d08b-4704-9782-19b061a5d83b,203.0,84.0,287.0,688.0,1
9e0e8620-d08b-4704-9782-19b061a5d83b,612.0,261.0,233.0,548.0,1
9e1918bf-f33d-4cb6-b07b-1cf0bb9283c6,,,,,0
9e1cd2fd-9fa6-4e56-b885-528b97ba63bf,,,,,0
9e1f1160-8d17-47a9-9d39-9524496f8c48,,,,,0
9e1f4112-a728-4c78-ac74-c616956d5c77,,,,,0
9e44dd90-b1e7-483a-9e7e-4ef2e6104330,,,,,0
9e4662c5-9dd1-4395-9039-9aad17e19cf5,,,,,0
9e58a954-94fe-47bb-91d6-772163873124,,,,,0
9e5fc879-a2c3-4bac-a784-8e5c5a6b06f0,,,,,0
9e658fac-3d66-46eb-b991-2e7f8b89e0c8,,,,,0
9e6db100-5ccb-4a6b-a86c-507acf77e30b,,,,,0
9e763f85-b627-45b6-ad70-2982aae80d5d,160.0,397.0,287.0,402.0,1
9e7bd306-471d-4c5c-aa53-a9d24e0779bc,555.0,515.0,229.0,358.0,1
9e7bd306-471d-4c5c-aa53-a9d24e0779bc,163.0,423.0,202.0,402.0,1
9e7ccb65-2088-49c2-b05f-9216c9871282,,,,,0
9e7ff0f7-87b2-48eb-b450-5aed0c3c685d,,,,,0
9e8bd81f-b091-4c02-9ea4-1927c896dfc2,529.0,279.0,213.0,275.0,1
9e90750a-8dfc-487b-a151-4ccf46ddc765,626.0,194.0,325.0,689.0,1
9e9cdb6c-1a5d-4bc0-8a66-e0bef45f625b,,,,,0
9ea08731-6f48-4775-8c98-19a2029fcf73,,,,,0
9ea1cddd-4382-414d-809a-2364d508c569,,,,,0
9ea70274-1e3d-4fe9-ad36-73334656b134,,,,,0
9eaa33ae-f5c4-4c9e-a200-7708a7ef9006,,,,,0
9eaa9736-ff6e-45f7-a29f-990097441d6b,,,,,0
9eb988cd-aecc-4335-ad09-b580be434377,437.0,419.0,269.0,308.0,1
9ebc1edb-315f-4f0f-bc9b-dfa933bc67d3,175.0,83.0,237.0,365.0,1
9ec108de-18b4-4446-a6e8-4c398f5a6614,209.0,429.0,187.0,204.0,1
9ec108de-18b4-4446-a6e8-4c398f5a6614,478.0,450.0,283.0,226.0,1
9ec6e281-84bf-4b6b-be0d-0ccd279257cc,186.0,521.0,262.0,270.0,1
9edd183b-ecc3-433a-9669-f891d34f8490,83.0,304.0,242.0,490.0,1
9edd183b-ecc3-433a-9669-f891d34f8490,556.0,312.0,286.0,577.0,1
9ede7426-5aa9-4b4a-85a5-ed3ffd486640,,,,,0
9ee69a0c-e362-40ae-affe-2552e145721d,,,,,0
9efc0b02-fac6-434a-92c8-23532b871175,,,,,0
9efd8741-c3b0-4166-a9ef-27107e7f3d28,,,,,0
9f01e063-7de5-40ac-b075-d30e47f29c60,,,,,0
9f02606a-73d0-46b6-8cca-9494f65450a4,,,,,0
9f08094e-9855-45c7-ac2b-1375e23f6b2f,,,,,0
9f0cf002-f237-4706-bbf5-a4f337e5f3f5,,,,,0
9f11086b-ba1a-4f60-92ec-09e492eae867,,,,,0
9f1a8c65-97ee-46d5-8b27-c0dd262bf41c,,,,,0
9f29797b-280d-4b7b-9c7a-aba284959b93,,,,,0
9f2cf186-cae2-4b29-8312-d20cd1df7d25,168.0,460.0,259.0,296.0,1
9f370a9a-98ea-465f-b225-a7b47211fb4c,,,,,0
9f3c08be-0b3a-413d-aade-4bc74cee30b7,,,,,0
9f434de4-5c5b-48c2-828f-8f04a7c51739,,,,,0
9f5061c9-547b-4a0f-9368-3e0cc3f32000,,,,,0
9f51baeb-be09-498c-a38a-8d70c03f15db,,,,,0
9f630e07-77b6-4cc2-a2c9-43bd9b4da729,,,,,0
9f64470d-14bd-4cf3-a27f-f7fe60ef9df5,,,,,0
9f65dff1-52fc-4d14-b918-a931ce1f91aa,,,,,0
9f756055-99fc-4a80-97b4-f89f98cf92d2,66.0,397.0,327.0,299.0,1
9f7a4363-6db1-4e19-9b36-6fba64b47d38,,,,,0
9f7bd17a-57aa-483d-90d5-be6a4b5e92b9,,,,,0
9f7fbca0-6111-4cd7-996b-764f751f00c1,,,,,0
9f80deec-f5ce-4421-b3b2-fe5e5a547477,,,,,0
9f8586c1-b803-4eb3-8d27-61e7cec5db11,,,,,0
9f8676ed-ec75-42d4-bb4d-304fcaace16d,,,,,0
9f9c3d24-3a94-46ad-b83b-1e2a247ea866,,,,,0
9f9e7267-220a-43f8-b222-9a330b08957a,209.0,329.0,240.0,401.0,1
9fa9dd9a-d129-43b0-8029-1e09798402b4,,,,,0
9fb2067e-c64c-428e-8c25-7f50c1f3db42,,,,,0
9fc1c3e2-9648-4795-862d-b3130c8c2614,,,,,0
9fd3c2a2-47c8-437d-a05d-e893fee688c9,,,,,0
9fd4b2e7-d443-417a-8436-b5921152ddd7,281.0,446.0,193.0,324.0,1
9fd4b2e7-d443-417a-8436-b5921152ddd7,629.0,539.0,202.0,299.0,1
9fea3b57-1e31-4133-ac11-e11264096f27,,,,,0
9fee1fbb-4c28-461b-8f2a-b208a4a5e4f2,,,,,0
9ff19b9b-bd0e-450a-a240-8ddf12bd5a92,,,,,0
9ff60fbd-3d5f-4533-8662-fc799d0f7df0,,,,,0
a0024ecf-be38-47e0-8325-d46691060eb8,,,,,0
a004ce1a-4907-4d76-b520-0f31e1eb00d3,,,,,0
a008f7a9-38ba-4ea8-aa6c-3337dff354d6,,,,,0
a00f64c6-6948-4a77-805f-059e09b069fc,,,,,0
a011c70e-6fda-4056-b364-8bfa67a878d0,209.0,179.0,281.0,559.0,1
a011c70e-6fda-4056-b364-8bfa67a878d0,574.0,349.0,309.0,389.0,1
a01dc83f-bd19-454b-a317-007a2730852a,612.0,547.0,245.0,242.0,1
a024d155-a276-4395-826b-193fcf6a5b9c,621.0,365.0,182.0,278.0,1
a029f3a3-aed3-41ad-8255-262b8553cd06,,,,,0
a030aab1-4f95-4169-9e9f-e2f2a3dd9a82,,,,,0
a03313d9-fc3b-47a5-9d59-e74514593dab,,,,,0
a034378a-8f79-4f29-bce0-eea14103d630,,,,,0
a038cb68-7a3c-4a5f-9b6e-4f6aa2957f7f,,,,,0
a03a2aab-7039-4743-9dab-3870899b1f35,650.0,689.0,279.0,316.0,1
a03bf35b-b57b-4cd0-bac4-c5d7c13a168a,,,,,0
a04011ee-5f09-4a3f-a916-e3bbf269122f,,,,,0
a04f5cd3-3697-4525-bb11-5069f9036101,,,,,0
a06005c4-6c77-463d-b63e-88ee9f8ca7f0,,,,,0
a0688bb5-65a3-4b02-b0a5-cd0dc775608d,627.0,421.0,134.0,191.0,1
a0688bb5-65a3-4b02-b0a5-cd0dc775608d,146.0,586.0,261.0,261.0,1
a07f3455-53d1-45b0-a782-de5b5ebb17c1,,,,,0
a095a3db-8ae4-467f-a3b9-b7d6e2f62fb9,,,,,0
a09a64a7-dcdd-4325-a76a-2093989fb1f8,,,,,0
a09ca982-3465-4346-a57c-16d0b9e150fd,,,,,0
a0b40a4b-c7a5-403b-8b42-7664621183c6,,,,,0
a0bc8346-8613-4f29-bafc-b4700ca853f1,,,,,0
a0c56709-1dfa-4001-9bfe-00abd5fa3060,,,,,0
a0c9dd5d-a882-4d53-a32e-1ef05d0e5e2a,,,,,0
a0cab4f1-4159-44fb-ad3a-20d53762c454,,,,,0
a0cd44ed-2e20-4617-92fd-9e09a0ede13b,,,,,0
a0cdb83e-d019-40f3-bdad-9b2dd27da094,,,,,0
a0d661c2-781f-4c1c-b9bf-92444e3de3dc,,,,,0
a0d6ccfc-3f60-41a8-8e11-4fa091384129,578.0,488.0,336.0,201.0,1
a0ed1bbf-c2da-4c12-a1d8-d0d0c64ffd08,,,,,0
a0fbfa61-12c2-485e-aee2-82e2ad47014c,,,,,0
a0fc511b-7483-46a6-9591-46f6c73f87e9,102.0,174.0,296.0,724.0,1
a0fc511b-7483-46a6-9591-46f6c73f87e9,489.0,130.0,371.0,743.0,1
a101aef5-48a5-47bd-9ebd-4e1393021a19,,,,,0
a10942b8-6ad9-475f-ad52-260889150af3,,,,,0
a10bbd97-0a3e-442e-b7c1-f26d90555326,,,,,0
a118c5a0-e9d7-4504-a11e-33297fe5ff12,,,,,0
a1225d16-619e-4bfe-89a8-49106b1534ee,93.0,332.0,297.0,414.0,1
a1225d16-619e-4bfe-89a8-49106b1534ee,531.0,384.0,260.0,449.0,1
a1232a0d-19ec-41a6-9f93-c64bb3c44340,,,,,0
a128f7fb-7ee8-495a-925c-e33bcd56d181,,,,,0
a129ce0b-cd13-4625-b58c-5b5c5bf909f5,628.0,122.0,357.0,531.0,1
a129ce0b-cd13-4625-b58c-5b5c5bf909f5,202.0,181.0,360.0,738.0,1
a12b6a40-323c-4ead-8875-5b84ae4beb6f,,,,,0
a1328407-1ce1-492e-b014-27e30077cc27,485.0,421.0,294.0,311.0,1
a1343a3d-1391-4fda-b0c4-1271cea7961e,,,,,0
a13b4da9-7161-4c48-9979-498652b17ccc,,,,,0
a13ef770-379a-4567-97ba-3f648a89f2ae,,,,,0
a14ac79f-dbcc-41aa-98fc-3f1440891839,190.0,359.0,237.0,366.0,1
a14ac79f-dbcc-41aa-98fc-3f1440891839,551.0,365.0,259.0,330.0,1
a14c9773-4ff1-44e2-882d-6e37a1a5af3b,568.0,175.0,299.0,697.0,1
a14c9773-4ff1-44e2-882d-6e37a1a5af3b,72.0,313.0,355.0,539.0,1
a1521491-7bcd-41b7-8bec-bed7070faf0f,,,,,0
a158b527-6c8f-491c-aab0-5898067a0203,,,,,0
a169b48a-7fbf-45b1-a951-b0f0fc18a261,,,,,0
a176f69e-ec9c-4694-a9e3-91082c04fcc4,,,,,0
a183866e-17ce-442d-8e80-1c6bfb81e184,,,,,0
a18539dc-1902-4410-83c9-7614b9e355a9,,,,,0
a1867f93-5854-4539-b96d-ede4bea3d216,,,,,0
a190459e-99ff-4bf0-9e30-47c2b930ac8a,,,,,0
a1925427-ba38-45c0-a39f-7435ddba97b2,,,,,0
a1a1aeb3-9c6b-4118-8ecd-0eab3a25dcbe,,,,,0
a1aff3c3-4eae-40ed-800d-d5aa693e1132,560.0,473.0,224.0,228.0,1
a1b04442-6cdb-42ea-9aba-7b813433dafe,,,,,0
a1ba8ac4-4013-4fd4-983b-f7ee58da30a5,,,,,0
a1c1a92c-fe13-4c64-81f8-1482e18c5a49,,,,,0
a1c7acd5-e958-4a25-9aa9-2b35c6306081,,,,,0
a1c95a73-d5f7-42b3-9966-682b072c9fea,,,,,0
a1d83865-3f10-4689-b641-1c5e50bd250d,,,,,0
a1dc7fe9-1e55-4956-9f04-f99f624faefb,,,,,0
a204aec1-7fee-4c5c-9dc1-fdcbfbebcd7b,,,,,0
a2055494-aaae-42ff-87e4-e0059ba3b739,,,,,0
a209125f-a2d6-4adf-bb98-5ee5767cb887,,,,,0
a20c1c8f-e16e-440b-89d0-2393ea43b340,191.0,97.0,344.0,546.0,1
a20c1c8f-e16e-440b-89d0-2393ea43b340,608.0,418.0,257.0,228.0,1
a2205d2a-d581-43c0-b7cc-ce21de47a11b,,,,,0
a223ebef-86b2-49e2-b3e1-bfc1bf957b6a,212.0,460.0,164.0,158.0,1
a2274c77-b8e5-49eb-bd00-ff351d474879,,,,,0
a229244f-3c9b-4f26-8ef4-18c5c6d78bd2,,,,,0
a22f0f36-ac98-442a-a980-069a248630a9,243.0,412.0,191.0,252.0,1
a232cfa5-b1de-4178-9de1-d506c8db2f62,659.0,290.0,335.0,481.0,1
a249c421-0fc6-43cf-8136-b8e90f90649c,,,,,0
a24e4fa1-c3ee-4974-9c88-7b75b6a5138e,,,,,0
a25056f9-2c4e-42f3-a035-26552647dcd4,273.0,155.0,172.0,209.0,1
a2572ca9-37e1-4558-b260-17a877ce78e5,,,,,0
a25b612b-59c5-4401-a60e-bf3720be8d25,,,,,0
a25d0b6e-cd0e-40d5-a225-4ef92baa4202,185.0,253.0,321.0,504.0,1
a25d0b6e-cd0e-40d5-a225-4ef92baa4202,609.0,376.0,315.0,425.0,1
a25ebf61-3b03-4123-b1f2-bb846af2eca2,,,,,0
a2616330-1f29-4019-928f-e2d62b3b737b,568.0,370.0,299.0,424.0,1
a2616330-1f29-4019-928f-e2d62b3b737b,160.0,394.0,288.0,343.0,1
a2795bf8-023e-43f8-86c8-847a154b551c,,,,,0
a27e7dc6-1003-4059-a14e-a39a16b76896,,,,,0
a281a261-8435-4861-bea0-0bca497dc5a2,544.0,143.0,267.0,490.0,1
a281a261-8435-4861-bea0-0bca497dc5a2,194.0,186.0,257.0,559.0,1
a28f364b-faac-4056-aafa-9309215e1412,,,,,0
a2907d58-d777-4ddc-8877-f784f14c0c27,538.0,397.0,214.0,279.0,1
a292caa1-4d93-4775-88f4-4b188544fb18,,,,,0
a2961d70-7b12-4eac-bb33-8567bba2d3e9,202.0,126.0,221.0,297.0,1
a2990f44-8592-4427-b704-b19565a0bedd,569.0,214.0,284.0,264.0,1
a29a8506-c20e-4f4a-8173-03a9a8b2d260,,,,,0
a29d2f91-e135-4810-b896-ee443666df54,113.0,358.0,259.0,284.0,1
a2a093bc-6179-4a31-bcbb-645d2f136a80,280.0,400.0,194.0,249.0,1
a2b8c42b-db97-4b42-aae0-c8ba85053132,332.0,90.0,169.0,186.0,1
a2b8c42b-db97-4b42-aae0-c8ba85053132,677.0,110.0,95.0,174.0,1
a2cad327-ecaa-4bff-9a4c-7316e784b873,,,,,0
a2d15397-0a67-4f00-a6ff-e44bf5de8b9c,,,,,0
a2dc86d5-a117-467e-afce-8cd12ba32d18,,,,,0
a2dce3de-9840-4529-8ee7-f871ece67b55,,,,,0
a2e38131-f394-4146-a2ed-0054a9446b7e,,,,,0
a2ec10cb-1516-4a3c-8b78-d7a355de1837,,,,,0
a2eea84a-9fd7-4c1a-8d0f-95e23c0d659b,,,,,0
a2f12028-4bd0-4598-b1b3-ed3e2d55587b,,,,,0
a2f75801-c661-4392-ad66-fe886d2949ef,,,,,0
a2fe6d6d-3cf0-4fdd-b292-9d4b8553d4b7,,,,,0
a30453a6-9691-4358-a212-fd2d7a12cb0d,,,,,0
a306087a-3649-4a73-8a75-3c2820117a48,,,,,0
a307b818-2c5d-4f02-9dbb-a62f560f6869,,,,,0
a3085448-8cb6-42b1-ae24-13362196482c,,,,,0
a3104c9f-5b71-4549-bcbd-facfcc5f17ab,,,,,0
a318797e-cb21-47c8-ad3e-49626c1c98ca,,,,,0
a32d7568-68e2-4abc-ba46-64ccd84c97f5,,,,,0
a32d9e87-b796-46de-89f8-adad0149ca1d,,,,,0
a332b7c6-2db8-4158-a01b-ab2baff58cdc,533.0,392.0,359.0,266.0,1
a33596ad-c382-4875-9c5a-5b30f3574549,,,,,0
a33882f0-bccb-4c22-8104-deae4a3b3b4c,552.0,341.0,304.0,315.0,1
a3407a92-03ba-4ec2-9373-845bda60ea7b,,,,,0
a3476eba-8536-4271-a7a9-b13dc3cc8a4d,592.0,490.0,244.0,471.0,1
a34abb30-f9a7-4967-987f-d7a99e132d1a,,,,,0
a3589872-a853-4a44-ad38-04b29ba064ea,,,,,0
a35d8ccc-2bdd-4915-9a0e-318828fe3de3,,,,,0
a36bcdda-c363-4ae6-a8b9-47bb0e05dc43,615.0,440.0,297.0,265.0,1
a36e7bd8-9836-4870-bc9b-bd1119b81cd0,,,,,0
a37191a3-64a6-4a9d-9340-36f3decb92d6,,,,,0
a3756692-548e-42c1-b19d-a0d0fbab86c9,,,,,0
a37a99cb-7e48-48e4-a7f9-7740ba109954,525.0,434.0,250.0,274.0,1
a37e89b4-7aa4-42f0-969f-f92816142442,641.0,425.0,176.0,150.0,1
a3876172-efc8-4252-a340-522a6921b74f,,,,,0
a38d613e-2434-47fa-a243-93aec393d512,,,,,0
a392cdea-a4ca-4eb5-9922-ca15f9db0cee,,,,,0
a39a2494-c91c-44df-b30c-854efb17a96e,,,,,0
a3a09938-17ae-4cef-a8ba-288ac0f7a059,,,,,0
a3a0a2b1-8ee6-4548-9f18-57e5d5a79d05,,,,,0
a3a15e9c-71d6-440e-9457-89e2aff93fe0,588.0,525.0,194.0,220.0,1
a3a15e9c-71d6-440e-9457-89e2aff93fe0,162.0,420.0,204.0,315.0,1
a3a2056f-fca5-46bb-bfc2-bfc7d381169a,173.0,238.0,208.0,184.0,1
a3a2056f-fca5-46bb-bfc2-bfc7d381169a,234.0,489.0,127.0,281.0,1
a3abb0a4-660e-4a07-b5a7-d7d74f4bce58,,,,,0
a3b3fc74-f971-42cd-9959-2db130b0009b,,,,,0
a3c04f4d-3621-4679-872b-fad6dd79a4f8,606.0,547.0,185.0,255.0,1
a3c8d7fc-d539-4e4b-9dba-ee6875adef71,,,,,0
a3dda87f-1087-42ee-b602-453eaac55e5f,646.0,272.0,216.0,353.0,1
a3dda87f-1087-42ee-b602-453eaac55e5f,293.0,131.0,219.0,472.0,1
a3f33843-8dd0-4dbe-bd17-2d6bcb67fe35,,,,,0
a3fe4e01-9d56-4963-8dbf-5b69c1d87284,,,,,0
a410dbbd-1ee8-4b79-876e-200b093b0e43,110.0,200.0,327.0,674.0,1
a410dbbd-1ee8-4b79-876e-200b093b0e43,546.0,219.0,300.0,671.0,1
a4160584-0311-47f5-877b-9ab95fc2d553,599.0,608.0,260.0,234.0,1
a41f6e40-d536-46d9-8d24-4948704d5972,162.0,228.0,322.0,613.0,1
a41f6e40-d536-46d9-8d24-4948704d5972,618.0,182.0,251.0,299.0,1
a41ff5c2-534b-4a51-9177-a9a295f3a6f4,,,,,0
a42380cd-d65c-479d-b4ea-cf04a147efc4,,,,,0
a434659d-69e6-496f-8730-bea98a9f41ff,,,,,0
a44d7678-cd73-4462-8c4a-6a3059208132,,,,,0
a4697f7f-72ae-44b7-9daa-880ee963689f,,,,,0
a46a6f15-73a7-44f6-8604-b585539e94b3,,,,,0
a46cc8cc-8314-443f-a7b6-c16eb68a4a3f,590.0,361.0,215.0,418.0,1
a46cc8cc-8314-443f-a7b6-c16eb68a4a3f,169.0,225.0,281.0,489.0,1
a46f2e04-c730-48a4-916f-2620194cd317,,,,,0
a47290cf-7bd4-43d3-a7d2-a46dd14f1c2e,,,,,0
a4746533-ed20-4024-9193-cc9c101e0f94,530.0,445.0,250.0,376.0,1
a47b9ba8-7df6-401d-967f-87df0e0ebaee,,,,,0
a488d198-37a8-420d-98f0-dae505d0f21f,,,,,0
a48ea42a-4ce7-4216-af83-8a022c2fb952,,,,,0
a48feae6-ccfb-4c0c-8fda-80b91a40c99e,,,,,0
a4987c33-8b6f-48ec-8eae-61cd78754805,,,,,0
a4a28a4f-9496-430c-8cc1-cff2b44ac359,173.0,500.0,277.0,169.0,1
a4a72b9a-b647-4395-85f6-db7e44f23a0d,,,,,0
a4a90296-f230-475f-b396-a828e3a53baf,,,,,0
a4ab8964-aba2-4d15-8183-4ea58be2671e,,,,,0
a4ac5fc1-dbc7-4380-8265-04e05f959c0e,96.0,109.0,387.0,681.0,1
a4b25feb-c992-4481-b31e-6367c3dbabb2,,,,,0
a4b362f6-4a51-4248-87cc-5b56c6754518,,,,,0
a4b4d3de-f186-4aa1-8866-6228cede4d7a,,,,,0
a4b66a15-c38f-43e6-9db5-219b6b1cb144,,,,,0
a4c3baae-0f3e-45a0-9a78-51bae5f7bd85,,,,,0
a4d40476-66d3-4733-9db5-63b4fd7215a8,581.0,592.0,213.0,230.0,1
a4d40476-66d3-4733-9db5-63b4fd7215a8,286.0,326.0,167.0,216.0,1
a4d40476-66d3-4733-9db5-63b4fd7215a8,306.0,630.0,206.0,187.0,1
a4db5dbe-f9c4-457a-9cf8-051502dfdff4,,,,,0
a4dc58a9-5497-4357-93e7-9ea129005134,,,,,0
a4e3061f-0cd5-4f8e-b742-0ec0e433b923,,,,,0
a4e7b487-c516-4e48-a31e-8b21e0a18117,650.0,388.0,261.0,274.0,1
a4e7b487-c516-4e48-a31e-8b21e0a18117,318.0,436.0,173.0,198.0,1
a4e87cc6-a623-4f64-9c68-c8de4760a7de,,,,,0
a4ee6346-dfcc-46f8-9d8e-69665a8083c5,703.0,438.0,226.0,246.0,1
a4f21b57-ade8-4336-9b5d-15e5223c59bc,,,,,0
a4f405ce-b6f7-4d3c-8150-6f1c7ccc106e,,,,,0
a507cb8e-4b89-4f90-9cc7-c91e9a32ba5f,,,,,0
a509ebab-91e4-4a20-8e23-cd15455b052a,,,,,0
a5104034-072a-4425-822b-872dfc117f2f,,,,,0
a512e598-45c5-4f16-b0b0-63f05f6afb14,,,,,0
a51d69b5-64a1-4fbb-a7f1-7f8a4e1fc953,,,,,0
a51ffe46-62bd-448b-8e8f-b32c2b08011c,,,,,0
a524a311-5058-41cb-a904-fba6a08c7e72,,,,,0
a5282327-a8ac-41c1-b4fa-f6a5db60d992,588.0,401.0,306.0,224.0,1
a52a6919-e21c-42b2-b5c5-d85716fac78b,,,,,0
a52d38b8-f4eb-4aad-bc8d-6d1f9a6a36a2,,,,,0
a5333c4d-fa5f-4266-9778-f0fd9655fbb3,,,,,0
a535c1bb-53cc-4faf-a4c4-50156f46e673,,,,,0
a53df4cc-6693-42a7-af15-fdbe00adcaa2,,,,,0
a541be19-c9f6-487e-b615-d15042a246b1,529.0,464.0,312.0,221.0,1
a563cfdb-338f-491e-b370-10a7b2e36982,212.0,410.0,303.0,268.0,1
a5649f7f-1de4-494b-a33a-b56d47da8bc7,,,,,0
a5721bbd-b1c6-4e95-b6bc-0a7fbf583b6a,,,,,0
a5809c7c-7a34-49d9-8cab-a1f59918209a,,,,,0
a5894624-1126-45cf-bfbf-c981a4f492ef,,,,,0
a58b8dca-87bc-4461-be69-11acd06067d3,528.0,358.0,200.0,297.0,1
a58b8dca-87bc-4461-be69-11acd06067d3,228.0,383.0,164.0,248.0,1
a59835f0-1e71-46fc-b68f-2a16ca414b4b,596.0,141.0,318.0,720.0,1
a59835f0-1e71-46fc-b68f-2a16ca414b4b,211.0,149.0,278.0,755.0,1
a59dfd83-e071-490e-850b-4c93fe9c251f,,,,,0
a5a28c3b-80c7-4741-a6d8-642329788418,,,,,0
a5a9dd5d-a04a-4085-a84f-3fb30f1ffba3,,,,,0
a5b6b5d1-0653-4a3a-9ac1-facb59853275,,,,,0
a5ba75bd-c961-4096-b9fd-6253788cfffd,109.0,639.0,204.0,235.0,1
a5bb1b43-e731-44f8-87d7-b80e6b8b9b45,,,,,0
a5bce1d8-51c4-4904-9119-b902010752f7,,,,,0
a5bfb978-b5cb-440a-8a93-7d8d2d7e8954,,,,,0
a5cb50d2-0c06-401d-8df0-f156e079cbb6,,,,,0
a5d13986-5ec1-4eab-b8a4-c01d46122a3f,,,,,0
a5d644ea-bffd-4ae0-860a-45010bfc7119,,,,,0
a5de312f-1c37-451a-9d60-2089e0227b97,575.0,484.0,331.0,272.0,1
a5df1553-7c85-46e6-9e0b-870d67d23eb7,209.0,472.0,251.0,189.0,1
a5df5290-3225-4f9d-8cd2-91425419bb7c,,,,,0
a5e1f9e8-784c-415c-bded-f83e6130a111,173.0,279.0,339.0,475.0,1
a5e29606-27c8-4f4c-8ad5-37a84ffbacdb,,,,,0
a5e40953-0f8e-4849-93af-918aa3a974e2,,,,,0
a5e84175-0226-4ab6-a5be-fd6a7c07acf5,,,,,0
a5ecf3c8-4d5b-4cba-9390-2e708ad3a772,,,,,0
a5fc5c4e-57b6-49d9-86ee-7ebdf0710562,,,,,0
a6037427-488c-4ea1-8ea8-d81f804bd974,,,,,0
a6041447-78b5-41c4-bee6-2b99a658749e,,,,,0
a6054a84-1ff2-4986-a1d1-93bcf28d76e8,,,,,0
a60fb9ac-c843-4f96-9eb0-6fd0565ffcd5,,,,,0
a613b9d5-b499-48e2-b23f-f78b657019ef,,,,,0
a62876f2-632f-49b8-8d74-4599e0352812,,,,,0
a62f0dd3-cf24-4f4e-a2ec-4b93ed207871,,,,,0
a62f5384-bcb2-4105-804d-7c697bf65c33,,,,,0
a649b923-8e6a-4bed-8874-582bbf5c4e6c,,,,,0
a6540b20-026b-44b4-ab0e-2da2ffa087f6,,,,,0
a6545c44-fd70-4bf4-8099-68f614b732e9,,,,,0
a654732b-c9e4-471b-8109-6c51c10d6c27,,,,,0
a6596cc5-8b9a-4dc3-ba0f-f12c871e2acb,,,,,0
a65bb30b-a401-4e2d-848e-7aa7ecd69b00,,,,,0
a65ddf29-a6d5-430b-8096-4528c45b47b1,475.0,379.0,291.0,231.0,1
a65e4bec-79df-46d8-bae0-037aed58842e,,,,,0
a66f3632-fdaa-4d33-8586-60c701c0f859,,,,,0
a66f6558-466d-4d30-81c4-8cf39ee06334,,,,,0
a680fb61-719f-4e22-af95-ce92c24277dd,,,,,0
a681ac25-1798-4c81-8e28-a1c5014e00bf,182.0,493.0,229.0,292.0,1
a681b516-2502-4518-830c-67db38985979,,,,,0
a69341df-a6e7-467c-8b9b-6fef2e441e82,,,,,0
a6938f95-a21d-4fca-9e01-4006ea712209,,,,,0
a6a2cfa8-b17d-412a-b43c-6feac3befd61,,,,,0
a6a38450-9151-4178-a830-a08e0223f8a5,131.0,511.0,272.0,290.0,1
a6a94200-33a0-410a-9e4b-bb080cfed624,134.0,314.0,264.0,538.0,1
a6a94200-33a0-410a-9e4b-bb080cfed624,553.0,362.0,168.0,322.0,1
a6aa1429-135a-49ed-bbaa-ebede9b1b63c,100.0,581.0,295.0,229.0,1
a6ab1257-4d98-4593-859d-bf742ef7e7cb,,,,,0
a6ad6c3a-cfc5-414e-9e57-575eeb1e3d9b,,,,,0
a6b8c0fd-e23f-4937-9682-9487051c705c,,,,,0
a6b8e55c-5e2a-4ee3-8731-479985e068f0,516.0,493.0,216.0,256.0,1
a6b939a7-1734-425c-a4a5-0ad0422cb932,,,,,0
a6ba154f-16a2-45d6-86b0-63f9cc8aacec,,,,,0
a6ca60aa-c6e1-4993-8745-0a3ef5f44e66,,,,,0
a6ce14dd-8fb9-4a66-bd5b-caa7ec96188c,,,,,0
a6d24424-6541-416c-a4cd-d9f73fcfb6f5,,,,,0
a6d7b6da-d474-4195-8270-08fdfd6e8a20,688.0,278.0,184.0,233.0,1
a6dd4361-455d-499a-9479-3d33eaffe2b3,,,,,0
a6e29ab5-cb08-4bae-b028-f97cf3bfd943,154.0,160.0,315.0,597.0,1
a6e29ab5-cb08-4bae-b028-f97cf3bfd943,615.0,203.0,305.0,535.0,1
a6e6e9be-4ced-4c05-ad59-a07061fe72d6,217.0,467.0,296.0,331.0,1
a6e6e9be-4ced-4c05-ad59-a07061fe72d6,649.0,423.0,226.0,423.0,1
a6ed10c7-a452-496a-a20a-ef510361d827,,,,,0
a6fc3abd-e573-4412-991d-65f6bf3e5b17,,,,,0
a70f69e6-aae3-459e-a3dc-175a2bcae6b9,219.0,366.0,229.0,352.0,1
a7189d7f-6d4e-4290-aceb-53a66ae0d090,,,,,0
a71be3ac-a76f-4843-a7c9-87a0cbe71707,,,,,0
a71d3def-7297-4a2b-9695-cb6c77a28bed,,,,,0
a729e14c-2d94-4ac2-a2e3-67f25e0818be,,,,,0
a72b9712-26dd-493b-a945-fc0e49d7845a,,,,,0
a730861f-2197-4786-bd80-aec8aae3b2d3,,,,,0
a731cdfe-e050-4ff0-a16e-0ffa22695fca,,,,,0
a73a46b2-fcef-41ad-a292-60df60ebba72,183.0,267.0,256.0,438.0,1
a73a46b2-fcef-41ad-a292-60df60ebba72,544.0,427.0,209.0,271.0,1
a742398e-dc51-4c5e-9b98-90cbfc75c9ea,,,,,0
a748125f-da50-4ada-9517-0f60e67e2c48,,,,,0
a755ea30-5515-4235-8899-920c103eefae,,,,,0
a75649b5-f044-4b85-86e7-91e6c6051826,,,,,0
a75e8b4b-4e89-4648-bdf2-4776fc865646,,,,,0
a7618fbf-2b1d-4655-92e0-061dda0651de,,,,,0
a7714d9a-c359-4edd-94a4-c6943c437021,212.0,372.0,259.0,313.0,1
a776684b-ded0-4a2c-a094-24a7673c66ab,,,,,0
a782d9c2-e190-4e03-9310-5750dba6ff81,,,,,0
a7a08920-e6ca-4638-a59b-ac10d5e58c8c,261.0,636.0,199.0,150.0,1
a7a30231-a1b4-4305-ad66-6a707a27a1a4,549.0,168.0,297.0,714.0,1
a7a30231-a1b4-4305-ad66-6a707a27a1a4,237.0,313.0,238.0,181.0,1
a7a60e01-2bff-4556-8404-dab7a8d74131,,,,,0
a7ab8ce9-d78b-469e-b596-57aca317e826,,,,,0
a7b1b6ae-0b45-4998-bb5c-9a26644835f0,,,,,0
a7b318d5-f8f7-4906-a207-6d13ce34217b,,,,,0
a7bc2974-8056-4df7-ba82-dc2a2a17c292,,,,,0
a7c3b865-bffc-4fbe-bcff-46d9cf0de9b3,,,,,0
a7f3e1fa-fc47-4b6d-a377-8a4ee4bda0f3,141.0,246.0,164.0,280.0,1
a7f3e1fa-fc47-4b6d-a377-8a4ee4bda0f3,599.0,126.0,216.0,410.0,1
a7f4dfec-aa25-44dd-b889-0dac3f139fac,,,,,0
a7fb334c-5fa6-460a-8115-294dfc821187,,,,,0
a8023fc8-e3a5-4944-be13-011b2f5f16bc,,,,,0
a8031125-1a13-40fd-9aeb-164e1a421f22,666.0,174.0,261.0,695.0,1
a80b222b-23dd-4e68-a2f6-323511051d35,,,,,0
a8271068-5d73-400b-abc5-cfba5e02870a,,,,,0
a828d5f4-6b94-44ff-a5c1-77bac3c92685,,,,,0
a833af1b-1648-400c-9969-3d24fd7df8be,,,,,0
a83ae3a3-a527-4074-be25-534ed223654e,,,,,0
a844e9ba-782f-4085-a12c-9df79ef6dc86,,,,,0
a846015e-0e70-4051-a108-d7057d6b35ae,,,,,0
a8495b35-2133-4127-85ca-6efa8db7a81a,,,,,0
a8545597-2873-4afc-a0a9-77bb14feb458,,,,,0
a8694bb6-3038-4277-a2e6-6dd6abd2cf2d,,,,,0
a877183c-7c94-4419-824c-4acb99354d90,,,,,0
a88612a4-f872-4245-aac6-b766543c2267,,,,,0
a886d1b3-9373-46c6-9c65-b224c21cc4a1,,,,,0
a8871908-bd16-4349-8662-36827a88736b,,,,,0
a8876ffb-480e-4b3d-93a4-bc6bb50bed1a,,,,,0
a88a34dd-5b95-4ec3-be74-bcbf903ca95b,,,,,0
a88b1cbc-3ab1-4cbc-b0b6-386e90185260,96.0,289.0,300.0,295.0,1
a8935cae-155c-4200-afc5-6fd74dd1b31b,211.0,271.0,229.0,475.0,1
a89d0ed5-5c57-4769-855e-6cfb7b9958c1,563.0,388.0,247.0,207.0,1
a8a6c86e-43d2-42ee-bc72-b744888f88a5,,,,,0
a8b5a123-6dbd-412e-a871-12f4f65a6a05,549.0,287.0,240.0,281.0,1
a8b5a123-6dbd-412e-a871-12f4f65a6a05,216.0,259.0,190.0,279.0,1
a8bb930a-fe02-49a3-9a3d-918ead457fcd,,,,,0
a8bcd430-f45b-44c4-b552-827e79070181,,,,,0
a8c10f4b-9ae2-4304-b852-eac417123611,,,,,0
a8c437c7-4363-43d6-a6f9-47d242e15a4e,,,,,0
a8c785a7-c983-452c-ab25-f595bb5678f0,,,,,0
a8cb813b-9d3a-46ff-8003-053271cdcc9a,194.0,164.0,231.0,344.0,1
a8d210dd-4aed-4644-8206-e1303008daf9,,,,,0
a8d85d30-72b0-45c3-8234-9544fbb60c09,626.0,410.0,234.0,207.0,1
a8d85d30-72b0-45c3-8234-9544fbb60c09,656.0,162.0,185.0,239.0,1
a8dd926f-1a39-48e2-b1a8-7257c67009d4,,,,,0
a8e26ebd-47f3-4afa-8772-673139d331b2,,,,,0
a8e2a670-e58f-48c1-bf03-051d1678cbc9,197.0,140.0,288.0,588.0,1
a8e2a670-e58f-48c1-bf03-051d1678cbc9,557.0,403.0,231.0,310.0,1
a8e6f79c-abc3-4628-8b61-34b0cafb2d34,,,,,0
a8e8e360-1c06-4932-820f-cc0066da187e,,,,,0
a8f42699-1106-428f-90ad-db6a72118122,,,,,0
a8f7480c-c958-4323-9708-06d31de64295,,,,,0
a8fc77b2-a30c-4360-b716-74bb97685c58,,,,,0
a9006409-11f0-4d8d-acff-4f5e973547b1,604.0,537.0,238.0,178.0,1
a90dd8e9-ccb5-4cd8-8408-92fe28c668b8,,,,,0
a919d4a5-b652-4cc1-a871-1c6bd652246f,,,,,0
a91af2db-049b-4f98-9169-e54b67264102,,,,,0
a9205cbb-3258-438f-963f-6aa6ff4d4fb8,,,,,0
a925ec9f-c9ea-4e9d-90d5-185d15a3a73f,,,,,0
a926f112-b852-4ed9-9da8-9b3ae9282d39,,,,,0
a938151e-9c73-4802-8971-b7bb42058785,,,,,0
a93bed75-231d-47cc-a21e-9a70c0d072b2,217.0,293.0,240.0,406.0,1
a93bed75-231d-47cc-a21e-9a70c0d072b2,582.0,279.0,206.0,411.0,1
a940da0e-5033-4069-9318-0f675dfcfc16,202.0,406.0,240.0,431.0,1
a940e934-a3eb-4e8b-b9da-9406ae993105,,,,,0
a94b358c-1e82-484b-a36b-462bd297f9d6,515.0,419.0,242.0,375.0,1
a94b358c-1e82-484b-a36b-462bd297f9d6,88.0,437.0,228.0,297.0,1
a9552aa7-691e-40ab-835b-16237c608b03,626.0,388.0,257.0,275.0,1
a9552aa7-691e-40ab-835b-16237c608b03,300.0,265.0,222.0,341.0,1
a9568af2-7ac8-4527-b6c7-f537842685de,,,,,0
a95a29b0-7b27-43b8-b211-1afda44a8ceb,,,,,0
a961178d-7f7b-4228-8614-14c228f46bd0,,,,,0
a9703aff-6dab-484f-a9d7-7c7fa4d10e21,,,,,0
a970d4fd-8a5e-4c93-9c2e-676b9287a81e,,,,,0
a978e290-1094-4791-a697-cbff542c9469,,,,,0
a97efa60-c7e0-4a4e-9037-0f72e1476377,,,,,0
a985f470-12d9-48b0-bb1a-5bdffc657c47,,,,,0
a986ed31-7616-4e4a-bd62-961a7142a3c6,,,,,0
a98716c9-a83b-4518-9fbd-d3c865db6ed7,,,,,0
a99561a5-2c12-48cd-be57-ce6b6cf58da1,158.0,437.0,288.0,286.0,1
a99a8bbb-e577-4012-803e-27c3c37ab4a9,,,,,0
a9a0308c-67af-4872-89f6-e9ecb5390ada,156.0,146.0,295.0,556.0,1
a9a248f5-833d-4ed0-945d-b242b4095ec7,,,,,0
a9a642d7-a47b-40d9-ba5b-0d84223026cd,,,,,0
a9a8cd2f-52ba-4968-913c-7168c06e2293,102.0,518.0,350.0,318.0,1
a9a99811-eaed-4531-9404-14420ee269d1,,,,,0
a9aad05a-1136-4ca4-b148-0d78cbdcaead,,,,,0
a9b33024-ace7-424e-97c8-3082b8f5681f,,,,,0
a9be2ad9-4a05-44bd-b5eb-a0938bc06363,,,,,0
a9c988f5-86ad-4ee7-80f8-b7a1776b42c9,,,,,0
a9c9996b-4fb7-4407-b484-9e5a59de982b,,,,,0
a9d7fd57-d71d-4dc2-9556-418b18771f37,,,,,0
a9dfa3f0-d0c9-4ebd-be99-212a823512bd,,,,,0
a9e83d38-0e1b-43a7-83c0-684ce77412d5,,,,,0
a9ea9ab2-c479-4b8f-8c87-3c9b8a4e88d1,,,,,0
a9ed6265-89ba-4c5d-89f4-7df3ca2bf2fc,,,,,0
a9edbcaa-e436-4807-95d7-1d1c7b424324,,,,,0
a9ef6dd9-5784-49b6-afa3-61395acbbd17,,,,,0
aa035292-3f9b-4800-89f4-b1e9722c7c67,110.0,137.0,287.0,445.0,1
aa035292-3f9b-4800-89f4-b1e9722c7c67,546.0,197.0,246.0,423.0,1
aa09ebe6-e321-4e01-8658-2c668c1a1654,,,,,0
aa19ebb0-f1d0-4c42-ad53-1c837c7388a5,,,,,0
aa1b6c09-41c6-4782-8572-c9986505cbfb,635.0,503.0,288.0,178.0,1
aa2af074-3bc2-414f-8adb-49d60b1db48c,,,,,0
aa354250-71b0-4d06-b0c6-8d00bccf45d3,,,,,0
aa4294f9-fe5f-4912-9e73-0cbf35bddfdf,566.0,368.0,187.0,215.0,1
aa4294f9-fe5f-4912-9e73-0cbf35bddfdf,118.0,566.0,248.0,211.0,1
aa47c55a-7cf7-4105-9132-de080664f052,525.0,103.0,375.0,803.0,1
aa5418aa-065b-4dfe-b61d-3cddd302b4f2,601.0,300.0,225.0,204.0,1
aa62706c-0083-4418-ad03-72beaf1b2446,499.0,180.0,252.0,533.0,1
aa68aa37-b97c-445f-ae9a-1b84d4c3a78e,,,,,0
aa78a1a2-004d-4609-9b49-5d9913249735,,,,,0
aa78c3b4-938c-4168-9840-78537016da77,,,,,0
aa8377bb-0c43-4c48-b185-bf96cc5c6537,,,,,0
aa83f3e7-4711-40ec-934a-6ea66add2196,,,,,0
aa886a54-00d6-4f04-91b8-498c5c1bbc65,,,,,0
aa924318-4d02-4184-94a5-a4017ab229ef,,,,,0
aa9d099a-3a55-4fc8-81c5-9963bd04e9f7,228.0,378.0,247.0,367.0,1
aa9d099a-3a55-4fc8-81c5-9963bd04e9f7,652.0,203.0,283.0,574.0,1
aa9ee7e3-71ef-48e3-9eac-46955dca641b,118.0,124.0,331.0,569.0,1
aa9ee7e3-71ef-48e3-9eac-46955dca641b,573.0,143.0,276.0,617.0,1
aaa75c43-b169-4831-a539-f6fb2b173a05,638.0,203.0,120.0,219.0,1
aaa75c43-b169-4831-a539-f6fb2b173a05,280.0,380.0,152.0,274.0,1
aaacdecb-a59f-41d9-ba6f-7e02185c2326,557.0,590.0,210.0,170.0,1
aabc17eb-8303-4d12-9222-f2b2c07371e0,761.0,512.0,146.0,153.0,1
aabd5bd4-91e5-4760-b8ff-5d4e0d9ee960,,,,,0
aabed420-8f64-4b77-810a-7711c43cb930,,,,,0
aac1dfc5-6354-48d1-8e75-e8799b351684,,,,,0
aac5e3c9-f621-4193-8818-ca6ca3ba8320,518.0,187.0,290.0,739.0,1
aac5e3c9-f621-4193-8818-ca6ca3ba8320,167.0,190.0,233.0,660.0,1
aac8b967-4540-4826-b4ec-42bdeebae1ab,,,,,0
aace11f8-d283-4da8-9375-40a6f3d6df69,,,,,0
aad5a7ee-f327-4444-9a29-f279d3832286,193.0,490.0,234.0,240.0,1
aad5a7ee-f327-4444-9a29-f279d3832286,634.0,536.0,192.0,232.0,1
aaef0613-d604-42d9-a13e-dd6f146b15cc,,,,,0
aaf271c4-df7a-477f-a609-4dca15b54649,566.0,119.0,296.0,626.0,1
aaf271c4-df7a-477f-a609-4dca15b54649,156.0,128.0,260.0,595.0,1
aaf2b2bf-1be7-4247-94d4-d899da6c263c,,,,,0
aaf35f7b-67a4-472b-85f1-fd87bdf13080,173.0,483.0,263.0,450.0,1
aaf35f7b-67a4-472b-85f1-fd87bdf13080,678.0,281.0,256.0,453.0,1
aafda091-8953-40c4-802e-853a206e50d2,278.0,431.0,193.0,205.0,1
ab08e493-1108-4f83-bf24-d47c9f6ab582,,,,,0
ab0a42ea-b988-4eb4-a6b1-2cdcabbc3287,,,,,0
ab166102-1b92-4bf4-88c6-eaa40cf0a56a,349.0,301.0,110.0,424.0,1
ab166102-1b92-4bf4-88c6-eaa40cf0a56a,634.0,585.0,257.0,260.0,1
ab1f2146-1c03-4d96-bc80-d5aaefb9b95d,,,,,0
ab2122ca-8213-4b54-b15f-66fee8aff602,,,,,0
ab213442-349a-409d-9859-b5e035009eb8,,,,,0
ab2981ac-f605-4a8e-a68d-f0e80e424797,,,,,0
ab2fd39b-2c9a-4fe7-852e-c1019ee3e602,92.0,726.0,219.0,181.0,1
ab2fd39b-2c9a-4fe7-852e-c1019ee3e602,590.0,556.0,212.0,290.0,1
ab363453-4d09-468b-ac26-99428833fae8,,,,,0
ab39973c-ae43-4ded-8c33-678bb4f28988,174.0,517.0,237.0,299.0,1
ab39973c-ae43-4ded-8c33-678bb4f28988,619.0,447.0,188.0,485.0,1
ab439d42-75cf-4049-82c7-1155a8e92560,599.0,165.0,290.0,463.0,1
ab439d42-75cf-4049-82c7-1155a8e92560,211.0,182.0,247.0,433.0,1
ab46a2e2-5229-43d6-a473-462948d545d5,,,,,0
ab514814-ddbf-46df-b913-650244f68f48,105.0,529.0,282.0,253.0,1
ab514814-ddbf-46df-b913-650244f68f48,497.0,271.0,251.0,520.0,1
ab559a68-0d0c-43db-beb3-bd3885b787a1,,,,,0
ab65a8e6-f03e-4e93-b049-e02cce3e973f,,,,,0
ab69209e-0f1d-4565-8d67-c2131542cae9,,,,,0
ab6f5973-db3c-4c21-8981-189792ea16ee,560.0,485.0,240.0,352.0,1
ab71b558-cd1c-4ca8-b06e-05b4f3f48525,643.0,332.0,186.0,208.0,1
ab7845aa-22e1-4ecd-8abe-6a3707de2614,,,,,0
ab7d4c3c-d22d-4d21-a0c1-c78e26a2cca6,757.0,587.0,246.0,182.0,1
ab894b13-e76c-481e-8093-2d64509ad6bd,,,,,0
ab93d6fb-751b-4eb9-a022-9affc62846ed,585.0,515.0,274.0,243.0,1
ab9b49a4-416d-447c-9f47-5205c3cdaa94,,,,,0
ab9e97a4-c2a0-4ba9-a267-60205ef053f2,,,,,0
aba15334-5b65-45bd-9849-e453de3129e2,,,,,0
abca299e-57c0-4eff-b785-39d690cd2c7e,,,,,0
abcf4625-f1e7-4d11-a3ca-4aa242504120,,,,,0
abd4e52c-39a9-401d-b0ee-7d94f4597fae,,,,,0
abd50515-15ea-489a-bdb8-c38dd3ef0b36,148.0,181.0,220.0,170.0,1
abd62ee2-e0b2-46b5-aadf-99a5e895e10f,,,,,0
abdcd92e-688f-4b88-9001-b9cfcaf3f9f5,,,,,0
abdd57b2-8bbc-409a-853f-885215db8c6c,521.0,83.0,234.0,358.0,1
abe31064-5e69-40f7-a728-d3edf6cf69aa,,,,,0
abeddf47-aaf2-44b7-a7e2-29b66c0bbc30,,,,,0
abfe2f91-b79a-4e29-9214-fdbf158c4a5d,,,,,0
ac02e9f6-af90-46e9-b9fe-a3c92eb659dc,,,,,0
ac056286-2e9a-43a7-8143-60082ef45a8b,,,,,0
ac0fa091-cdb3-4e17-a8bd-58545c3e0106,617.0,395.0,256.0,253.0,1
ac0fa091-cdb3-4e17-a8bd-58545c3e0106,217.0,436.0,261.0,218.0,1
ac18858f-cb0a-4d54-89a0-25a8c2bc0980,265.0,251.0,234.0,547.0,1
ac18858f-cb0a-4d54-89a0-25a8c2bc0980,623.0,236.0,196.0,564.0,1
ac1f192d-7a24-44c3-9175-819291bd4db9,171.0,398.0,262.0,222.0,1
ac22490c-d4c6-4510-9bc3-bdaf184ab071,,,,,0
ac2257b8-e600-42bd-ab9c-951fa49b3ec6,136.0,119.0,346.0,617.0,1
ac2257b8-e600-42bd-ab9c-951fa49b3ec6,615.0,90.0,288.0,688.0,1
ac23be83-8423-4e72-a365-3df113da4de4,,,,,0
ac2dbd3f-3b25-4628-8b69-338d34cbf628,614.0,429.0,215.0,314.0,1
ac2dbd3f-3b25-4628-8b69-338d34cbf628,222.0,545.0,196.0,178.0,1
ac2e60f3-e2dc-48e2-af1d-728fc8d838c1,,,,,0
ac2f43b0-3e63-47e0-9e50-4ba59b9b747e,500.0,258.0,186.0,349.0,1
ac2f43b0-3e63-47e0-9e50-4ba59b9b747e,95.0,246.0,250.0,543.0,1
ac36c55b-581a-4af8-bbf6-2334f565ce06,,,,,0
ac380845-aaa5-4b00-ae45-dae7f44d8a40,,,,,0
ac38760f-7332-4278-b011-982c9615f3cf,155.0,188.0,222.0,460.0,1
ac38760f-7332-4278-b011-982c9615f3cf,635.0,439.0,318.0,292.0,1
ac38e730-300e-4267-88ec-5247c0b90ed5,,,,,0
ac3e7d5f-a894-4b41-9ea3-1645c4c647f5,,,,,0
ac494c18-5513-4b25-9f80-31ce94ecf4e6,,,,,0
ac4bf897-0752-4095-9404-1e6ff42a1dfb,153.0,137.0,243.0,632.0,1
ac4bf897-0752-4095-9404-1e6ff42a1dfb,542.0,133.0,113.0,259.0,1
ac4bf897-0752-4095-9404-1e6ff42a1dfb,552.0,610.0,189.0,200.0,1
ac4dbb76-f72f-48ef-ab91-bd3fc6dbe5b4,,,,,0
ac507fad-0c24-4a5d-8a92-99d535a95001,,,,,0
ac7189cb-8420-410d-9b9b-150fa7ebc491,,,,,0
ac720376-3ba0-4d34-9743-cd152ddcee2c,,,,,0
ac75480d-d4c7-4095-accb-51287ae30229,,,,,0
ac81e9b6-5789-4797-ad85-510186cdd4a9,199.0,142.0,256.0,487.0,1
ac81e9b6-5789-4797-ad85-510186cdd4a9,542.0,100.0,292.0,576.0,1
ac87627c-76ef-4704-b965-6e2badb21d5e,139.0,109.0,299.0,493.0,1
ac87627c-76ef-4704-b965-6e2badb21d5e,593.0,107.0,272.0,302.0,1
ac8d3607-3112-4316-8354-8b76e86dc18b,,,,,0
ac8e34c8-858f-45f1-b964-db3b0f314e70,,,,,0
ac968067-e6a1-416f-93be-fd71845b4329,,,,,0
ac9a1d53-16e9-418e-b6ad-ce4f7caf9258,,,,,0
acb491dd-0170-409b-a5e4-7970ac3f1a32,264.0,469.0,160.0,159.0,1
acb5c720-f741-415c-993c-65855be08ffa,187.0,384.0,249.0,141.0,1
acb5c720-f741-415c-993c-65855be08ffa,576.0,237.0,295.0,619.0,1
acbe37cf-0956-43c9-8d1f-097b5aa8c06e,,,,,0
acbf5ac9-25e8-4aba-8ab9-1b497c22e284,172.0,355.0,278.0,462.0,1
acbf5ac9-25e8-4aba-8ab9-1b497c22e284,582.0,393.0,254.0,533.0,1
acc17db4-7fc3-4657-a8c1-0555bcbeba48,201.0,261.0,224.0,545.0,1
acc39f2b-2f87-4607-ab1c-a2e9dbfc5fb8,,,,,0
accaf82a-cc15-4e31-a7ba-cd0ef77f4744,,,,,0
accb6393-d91e-4350-bd8d-bd7c0880edff,,,,,0
accc1fed-2c48-470c-88d6-3433725f8a04,,,,,0
acd35df7-0450-4696-8e83-df3dd8cb8ecc,,,,,0
acd43666-c66e-48f6-ac31-c7789f9acc62,219.0,305.0,241.0,351.0,1
acdc118f-742d-4e1c-a5b4-f9f052adf54d,595.0,290.0,256.0,330.0,1
ace2e901-bf2c-4365-b7a0-7a24a830ffa5,,,,,0
ace3688f-2479-4468-9759-1e9a1fe02d6f,363.0,286.0,142.0,130.0,1
ace3688f-2479-4468-9759-1e9a1fe02d6f,714.0,240.0,256.0,389.0,1
ace3688f-2479-4468-9759-1e9a1fe02d6f,340.0,531.0,117.0,72.0,1
ad04e563-312a-4563-9104-b6b0775385ce,,,,,0
ad0cb7e3-7ba7-467e-8ad9-63ef1682f105,,,,,0
ad153890-91bd-4c50-9fac-945401cfcdc6,,,,,0
ad1ab5c2-fe92-498e-b82f-9464f2140c43,,,,,0
ad217b8d-1a8a-4347-871c-812febbde1e4,112.0,505.0,288.0,452.0,1
ad217b8d-1a8a-4347-871c-812febbde1e4,616.0,361.0,347.0,437.0,1
ad233e1a-853b-4ad8-951f-a756c3cf2d53,280.0,553.0,165.0,125.0,1
ad23629c-4db1-4b9f-87cd-625d4e1e2cc9,581.0,549.0,149.0,78.0,1
ad2713cc-f78d-4de5-976b-b91335012de8,,,,,0
ad35c3e6-87b5-4114-b057-c223431c49f0,331.0,470.0,189.0,195.0,1
ad35c3e6-87b5-4114-b057-c223431c49f0,618.0,418.0,219.0,225.0,1
ad410976-c87b-444f-abd7-36b1292d680b,247.0,494.0,152.0,201.0,1
ad410976-c87b-444f-abd7-36b1292d680b,589.0,657.0,113.0,140.0,1
ad49beb0-b610-4b07-adf1-60b4a6413159,577.0,208.0,195.0,201.0,1
ad49beb0-b610-4b07-adf1-60b4a6413159,279.0,301.0,129.0,146.0,1
ad4d16e5-a851-4327-b9fe-5977da445669,518.0,496.0,206.0,204.0,1
ad4d16e5-a851-4327-b9fe-5977da445669,189.0,513.0,190.0,286.0,1
ad5aa8d1-cac5-4f75-a0fd-eb05667bcb2b,,,,,0
ad628c0d-d358-4be4-bf44-6e495c0a87b8,,,,,0
ad634155-7fe8-43e7-8798-12215f1cb81b,,,,,0
ad69efb9-e8e5-445f-aedb-91d5106e407c,,,,,0
ad750a01-7b7d-43b5-b4b2-42bf12a603bd,,,,,0
ad7854fb-439b-49d7-a1ac-38becb1c906b,,,,,0
ad797c06-afde-425e-b0a5-0d4b5d0f2af8,,,,,0
ad7c955f-c4ee-47ea-b921-227815be9e1a,,,,,0
ad7dbcfa-406f-4d54-8d85-0fe482ba4ca3,,,,,0
ad7e68e9-245c-4c21-a5d2-6da5f6f9788f,582.0,388.0,197.0,370.0,1
ad7e68e9-245c-4c21-a5d2-6da5f6f9788f,181.0,534.0,157.0,142.0,1
ad7ff8d9-6c8c-4569-894e-99b0210d042b,,,,,0
ad9154ad-edca-4920-a49a-45c043eaf4ee,,,,,0
ad95ae75-d5e0-456b-a375-43efc5c21ee1,188.0,505.0,215.0,385.0,1
ad95ae75-d5e0-456b-a375-43efc5c21ee1,615.0,517.0,248.0,332.0,1
adbd0f93-b694-41f2-947e-44c7804cacb4,191.0,262.0,222.0,410.0,1
adc43a9a-627c-47f8-98dc-e7163b786d0e,,,,,0
adce8349-6836-4328-ab63-f356d0bbe298,647.0,389.0,201.0,208.0,1
adce8349-6836-4328-ab63-f356d0bbe298,329.0,445.0,153.0,224.0,1
adcf6355-1ebf-4f83-9457-893617f77c91,,,,,0
ade25361-0d04-40ee-8ab4-781003414307,,,,,0
adfe4e1e-3a28-461f-948a-2ba9cfe72763,,,,,0
ae06ef31-ae55-4e3c-9460-ae5c3733bedb,192.0,341.0,219.0,465.0,1
ae06ef31-ae55-4e3c-9460-ae5c3733bedb,554.0,343.0,223.0,482.0,1
ae156b12-60cc-4140-a4f1-679cc0050ee6,,,,,0
ae1faebd-b5e2-4f43-93bb-9f3011e237a8,679.0,181.0,271.0,413.0,1
ae1faebd-b5e2-4f43-93bb-9f3011e237a8,285.0,246.0,256.0,393.0,1
ae33eaf1-14db-4dd0-8a22-6bef55522fd1,,,,,0
ae3976d5-7ba9-482c-bc12-ebae8c4375dc,,,,,0
ae432160-dfe3-4545-8cae-a9f5bae69b71,,,,,0
ae47e8ca-08cf-432e-8f3f-bbfc8413570d,156.0,184.0,160.0,173.0,1
ae49d7bc-7d7d-4622-a4bf-9aaaa6128015,,,,,0
ae4cc69b-20a6-4a62-9fb3-c1767fdd37c6,,,,,0
ae59f8e3-455f-4f96-b686-465a38a0f3e2,616.0,235.0,217.0,264.0,1
ae59f8e3-455f-4f96-b686-465a38a0f3e2,246.0,255.0,203.0,238.0,1
ae5d10d8-1ed8-456f-886b-8689db2a0ee8,571.0,404.0,263.0,270.0,1
ae61cc11-2e4c-4715-8048-408677485e60,,,,,0
ae710da6-ac50-4de7-891e-d9a7a180ee05,246.0,357.0,183.0,280.0,1
ae710da6-ac50-4de7-891e-d9a7a180ee05,572.0,183.0,217.0,498.0,1
ae716bca-9b2f-4cca-8ee1-3cf6063593ef,78.0,190.0,270.0,688.0,1
ae781ca0-acb7-4ab5-8566-cfd3b474ef42,,,,,0
ae794223-db3f-4b8d-a307-a5cb1ac5eb57,279.0,476.0,150.0,251.0,1
ae8452fb-7e67-467b-9202-24dd2cd71610,536.0,297.0,172.0,347.0,1
ae8452fb-7e67-467b-9202-24dd2cd71610,202.0,194.0,200.0,371.0,1
ae9b2fe2-004a-464f-a2ba-d4d05c3fd6d8,,,,,0
aeac2576-33b3-41a1-bf61-355103e4d3ea,472.0,344.0,300.0,420.0,1
aeac2576-33b3-41a1-bf61-355103e4d3ea,124.0,378.0,225.0,365.0,1
aebb193e-64ef-4368-b139-c0ee72709945,360.0,253.0,180.0,192.0,1
aebf9717-f500-44ac-87cd-273f24e0c3ce,,,,,0
aec5b2e5-ceff-4e21-a089-19efcd0c3d45,205.0,606.0,205.0,202.0,1
aec849c0-4ef4-4d4e-9d09-573f1ce4cbd1,,,,,0
aecd5c80-5636-4068-b28d-f556d320cefc,,,,,0
aecf37ea-fe82-4618-bf8e-650d83f2ba42,208.0,592.0,153.0,121.0,1
aed0dcde-b13d-4b30-a954-6c63666d9e81,,,,,0
aed5aa2a-184b-4630-9b23-e640bb021e3d,,,,,0
aed92e78-27be-4dc8-a464-56ca888e4626,135.0,324.0,296.0,233.0,1
aeda43f7-33f3-4535-800b-fc7d6d1f053e,,,,,0
aeea7768-c71c-43a7-a378-e5c0ace51fd4,,,,,0
aeeacc25-019f-4e78-b9e5-829c5d916fc2,,,,,0
af06dfe8-ee19-4097-9129-95cbdb6929e5,,,,,0
af0bad4b-7eb8-4cbf-ac41-0b3a54526874,,,,,0
af111247-46cb-4cf0-a65f-cce25bdc0e2a,,,,,0
af169d21-1c39-445e-82d8-5035182a3a8c,641.0,250.0,214.0,300.0,1
af169d21-1c39-445e-82d8-5035182a3a8c,243.0,568.0,189.0,168.0,1
af16c699-3d7e-4733-b041-1e8dbc95f3de,,,,,0
af188f6b-66f1-46d7-a211-8a8310278e0c,,,,,0
af2a57e7-e519-470c-9dcb-2916e34e986b,266.0,614.0,211.0,308.0,1
af2ff93b-2f33-4c91-bde1-1490fc435b50,140.0,575.0,186.0,168.0,1
af2ff93b-2f33-4c91-bde1-1490fc435b50,526.0,662.0,148.0,194.0,1
af335d18-feec-4942-9831-3e25ca20e7e3,177.0,677.0,174.0,258.0,1
af387f75-2b11-4210-8ca5-aeae34b354c5,,,,,0
af467edc-df3a-4c0e-ade8-0249d40607e9,511.0,248.0,303.0,388.0,1
af467edc-df3a-4c0e-ade8-0249d40607e9,77.0,266.0,282.0,279.0,1
af652954-95f0-4406-a5bc-aa1e6d19bfe4,158.0,310.0,270.0,561.0,1
af652954-95f0-4406-a5bc-aa1e6d19bfe4,579.0,406.0,200.0,391.0,1
af773610-ef65-46f7-b538-56403393129d,,,,,0
af83a7a6-dfe2-4419-a4fa-a0090858f8bd,295.0,191.0,150.0,194.0,1
af8fc053-b69b-4915-9ea8-f538028f9b2c,564.0,122.0,263.0,562.0,1
af8fc053-b69b-4915-9ea8-f538028f9b2c,183.0,124.0,268.0,543.0,1
af91666b-2786-4f08-9acc-5cbce2e1b460,,,,,0
af935971-e768-468a-8bbe-cdb025daec83,315.0,603.0,126.0,192.0,1
afa2fcb2-e578-45c7-97d4-cb56488d80c5,,,,,0
afaeb13e-137c-415b-aa87-1f329432aa1c,,,,,0
afb20c9c-a4bf-4a02-99ea-50d134dadb6b,225.0,324.0,233.0,245.0,1
afba92c7-0822-4350-bd6a-43706d515b70,,,,,0
afbc95aa-3eea-47d6-bde2-2a84c8820926,,,,,0
afbe84b7-428f-45d7-8d51-8b54a7547c98,560.0,349.0,180.0,164.0,1
afbe84b7-428f-45d7-8d51-8b54a7547c98,223.0,334.0,171.0,191.0,1
afc11a1d-44fb-4387-ae7b-26d83d738996,,,,,0
afd36690-c66b-435b-8f10-bbf7dd5a2216,,,,,0
afddf7bc-bdb4-49c8-8cab-9e52bb00e7d2,,,,,0
afe0a0c8-878e-48b9-bcd8-48526125fcdb,573.0,567.0,171.0,130.0,1
afe0a0c8-878e-48b9-bcd8-48526125fcdb,286.0,637.0,137.0,114.0,1
afe29620-410d-4491-999e-470040899f0e,233.0,185.0,202.0,456.0,1
afe2b157-f962-4a14-b637-4962c5852724,,,,,0
afe97534-ccce-48dc-8a82-9aec20306503,,,,,0
afeaa6a4-59e1-4bd5-9d2b-41fe94e789fe,,,,,0
afeacaf9-b9e4-4f0d-a200-17b94ac64b9a,,,,,0
aff2efe8-0cf0-4789-8ec9-b15d10f32c69,311.0,373.0,134.0,212.0,1
aff2efe8-0cf0-4789-8ec9-b15d10f32c69,651.0,376.0,267.0,220.0,1
aff537ef-bb27-4c87-b297-7fd9a4520442,,,,,0
aff7f699-462b-406e-9f70-f5232799a2ef,,,,,0
affee2d6-21bf-4924-b47b-0a9c2ab8adb7,,,,,0
b0052168-b95f-477b-9220-e26a6d33f1d0,279.0,622.0,178.0,225.0,1
b011429a-7f44-413c-af22-93b110e9710b,247.0,246.0,80.0,91.0,1
b011429a-7f44-413c-af22-93b110e9710b,590.0,376.0,185.0,94.0,1
b0140409-8a77-4e32-a160-ce0988203cb2,,,,,0
b01c73b4-b417-4f83-8996-6448caa89c0e,200.0,300.0,270.0,667.0,1
b01c73b4-b417-4f83-8996-6448caa89c0e,553.0,264.0,273.0,693.0,1
b01cc638-77dc-4d41-b88a-1c7a9d041b17,,,,,0
b01d24dd-ff2e-4b9b-99bc-29023fc5b3ec,502.0,191.0,161.0,279.0,1
b01d24dd-ff2e-4b9b-99bc-29023fc5b3ec,228.0,234.0,131.0,317.0,1
b02154d7-4d25-4f4b-9838-5d7d56273411,,,,,0
b02c6f04-dc7e-4786-8100-c0d1baddaab6,,,,,0
b02fea6c-41b4-47e7-8c70-d20b005063bd,612.0,427.0,250.0,335.0,1
b02fea6c-41b4-47e7-8c70-d20b005063bd,139.0,449.0,272.0,249.0,1
b03867f9-6a0e-4115-ac46-ed96db6b6644,6.0,216.0,281.0,408.0,1
b03867f9-6a0e-4115-ac46-ed96db6b6644,397.0,230.0,349.0,282.0,1
b039548f-9627-4701-951b-ae89efd3789f,564.0,668.0,303.0,212.0,1
b039548f-9627-4701-951b-ae89efd3789f,332.0,259.0,191.0,393.0,1
b03ceaa1-870b-4bfb-8e84-7132be831e64,,,,,0
b04aa688-367d-403c-a0c8-ad5ae456c10f,,,,,0
b0502b9f-b85c-4cac-9e8f-325ed59315e0,619.0,538.0,214.0,199.0,1
b0502b9f-b85c-4cac-9e8f-325ed59315e0,231.0,502.0,173.0,178.0,1
b05197a4-ee7c-4a73-bf4b-081e9b5e6230,,,,,0
b057c325-eb7b-498f-9aa7-92b599ec36cd,,,,,0
b05a06e5-0662-4fc4-a12e-ef6e2f27613e,,,,,0
b05b4898-2003-4a43-a5bd-8de50200db4a,561.0,398.0,215.0,245.0,1
b05be23b-9b1d-4868-ae6c-72485cd2c601,,,,,0
b064ca05-1cc1-463f-b43a-09b3582fa0d4,,,,,0
b065f69d-0a2c-4017-9509-c818b5d7294a,,,,,0
b06b945c-851e-4547-91dc-64c4875508f4,,,,,0
b070ebb3-1940-443b-8cca-85eb31ff8b23,,,,,0
b0774f58-f2d6-46f1-9e32-193f4962328a,,,,,0
b07a9877-908a-49d9-86e9-23bd91b6565b,,,,,0
b07c2ded-6e52-40de-8559-ad7ba6e246a1,,,,,0
b07fc720-9696-4dbb-af78-013c1464b916,247.0,425.0,148.0,152.0,1
b085cc58-d5b4-4fb7-9879-565c0e8c1198,561.0,179.0,195.0,503.0,1
b085cc58-d5b4-4fb7-9879-565c0e8c1198,77.0,116.0,293.0,568.0,1
b0899110-9ada-4724-9c9e-e79d916fd5b4,,,,,0
b091d2a7-572e-4183-8dfd-acf6ae5e3e86,610.0,249.0,250.0,598.0,1
b091d2a7-572e-4183-8dfd-acf6ae5e3e86,263.0,290.0,183.0,543.0,1
b0aa124d-a986-4c75-97d1-36c8cf3a0734,215.0,497.0,215.0,228.0,1
b0b22e01-2288-41c4-9ba7-f3abcf2941eb,,,,,0
b0c0a6a2-cbd3-4aae-b488-e871db0b78b7,625.0,369.0,242.0,461.0,1
b0c0a6a2-cbd3-4aae-b488-e871db0b78b7,249.0,249.0,254.0,567.0,1
b0c8314a-a3f5-4d1a-aa52-516c06a757ca,,,,,0
b0d34352-21d3-490e-8ecd-16baee334aba,169.0,430.0,186.0,336.0,1
b0d7de28-cf63-4c85-a573-194a84927c40,,,,,0
b0e900dd-5c9c-4764-a429-3f18f056b4a1,217.0,602.0,197.0,152.0,1
b0e900dd-5c9c-4764-a429-3f18f056b4a1,592.0,592.0,165.0,186.0,1
b0e93c09-2d99-4e63-bc19-68d938095223,,,,,0
b0eecb36-25c6-45fb-b61c-f0c1a7793a67,,,,,0
b0f36ca4-84c4-4f1e-8f3a-5ea439cee63e,,,,,0
b0fba499-9f35-4e0d-94e5-752ed990a643,,,,,0
b0fbd4ac-3ab4-44fe-9c2f-4179bbf4260e,287.0,507.0,161.0,218.0,1
b0fc321d-54ae-4ab7-9207-03c7fddb3a15,621.0,456.0,263.0,277.0,1
b0fc321d-54ae-4ab7-9207-03c7fddb3a15,295.0,571.0,150.0,149.0,1
b0fd45a3-14f6-4462-8dd4-1d643bb517d4,,,,,0
b0ff351f-df34-4dd0-bbd0-c4b9ebf99070,,,,,0
b1046f7e-c90f-4043-a678-087754decbd9,528.0,599.0,247.0,295.0,1
b1046f7e-c90f-4043-a678-087754decbd9,169.0,550.0,228.0,383.0,1
b1066280-4520-4377-ac12-b466c84828ed,,,,,0
b10b52da-84fd-4057-b675-330e46c53504,,,,,0
b1158513-8924-424c-a061-d9c8200d2110,,,,,0
b12523d2-5618-4e33-9ad3-d1e77a9c9fcf,,,,,0
b12e250e-9e7d-474f-8afd-9546a6ef0afd,,,,,0
b1323e3e-2460-4db7-a98e-f810c0004836,109.0,551.0,211.0,199.0,1
b1323e3e-2460-4db7-a98e-f810c0004836,468.0,426.0,233.0,269.0,1
b1358746-8e0b-47d6-b653-dcd10b317429,,,,,0
b15381ff-aa71-4e77-9292-ea70c1b3233e,,,,,0
b1572976-1a77-4ed8-a2cd-4c3ee33ff27d,,,,,0
b15cff7a-2345-45ad-9eef-4a9e5ab6762d,641.0,430.0,246.0,256.0,1
b15cff7a-2345-45ad-9eef-4a9e5ab6762d,245.0,456.0,217.0,298.0,1
b15d2886-4bc4-4ed8-9be1-2d4d3a59a8c0,,,,,0
b16bcbb6-570b-450b-a9e5-b1e3663205bb,169.0,228.0,286.0,509.0,1
b16bcbb6-570b-450b-a9e5-b1e3663205bb,528.0,200.0,355.0,572.0,1
b16fc815-42a6-4d31-a43a-d447881ef1d3,,,,,0
b171964f-e911-42a4-a1ec-e57128258011,507.0,476.0,219.0,475.0,1
b171964f-e911-42a4-a1ec-e57128258011,52.0,105.0,322.0,742.0,1
b1793fb4-5a81-471c-ad19-8c735d94ec6b,,,,,0
b17cc4ff-5181-4a4c-97d6-cb23c91fb4c8,,,,,0
b180c8c3-adad-4d7c-aa3e-1e352f95bee8,,,,,0
b181eb13-a6b0-4576-afcd-0e23c90723ba,367.0,596.0,131.0,132.0,1
b181eb13-a6b0-4576-afcd-0e23c90723ba,650.0,476.0,189.0,223.0,1
b1827a4d-c98c-4719-8296-1659617870a7,,,,,0
b1831e52-f668-47a9-a900-f42924698045,209.0,501.0,258.0,249.0,1
b188b6d2-3f51-4962-b70b-3e4f31b43a00,366.0,491.0,146.0,192.0,1
b18c9700-19db-4b5a-887a-f6b61549dcb2,,,,,0
b18e4375-e20d-42e9-a545-a62294135c07,604.0,807.0,245.0,210.0,1
b195b765-92b8-405b-80a4-d68a329db93b,,,,,0
b196a9d7-80d6-4e67-a799-da9915f5491f,,,,,0
b1976cfc-3bae-4bae-a968-4892e6f953ca,643.0,233.0,222.0,388.0,1
b1976cfc-3bae-4bae-a968-4892e6f953ca,168.0,203.0,272.0,642.0,1
b1a3c66c-868a-4afc-b112-03818afd03bc,,,,,0
b1a863d8-998d-414d-ae47-536e0dcec368,,,,,0
b1ad1067-58dc-40f5-80ec-a23a812290fa,,,,,0
b1b9f018-bc87-4f21-af0e-d56a58eb27fb,382.0,468.0,193.0,158.0,1
b1b9f018-bc87-4f21-af0e-d56a58eb27fb,704.0,410.0,187.0,227.0,1
b1c607c2-6651-4bfa-8a6c-ba85c349927a,594.0,473.0,231.0,267.0,1
b1c607c2-6651-4bfa-8a6c-ba85c349927a,201.0,568.0,153.0,183.0,1
b1dda51c-9c0e-4695-bd29-e7173f05182d,,,,,0
b208b6b8-807a-4325-8bb2-790e2e705ec6,,,,,0
b20f3c7f-0af4-4a22-901a-32584fbeea28,300.0,434.0,166.0,194.0,1
b217cb57-c3f5-4fab-a81f-48425916ba54,613.0,545.0,236.0,381.0,1
b217cb57-c3f5-4fab-a81f-48425916ba54,147.0,675.0,272.0,249.0,1
b21ec09c-a75a-415a-a32a-a825fecdcaed,,,,,0
b2248f27-a5f1-427f-a84b-2e713da2ba9b,,,,,0
b22d57db-e40b-4655-8c57-7dd561d1d1d9,,,,,0
b22dbf1c-9edf-4d76-a029-7ab3b07dda0d,,,,,0
b23173b4-4f5f-40d5-9f4c-8ba668824514,,,,,0
b242cdd9-b9cc-45ad-b6dd-b30290307e0b,,,,,0
b2452358-99d7-4e5a-8ec3-29d451400a20,,,,,0
b24d51ce-7415-4784-9748-7a239428ae3b,139.0,235.0,297.0,515.0,1
b24d51ce-7415-4784-9748-7a239428ae3b,591.0,270.0,260.0,578.0,1
b24f4b3e-6e1b-4824-af10-270ec5093de3,277.0,178.0,197.0,370.0,1
b2521978-0df6-4fd5-b684-f03b1b96dbf7,241.0,218.0,193.0,307.0,1
b2521978-0df6-4fd5-b684-f03b1b96dbf7,534.0,383.0,200.0,217.0,1
b2536145-8054-4cf0-b968-0a689ebbde0c,,,,,0
b255cf25-6d4d-438d-af57-95f8e8f3654d,240.0,354.0,197.0,301.0,1
b25d0f5e-c2c7-499b-a3d2-65b1f71b9d30,,,,,0
b267ae3f-b52c-403c-be9d-c8ac9070020e,653.0,435.0,235.0,266.0,1
b26a717e-608d-41f1-ac9a-33450bf2d7e5,,,,,0
b26cc8d8-a11b-4b2f-ad69-41ad37ad5c53,,,,,0
b272b6cd-34fa-48a6-96f5-d9123499c120,,,,,0
b2753475-d0b2-4dde-8a7b-311e1db27397,594.0,143.0,127.0,149.0,1
b2753475-d0b2-4dde-8a7b-311e1db27397,701.0,651.0,167.0,210.0,1
b2761cd1-6932-4d3b-a9dc-88f5a79a98ed,641.0,387.0,137.0,171.0,1
b2761cd1-6932-4d3b-a9dc-88f5a79a98ed,277.0,392.0,97.0,149.0,1
b279031f-fb8f-47df-bfb9-315c9a7d2dff,,,,,0
b27ce840-3616-4cec-8499-fa7dc760c387,671.0,594.0,201.0,206.0,1
b27ce840-3616-4cec-8499-fa7dc760c387,124.0,534.0,261.0,169.0,1
b28af7c9-9cb3-4cd9-8261-0d1815d1609e,189.0,460.0,194.0,122.0,1
b29d8671-94c2-4c12-b609-74f52d95f5e6,,,,,0
b2c2c9ad-7966-4c68-bb66-6dc9f9c19fda,220.0,614.0,238.0,208.0,1
b2c2c9ad-7966-4c68-bb66-6dc9f9c19fda,641.0,526.0,257.0,214.0,1
b2dd3d8f-bfcc-4750-b5e7-4a6fcebec3c3,609.0,354.0,277.0,480.0,1
b2dd3d8f-bfcc-4750-b5e7-4a6fcebec3c3,266.0,622.0,147.0,228.0,1
b2e2dafc-0946-4b7d-a41b-51b18e8ecee4,,,,,0
b2ea9c20-0653-4f5b-91ae-d91d7ff91339,234.0,573.0,189.0,262.0,1
b2ed5727-8a0e-485c-9db3-4d2e53fd35e6,125.0,473.0,253.0,352.0,1
b2ee7b2c-80fe-4d55-bc64-807b839690aa,328.0,468.0,172.0,232.0,1
b2f114bd-c0cf-4c98-a929-ac5add3103b7,,,,,0
b2f5b10a-917c-4080-8046-ec1c9fb9cb39,631.0,486.0,235.0,181.0,1
b2f5b10a-917c-4080-8046-ec1c9fb9cb39,269.0,463.0,179.0,172.0,1
b309f00c-57a1-4926-ba6d-1ce13a673cf9,440.0,493.0,263.0,153.0,1
b309f00c-57a1-4926-ba6d-1ce13a673cf9,57.0,541.0,189.0,250.0,1
b3131afb-b81b-476c-a24e-ea5dba828d1b,,,,,0
b31ed450-b8e6-4339-8283-dbb754a9094e,571.0,433.0,229.0,202.0,1
b3207c07-7b40-4208-92e3-156de1fcbbdf,,,,,0
b329ead1-3d20-43af-b0d9-bc4e98ec2239,649.0,355.0,247.0,470.0,1
b329ead1-3d20-43af-b0d9-bc4e98ec2239,275.0,375.0,234.0,476.0,1
b32a64b6-4185-4c87-bd47-729ee0c6e2af,,,,,0
b3312d57-2626-4c6b-a569-5c29e12cced5,,,,,0
b3332044-d191-4d1d-8cca-b11c30c79fa8,621.0,372.0,263.0,287.0,1
b3332044-d191-4d1d-8cca-b11c30c79fa8,229.0,250.0,233.0,385.0,1
b33610c9-a152-47f8-8ee5-4f81dce62938,643.0,427.0,256.0,292.0,1
b33610c9-a152-47f8-8ee5-4f81dce62938,197.0,358.0,259.0,333.0,1
b344e7ac-52f9-418c-a5a1-bba1f5b543bf,282.0,585.0,197.0,192.0,1
b344e7ac-52f9-418c-a5a1-bba1f5b543bf,680.0,575.0,214.0,288.0,1
b34945a8-d965-4a56-b38e-968dcf2ae993,,,,,0
b354fc8f-fb58-4c73-b5ad-0f8036866a17,,,,,0
b3550a9f-f3b2-43aa-a4a4-47a37dbafd8f,,,,,0
b3558571-c880-42eb-9dd3-a6bf9cf8889c,,,,,0
b358f0ea-23d2-43a9-a5f1-54fc78a8c5e7,578.0,402.0,228.0,197.0,1
b358f0ea-23d2-43a9-a5f1-54fc78a8c5e7,183.0,469.0,231.0,204.0,1
b359f1a5-74c4-41aa-b1e6-dae9d3a99dd0,,,,,0
b35a3c89-f199-4924-98f0-8d5beea4b41d,281.0,528.0,134.0,207.0,1
b35a3c89-f199-4924-98f0-8d5beea4b41d,621.0,563.0,227.0,172.0,1
b35d3c12-7c68-4747-b4a1-49c291b6ff94,599.0,129.0,261.0,488.0,1
b35d3c12-7c68-4747-b4a1-49c291b6ff94,240.0,168.0,245.0,362.0,1
b35dfbda-395c-4c9d-befb-331f6ac3da84,99.0,227.0,262.0,616.0,1
b35dfbda-395c-4c9d-befb-331f6ac3da84,546.0,275.0,360.0,664.0,1
b36ddceb-a4c3-4f3e-9b95-cac57da3d0b9,180.0,506.0,210.0,247.0,1
b36ddceb-a4c3-4f3e-9b95-cac57da3d0b9,605.0,405.0,187.0,359.0,1
b37a7718-a08f-4952-894b-2d1aa600f817,,,,,0
b38eb728-d36c-457e-a05c-c81a6d28edf8,521.0,428.0,79.0,110.0,1
b38eb728-d36c-457e-a05c-c81a6d28edf8,333.0,442.0,106.0,171.0,1
b38eb728-d36c-457e-a05c-c81a6d28edf8,530.0,539.0,144.0,172.0,1
b39023e8-9092-44a9-a999-8f98ebae0958,,,,,0
b3a62977-0a9a-4624-b6c2-22c582ffdcd1,,,,,0
b3a7782d-13d4-417f-b897-67e873c757c7,,,,,0
b3bff0f2-2ffa-4ea4-8ca4-57cb08980ad2,,,,,0
b3c3a0b7-e29b-4e0c-ba93-8c00c26ba5ad,,,,,0
b3cbf083-1967-4d4a-a0a5-a1df34eecae2,,,,,0
b3ccf99e-b31f-4705-8d69-211b6cf1d78d,,,,,0
b3cf158f-1275-4a42-9073-447d96c19a21,168.0,404.0,218.0,348.0,1
b3d02e49-edb7-428c-b013-708d3bd97fe3,,,,,0
b3d215fd-05f2-4f2f-bf1d-a042b48ea3e3,,,,,0
b3e2ba43-87f4-4137-b21b-b9d6e853e9c2,132.0,260.0,266.0,462.0,1
b3e2ba43-87f4-4137-b21b-b9d6e853e9c2,556.0,290.0,293.0,449.0,1
b3e5becd-9009-4981-82ab-bbf28f4a834b,665.0,373.0,200.0,272.0,1
b3e8fb51-defe-422b-b6a3-b8c4a6c365a2,,,,,0
b3f23c40-45c2-4289-b68b-9e367441a9a0,,,,,0
b3f73b42-c3c3-4f74-b6bc-b96f5c804898,,,,,0
b3fef4ce-65c5-48c4-8263-81c9e55e3ffc,,,,,0
b40f6a18-fbfd-4c4f-851a-8bd09dc8fe3b,,,,,0
b4151d8f-c4d9-483b-8c78-4f6c5eea56ec,,,,,0
b4342a1f-02b6-480d-932c-7a8d924b219f,,,,,0
b4356234-df8c-44f4-b13c-bf2225665686,,,,,0
b43d3798-2986-4c08-a566-d5e370724e47,,,,,0
b44b65e1-7382-4aa6-8d87-fe6d7b4f1a17,656.0,228.0,218.0,414.0,1
b44b65e1-7382-4aa6-8d87-fe6d7b4f1a17,320.0,214.0,220.0,443.0,1
b44b6ae1-2a84-4f3d-8d8c-ec10258169c4,,,,,0
b4587e51-7fa7-4264-84a0-2c000f98c0a3,,,,,0
b45e1b50-d497-4b91-9b79-5050fd0e6800,533.0,182.0,278.0,410.0,1
b45e1b50-d497-4b91-9b79-5050fd0e6800,151.0,409.0,201.0,206.0,1
b468a5c0-3e86-46d9-84f1-8a0dea47c854,178.0,169.0,245.0,499.0,1
b468a5c0-3e86-46d9-84f1-8a0dea47c854,585.0,257.0,282.0,531.0,1
b46fcbd0-8851-4561-96de-0a820e49f45d,539.0,425.0,255.0,356.0,1
b46fcbd0-8851-4561-96de-0a820e49f45d,202.0,394.0,210.0,337.0,1
b475fe0e-6ef4-4715-a783-c7cc710d4233,,,,,0
b47667ed-c87d-4fa6-924f-4f8383a26417,,,,,0
b478df55-72d7-422b-8588-4bc40575ab77,,,,,0
b480a222-9ff6-445e-a911-e5a4161eff10,124.0,338.0,245.0,266.0,1
b480a222-9ff6-445e-a911-e5a4161eff10,597.0,435.0,227.0,244.0,1
b481fe48-80c2-4a74-9c1a-ad907dd1f7b6,686.0,377.0,251.0,511.0,1
b481fe48-80c2-4a74-9c1a-ad907dd1f7b6,272.0,409.0,186.0,429.0,1
b4823a54-2c30-43e1-9662-bc830404fdcd,,,,,0
b4857f8b-e6af-44da-84d3-ba3608ca7cb2,254.0,392.0,121.0,147.0,1
b489923b-d8be-4e8d-8620-bea0343a2f67,584.0,381.0,163.0,159.0,1
b4ae5b1d-2d5e-422a-9388-36f4645d21c7,163.0,493.0,200.0,167.0,1
b4ae5b1d-2d5e-422a-9388-36f4645d21c7,538.0,475.0,240.0,252.0,1
b4bd9d9f-9dee-47f0-a734-afbfb0e554cf,,,,,0
b4c72207-a7d3-4b02-8ede-1ea64080591c,,,,,0
b4da9839-8720-4068-925f-1f7f2234604a,,,,,0
b4dacd69-4df8-4f5e-bc57-07b15181c1c2,,,,,0
b4ea28a7-6386-4660-b499-af4eb17750e1,166.0,235.0,228.0,258.0,1
b4ea28a7-6386-4660-b499-af4eb17750e1,597.0,533.0,176.0,241.0,1
b4ea28a7-6386-4660-b499-af4eb17750e1,104.0,610.0,261.0,133.0,1
b4f66208-8c31-433c-9f82-72104bc35112,272.0,425.0,124.0,172.0,1
b5017804-ddc0-44fa-8d64-15628c25e031,602.0,452.0,201.0,278.0,1
b5017804-ddc0-44fa-8d64-15628c25e031,221.0,464.0,225.0,241.0,1
b5046b7c-f721-4c19-b3ae-51f095f36fe6,616.0,246.0,248.0,563.0,1
b5046b7c-f721-4c19-b3ae-51f095f36fe6,288.0,332.0,143.0,385.0,1
b50d8c2a-f6aa-407a-9df9-2a52cc027f45,197.0,326.0,231.0,614.0,1
b50d8c2a-f6aa-407a-9df9-2a52cc027f45,653.0,420.0,245.0,523.0,1
b50e2398-73d4-4eda-8e00-c60167487830,,,,,0
b526da79-78c9-476e-8f3f-821a57c900ab,,,,,0
b5272c50-696d-4b11-8d2e-cb1618f1d3cc,552.0,210.0,265.0,649.0,1
b5272c50-696d-4b11-8d2e-cb1618f1d3cc,166.0,104.0,290.0,708.0,1
b532c1b0-2e90-47a9-b00b-6bdbaa317cec,,,,,0
b535b006-e90e-4284-9930-6713cba9a8a8,,,,,0
b5463e1b-58dd-4541-823a-6b29bb1c3ae2,560.0,431.0,245.0,233.0,1
b5463e1b-58dd-4541-823a-6b29bb1c3ae2,193.0,295.0,217.0,400.0,1
b5584268-210f-4a00-84fb-24ab79967921,,,,,0
b55ffbb0-1345-41e9-91be-e9803c438b0a,224.0,575.0,188.0,96.0,1
b565e2e7-cc3d-4fd3-8354-0ad7655f6200,117.0,522.0,211.0,312.0,1
b56cf994-fd52-4c8f-8304-b820f397b954,231.0,215.0,242.0,542.0,1
b56cf994-fd52-4c8f-8304-b820f397b954,611.0,242.0,305.0,574.0,1
b5714c0f-6d0f-4c56-833f-8b83f19e982a,525.0,409.0,248.0,374.0,1
b5714c0f-6d0f-4c56-833f-8b83f19e982a,191.0,612.0,197.0,250.0,1
b588dce0-b8ce-4a96-8b3e-f3f31d229467,,,,,0
b58b5574-d66b-4b28-8ca3-137768b44c84,174.0,545.0,192.0,171.0,1
b58b5574-d66b-4b28-8ca3-137768b44c84,626.0,409.0,234.0,218.0,1
b58e15a4-085f-4d55-91e6-7d219ff570b5,576.0,257.0,216.0,354.0,1
b58e15a4-085f-4d55-91e6-7d219ff570b5,164.0,396.0,193.0,313.0,1
b58fa5f2-5bc2-4ce9-ab9b-cb9c80199fc7,620.0,276.0,184.0,230.0,1
b58fa5f2-5bc2-4ce9-ab9b-cb9c80199fc7,251.0,635.0,191.0,148.0,1
b5926fe2-3848-4f52-86b6-de13de07f9c3,,,,,0
b59eae01-429d-4dad-b5b8-64f10dc648dd,,,,,0
b5a22c51-47f2-4091-af34-ea9b59b298fe,176.0,263.0,214.0,468.0,1
b5a22c51-47f2-4091-af34-ea9b59b298fe,519.0,225.0,201.0,557.0,1
b5a5a9a8-9fe4-4eff-8ebb-9da7b9cb014d,568.0,85.0,193.0,212.0,1
b5b76ad2-a31e-4590-88bf-a71507e3df5e,,,,,0
b5ba706b-f5f7-45be-ab33-e955db947121,,,,,0
b5c2a839-4abe-4dd6-91af-f91948e4c470,,,,,0
b5ccb5ba-0bff-425d-aeb8-f72f6d9dc283,,,,,0
b5d4e417-034f-4c3c-9a92-b365842f7290,,,,,0
b5e791d6-3bff-4e4d-a912-3e41cb23d417,,,,,0
b5ea0a2e-1122-4183-931c-8027caf1eb8d,119.0,104.0,247.0,591.0,1
b5ea0a2e-1122-4183-931c-8027caf1eb8d,487.0,232.0,206.0,636.0,1
b5efdc67-97a4-413f-b62a-7d3edb9de1a1,328.0,537.0,189.0,122.0,1
b5f01025-fe74-4d81-b38f-44f6e64e7741,,,,,0
b602ef86-f1c6-456e-afab-5ec2839be879,600.0,183.0,258.0,511.0,1
b602ef86-f1c6-456e-afab-5ec2839be879,239.0,169.0,272.0,486.0,1
b607b534-48a2-445d-8579-29ef85752d16,,,,,0
b60b8b4f-2130-42a6-b476-d9e1d80e3ad8,610.0,332.0,222.0,340.0,1
b60b8b4f-2130-42a6-b476-d9e1d80e3ad8,237.0,262.0,236.0,366.0,1
b6138fc8-c652-4b7f-978d-895d10b0a0ea,319.0,504.0,116.0,165.0,1
b6158255-d002-48a7-a283-af4ad2d8874a,219.0,566.0,176.0,159.0,1
b6158255-d002-48a7-a283-af4ad2d8874a,681.0,626.0,228.0,216.0,1
b617818a-6a54-4dbd-997f-26723bb46634,605.0,203.0,271.0,716.0,1
b619e5ac-ed95-4a4a-990b-f67bdfa40b3d,,,,,0
b61d9cc8-6726-44a7-8897-c6c5c7c3ad5e,195.0,421.0,256.0,341.0,1
b61d9cc8-6726-44a7-8897-c6c5c7c3ad5e,549.0,384.0,288.0,305.0,1
b6224e20-43d0-48ff-b33e-34e18ef36d64,,,,,0
b625110c-330c-47f9-aa5a-31adaad56151,544.0,192.0,184.0,363.0,1
b62671fb-a758-401b-8c5f-c2b53dfdbd69,,,,,0
b6271674-f13d-4087-ae03-d6ae35381dfc,274.0,463.0,148.0,196.0,1
b6276787-bf66-4151-9f7a-b3d7fdf5ae30,636.0,260.0,262.0,205.0,1
b6276787-bf66-4151-9f7a-b3d7fdf5ae30,95.0,303.0,258.0,178.0,1
b6295556-d3c2-4ec6-b0da-fb72a758bf14,,,,,0
b630e58a-f0af-4a41-8996-c3c810de841a,,,,,0
b6468969-2e9b-4a36-aaa0-2c77b205105e,339.0,257.0,162.0,444.0,1
b6468969-2e9b-4a36-aaa0-2c77b205105e,664.0,476.0,222.0,280.0,1
b650c752-cf31-441e-b611-6fbd80fee0e9,,,,,0
b652cdf0-6686-4ca4-9ae4-54bc846b4ecc,,,,,0
b65d0b26-25c6-4d63-b070-518f366f95e8,,,,,0
b6628d2e-e8dc-427e-bcb4-a19cf31b9ec7,592.0,208.0,237.0,421.0,1
b6628d2e-e8dc-427e-bcb4-a19cf31b9ec7,185.0,251.0,234.0,619.0,1
b6690f38-62b7-4435-bb46-f99a7f3e6e8b,,,,,0
b67345a4-9c06-46c0-b0a0-303cee1cc19c,246.0,187.0,240.0,578.0,1
b67345a4-9c06-46c0-b0a0-303cee1cc19c,686.0,445.0,292.0,399.0,1
b68055e9-64be-476d-9cf8-e06a8cb10a7d,169.0,206.0,295.0,695.0,1
b68055e9-64be-476d-9cf8-e06a8cb10a7d,601.0,210.0,369.0,658.0,1
b6962866-8206-446b-92d9-a028283c2e07,297.0,557.0,197.0,239.0,1
b6962866-8206-446b-92d9-a028283c2e07,646.0,617.0,196.0,253.0,1
b6ca7798-2841-4889-b4c1-61a89eb006d6,,,,,0
b6cb8151-4575-461c-a342-335d9c413359,285.0,478.0,182.0,274.0,1
b6d61fae-fa1f-4328-b065-033ee168cd98,210.0,555.0,217.0,177.0,1
b6d61fae-fa1f-4328-b065-033ee168cd98,646.0,417.0,174.0,235.0,1
b6d8eed8-d9ad-4a54-84a3-674f78b8227e,,,,,0
b6ebfc38-240b-4fac-ad09-ab378414fb55,237.0,639.0,263.0,197.0,1
b6ebfc38-240b-4fac-ad09-ab378414fb55,665.0,631.0,217.0,154.0,1
b6ec4cf8-03e9-40c7-b4de-3a123ab75a03,,,,,0
b6f02ca4-bbfe-4728-a2a3-74ec9c55b281,581.0,369.0,271.0,516.0,1
b6f02ca4-bbfe-4728-a2a3-74ec9c55b281,215.0,365.0,282.0,462.0,1
b6fd85af-1619-498c-b118-4c1191dad257,200.0,203.0,230.0,591.0,1
b6fd85af-1619-498c-b118-4c1191dad257,585.0,211.0,132.0,202.0,1
b702989f-4c3d-4018-8030-afedea03322c,,,,,0
b7136f3f-41da-4b16-b7c3-4b929d81e6a5,208.0,355.0,203.0,430.0,1
b71f4358-f597-4193-a80c-ce223f708bf1,,,,,0
b724406f-51b8-4134-a9eb-2185696cbbfb,249.0,295.0,227.0,323.0,1
b724406f-51b8-4134-a9eb-2185696cbbfb,639.0,373.0,245.0,403.0,1
b72902be-6ca3-4ac1-abf3-f9da96e52e61,227.0,474.0,185.0,169.0,1
b72afa3e-644b-479a-845d-14fe8351cdb0,569.0,290.0,310.0,685.0,1
b72afa3e-644b-479a-845d-14fe8351cdb0,159.0,279.0,255.0,611.0,1
b72d2f85-76a5-4acf-b5aa-12ec1c3b0bff,,,,,0
b737e772-8e7e-4ae6-bf76-955000a2c3ae,,,,,0
b73af135-9b6b-4bb3-bfd5-b9439674003b,,,,,0
b73ed36a-96ce-4124-b9cd-a74d883e9bfd,143.0,170.0,245.0,445.0,1
b73ed36a-96ce-4124-b9cd-a74d883e9bfd,538.0,227.0,222.0,231.0,1
b74b18d9-bb91-4430-91a9-35e2fd612780,,,,,0
b74fc666-d2ff-48a6-a5e3-b42430af6bf2,,,,,0
b750080e-5e58-4c49-94dc-8db8d20d4489,157.0,501.0,210.0,256.0,1
b75c6c0c-b9da-4d7d-a968-c1fb92ee5327,485.0,348.0,210.0,386.0,1
b75c6c0c-b9da-4d7d-a968-c1fb92ee5327,88.0,325.0,241.0,413.0,1
b75d9cd8-57a3-4485-95b7-3521605481dc,,,,,0
b7637d3c-fa05-45c1-816a-1bbb95f07af1,,,,,0
b76728e6-f44b-40bf-8688-e703d10d2039,,,,,0
b769cfe3-12b8-4e18-ad65-63fe6c5fcba4,,,,,0
b76dd4b8-7b51-4cb6-8fd7-0b7365ef3e1e,,,,,0
b76f18a2-e551-41a5-bf21-cff314aeecbf,,,,,0
b77669dd-8554-4531-9903-9719747fdb63,127.0,344.0,240.0,638.0,1
b77669dd-8554-4531-9903-9719747fdb63,498.0,330.0,304.0,658.0,1
b783741d-64ad-431c-82b7-ba1dab31c043,,,,,0
b78db1b3-7cae-4225-9f6c-fe8abef98f0d,,,,,0
b78f2713-e211-408e-a810-e0568fc0f0a0,626.0,453.0,205.0,123.0,1
b78f2713-e211-408e-a810-e0568fc0f0a0,272.0,369.0,184.0,326.0,1
b79c08ae-0951-4632-94ef-5e1153cfb489,,,,,0
b7b0bdad-ee4b-4381-af19-501eecb6e847,,,,,0
b7b1abfd-c7e8-4404-aeed-b3a3b489443f,205.0,579.0,234.0,205.0,1
b7b1abfd-c7e8-4404-aeed-b3a3b489443f,685.0,618.0,222.0,250.0,1
b7bceabb-c524-4af2-b014-27dc7df6194d,,,,,0
b7bda9f8-36fa-49a1-83e2-52889114a465,,,,,0
b7d43469-6312-4261-961d-e2014d6e7dd7,,,,,0
b7de17b0-c8a4-4d97-bc40-a13387bea4ef,266.0,594.0,163.0,187.0,1
b7de17b0-c8a4-4d97-bc40-a13387bea4ef,675.0,674.0,200.0,177.0,1
b7e6c8a5-c115-4a0a-9838-e74604a685b1,669.0,242.0,219.0,658.0,1
b7e6c8a5-c115-4a0a-9838-e74604a685b1,336.0,287.0,184.0,516.0,1
b7ee39b2-b083-40f8-b75b-1597ebda0c68,,,,,0
b7f5ecee-6ab8-4dab-a4b7-fefee43cd079,96.0,551.0,286.0,219.0,1
b7f5ecee-6ab8-4dab-a4b7-fefee43cd079,656.0,576.0,182.0,260.0,1
b7fe2048-abe7-4f69-b82a-ed93c354a8aa,202.0,268.0,295.0,556.0,1
b7fe2048-abe7-4f69-b82a-ed93c354a8aa,607.0,259.0,328.0,541.0,1
b804f8cc-64b3-4a06-8929-7f12138fc625,112.0,235.0,250.0,523.0,1
b804f8cc-64b3-4a06-8929-7f12138fc625,490.0,248.0,235.0,534.0,1
b827ba3b-f514-48c8-a317-b84adc9e0b31,,,,,0
b82b06e3-bebf-4d9e-a0d9-8f11856049cc,,,,,0
b82b0903-6b09-4a6e-96be-d2827ce7f452,,,,,0
b82ca47e-0053-4a1a-9692-1d3a58f52bb3,,,,,0
b8397df9-1bd5-4961-b756-978ff4aed6cf,217.0,504.0,170.0,273.0,1
b839c760-a39d-4d15-8c87-ab2ea5f572c6,657.0,383.0,161.0,183.0,1
b839c760-a39d-4d15-8c87-ab2ea5f572c6,129.0,521.0,215.0,233.0,1
b84112a1-ffcd-4897-baa1-652f4e460287,232.0,325.0,211.0,419.0,1
b84112a1-ffcd-4897-baa1-652f4e460287,577.0,310.0,220.0,492.0,1
b8457218-2bce-4aff-9a16-0a1c1ff1976a,,,,,0
b848084c-ca9f-48b7-865b-3a1761fd9775,,,,,0
b84b2a5f-122b-423c-9556-08bdf7f179c3,,,,,0
b84cd9ad-7357-47f3-910e-626667c183e5,532.0,210.0,143.0,366.0,1
b84cd9ad-7357-47f3-910e-626667c183e5,143.0,218.0,194.0,460.0,1
b852bc3c-0de5-4448-aff8-f96b2cc13d51,146.0,282.0,205.0,401.0,1
b852bc3c-0de5-4448-aff8-f96b2cc13d51,506.0,294.0,233.0,458.0,1
b85a43e6-8850-4518-b02c-65e4bdda87e6,,,,,0
b86479a1-e997-4026-acfc-2d467291eb50,226.0,565.0,230.0,258.0,1
b877bb8d-e274-483d-9586-397dc8897d45,,,,,0
b87a9ec5-6c95-42ac-82d8-af66a712ff60,263.0,569.0,164.0,130.0,1
b8807467-eee2-4442-bcfd-8808f7f5b9a3,,,,,0
b8834ea6-34ea-496a-80f0-7d0d89e9a2a4,,,,,0
b88918d9-41ef-4a44-b7f6-0540b84e1038,,,,,0
b88b4cb9-02d7-40d6-8705-0faf717e0a5f,,,,,0
b892d98e-84ae-4ca8-9996-fc0006cf0d2f,246.0,406.0,191.0,212.0,1
b8999532-31ea-4659-9039-d83a6fab490c,269.0,143.0,200.0,465.0,1
b8999532-31ea-4659-9039-d83a6fab490c,651.0,584.0,180.0,217.0,1
b89ae0ff-5e01-482f-9c6d-6468d734ef02,153.0,550.0,195.0,195.0,1
b89ae0ff-5e01-482f-9c6d-6468d734ef02,554.0,551.0,220.0,246.0,1
b89bd111-9093-46cd-a75c-c58c58b80824,,,,,0
b8a18a7b-502a-487a-98aa-0edd1c1126cb,724.0,660.0,195.0,163.0,1
b8a633b3-b2fa-4e17-be54-faf0aba4c903,157.0,529.0,256.0,274.0,1
b8b45d03-8161-4537-b5c5-a8f26299101c,,,,,0
b8c16a00-9fe8-412a-8a3b-972fc615eeda,172.0,279.0,216.0,575.0,1
b8c16a00-9fe8-412a-8a3b-972fc615eeda,536.0,335.0,213.0,584.0,1
b8d1d66f-97a3-4474-93d5-d7cc3c833081,,,,,0
b8d1e054-382a-42df-b371-596ea8886162,290.0,478.0,178.0,278.0,1
b8d1e054-382a-42df-b371-596ea8886162,630.0,449.0,172.0,317.0,1
b8d6b40d-2a3d-475f-88d3-03560f645223,176.0,126.0,255.0,460.0,1
b8d6b40d-2a3d-475f-88d3-03560f645223,593.0,162.0,221.0,448.0,1
b8db9c09-e681-4737-9ad8-e92ad618a5ca,180.0,225.0,285.0,374.0,1
b8db9c09-e681-4737-9ad8-e92ad618a5ca,568.0,182.0,287.0,471.0,1
b8e4e029-ac28-473c-93ad-64a5e94b97e5,,,,,0
b8f18ef1-9d70-48a2-abd0-1944aaee8efc,192.0,487.0,226.0,246.0,1
b8f18ef1-9d70-48a2-abd0-1944aaee8efc,607.0,418.0,241.0,203.0,1
b8fd583c-2159-494a-bed3-88a3c0370efa,667.0,497.0,145.0,225.0,1
b900d3e4-787b-44b3-9754-88f93db99c27,198.0,348.0,230.0,444.0,1
b900d3e4-787b-44b3-9754-88f93db99c27,563.0,333.0,264.0,491.0,1
b90528c4-72d0-4e42-9873-6a3bae2edd51,,,,,0
b91c5ce3-ca11-4e93-9e0f-bf1becf36b74,616.0,358.0,280.0,423.0,1
b91c5ce3-ca11-4e93-9e0f-bf1becf36b74,169.0,271.0,280.0,480.0,1
b9250558-2525-459d-894d-65355b4cf432,695.0,500.0,186.0,421.0,1
b9250558-2525-459d-894d-65355b4cf432,249.0,508.0,213.0,326.0,1
b9251876-de66-4c09-9680-7d17d681bf3e,,,,,0
b939ebe7-a1d4-47b1-b52f-2a8dce3e82a3,,,,,0
b93d42c3-bc14-4095-ace7-a1c675cc77b8,,,,,0
b94ef581-b098-4fa2-909f-96f22d6fd446,,,,,0
b952a239-6b35-4d06-981b-4361d4bb8a9f,165.0,532.0,274.0,170.0,1
b952a239-6b35-4d06-981b-4361d4bb8a9f,605.0,210.0,217.0,296.0,1
b9533502-8a65-4951-a4e4-2448a56057c9,162.0,600.0,176.0,152.0,1
b9597e03-5069-42d8-b9f4-24d30086c5ab,571.0,217.0,352.0,672.0,1
b9597e03-5069-42d8-b9f4-24d30086c5ab,172.0,669.0,290.0,267.0,1
b95ddea5-0c01-4b30-817a-e3daa23c723a,652.0,546.0,76.0,72.0,1
b95ddea5-0c01-4b30-817a-e3daa23c723a,253.0,148.0,183.0,201.0,1
b95ddea5-0c01-4b30-817a-e3daa23c723a,583.0,158.0,161.0,243.0,1
b960ada0-7202-4e29-b413-879218512d54,,,,,0
b9683119-5341-4b9a-b423-9c7960446840,287.0,574.0,110.0,93.0,1
b9683119-5341-4b9a-b423-9c7960446840,604.0,492.0,160.0,146.0,1
b9689b98-97cd-4ffb-8c25-4d3b686f62f1,548.0,414.0,202.0,219.0,1
b9689b98-97cd-4ffb-8c25-4d3b686f62f1,273.0,365.0,163.0,235.0,1
b97e1021-d9fc-41f6-86e4-4a673babf442,,,,,0
b97e765e-a0c1-4f91-b62f-07df0bae33a7,278.0,323.0,222.0,209.0,1
b98ba929-fada-4ec9-bd10-1c0be267ee4d,625.0,278.0,166.0,437.0,1
b99ae612-3a2b-4575-a6cd-b00c2e27c56a,639.0,432.0,183.0,257.0,1
b99ae612-3a2b-4575-a6cd-b00c2e27c56a,339.0,378.0,157.0,236.0,1
b99b5a9a-d2cc-4e46-a419-cc7f1006dedd,248.0,395.0,204.0,230.0,1
b9a014f0-6ab0-449a-be4d-1911473dde10,147.0,315.0,218.0,276.0,1
b9a014f0-6ab0-449a-be4d-1911473dde10,540.0,211.0,177.0,558.0,1
b9a3543a-bf0e-47f1-88e2-a04dd1d04e4e,,,,,0
b9a77d83-e154-47a8-8191-bb6ae5842eae,,,,,0
b9accc72-3980-4f50-9a16-0a26ca6285ad,169.0,161.0,239.0,545.0,1
b9accc72-3980-4f50-9a16-0a26ca6285ad,519.0,155.0,242.0,300.0,1
b9b7f127-2285-4ab3-b2c5-e5c943527494,246.0,360.0,204.0,211.0,1
b9b9e757-28a7-47d1-98bd-0a81e4c0b1fc,,,,,0
b9c412cd-9953-427b-97fc-e97cfbd1b465,252.0,127.0,183.0,442.0,1
b9c412cd-9953-427b-97fc-e97cfbd1b465,623.0,106.0,246.0,552.0,1
b9c687bf-4fa5-447c-b526-24ea3ce3d6e2,653.0,191.0,290.0,695.0,1
b9c687bf-4fa5-447c-b526-24ea3ce3d6e2,319.0,223.0,237.0,661.0,1
b9c99ffa-21b9-4f54-8312-f3952ec4afdc,,,,,0
b9cda0fc-41b4-4d18-adeb-c4c4cd9212ee,,,,,0
b9ce332b-03b9-4297-9ab3-3cbafbb4ec0a,186.0,459.0,241.0,262.0,1
b9ce332b-03b9-4297-9ab3-3cbafbb4ec0a,664.0,428.0,220.0,373.0,1
b9dcc826-e6e7-4dda-8e33-8435d0baf7d5,,,,,0
b9de5953-04f1-4b45-b601-b2408b36fffa,152.0,215.0,224.0,380.0,1
b9de5953-04f1-4b45-b601-b2408b36fffa,484.0,261.0,229.0,398.0,1
b9e5b5ab-0f77-418d-bd5b-ecce5da142e8,,,,,0
b9e7ae4f-33bb-4a8b-91f8-227ccc992a7e,,,,,0
b9e89b84-5cb2-4005-b654-a3e13c544923,501.0,417.0,237.0,260.0,1
b9e89b84-5cb2-4005-b654-a3e13c544923,151.0,290.0,219.0,350.0,1
b9f872dc-acb6-4fe1-a5fc-03906ddfee66,,,,,0
ba0354d6-bf41-4e15-bade-9874cf47a9f5,,,,,0
ba07f107-5f57-4c63-8d82-e19b30e3e72d,586.0,373.0,173.0,430.0,1
ba07f107-5f57-4c63-8d82-e19b30e3e72d,195.0,360.0,225.0,348.0,1
ba083f79-b065-432d-b2b6-95850c35e9f0,,,,,0
ba0b5a1e-ccc8-4262-9d1a-c37fdfdb0733,,,,,0
ba0b9822-06eb-4db0-bf37-20d894589ef7,506.0,105.0,245.0,607.0,1
ba0b9822-06eb-4db0-bf37-20d894589ef7,50.0,59.0,334.0,504.0,1
ba1649bf-15b7-46ba-b841-7aeb71f9e4c6,596.0,416.0,293.0,315.0,1
ba1649bf-15b7-46ba-b841-7aeb71f9e4c6,314.0,535.0,176.0,216.0,1
ba18ab80-91fc-4c9b-9ec9-e59c0229f49b,577.0,291.0,114.0,229.0,1
ba1e3912-82c7-4e15-9c46-46fbf780b2d9,185.0,380.0,243.0,154.0,1
ba1e3912-82c7-4e15-9c46-46fbf780b2d9,610.0,403.0,232.0,148.0,1
ba20672e-46eb-44d7-8bd5-e67cb32af3c5,,,,,0
ba221090-4382-4ccf-afc2-cda9af445aa5,237.0,26.0,188.0,250.0,1
ba2a7072-eae8-4e2b-9afe-71e94b09e13d,,,,,0
ba2d4acc-03d3-4cc9-92f2-2f9a1bb21adb,,,,,0
ba30f407-5639-46f3-9c02-235566daed1c,536.0,332.0,216.0,608.0,1
ba30f407-5639-46f3-9c02-235566daed1c,170.0,208.0,277.0,673.0,1
ba38bcd7-f0bd-4ebf-9f5e-c63c8cb612c6,232.0,477.0,219.0,338.0,1
ba452891-fb43-48bf-9019-855556b48f91,259.0,184.0,211.0,352.0,1
ba452891-fb43-48bf-9019-855556b48f91,604.0,143.0,243.0,304.0,1
ba4caa58-8efa-4835-b9b2-15887cf94461,,,,,0
ba54e255-4d76-4f33-ab14-cbe9ac42c5a5,658.0,469.0,199.0,189.0,1
ba54e255-4d76-4f33-ab14-cbe9ac42c5a5,347.0,241.0,182.0,474.0,1
ba560799-4c34-456a-8968-1e4a0cc98c46,,,,,0
ba5c9439-e386-4cea-90bf-643272f3b822,58.0,225.0,331.0,555.0,1
ba5c9439-e386-4cea-90bf-643272f3b822,557.0,257.0,278.0,618.0,1
ba6d7b39-f439-455a-878c-f04c5987d668,536.0,325.0,303.0,628.0,1
ba6d7b39-f439-455a-878c-f04c5987d668,126.0,449.0,241.0,466.0,1
ba6dbb79-14a5-442e-bcee-be7d02211e6c,,,,,0
ba8319df-f8e3-45cc-95a5-68f9d0624bf5,395.0,491.0,162.0,246.0,1
ba8319df-f8e3-45cc-95a5-68f9d0624bf5,656.0,503.0,198.0,273.0,1
ba850c54-6bfc-4cd9-aa21-cca9c02f8b0f,,,,,0
ba8516cc-aa1b-4f6c-ac7a-e34c5b2cda39,,,,,0
ba87678d-df8e-42eb-9a2b-3f8a6b34722a,528.0,686.0,205.0,277.0,1
ba87678d-df8e-42eb-9a2b-3f8a6b34722a,44.0,617.0,266.0,241.0,1
ba88ad31-a61b-4f5c-83b7-3a22a509c131,,,,,0
ba8f8cb0-5aed-4242-b117-8516f4c7b51b,,,,,0
ba9148d0-12d5-4333-9b5f-bb32c687ed66,242.0,84.0,205.0,495.0,1
ba9148d0-12d5-4333-9b5f-bb32c687ed66,584.0,89.0,229.0,488.0,1
ba95191c-8de1-42ae-a0eb-806cffb757f1,,,,,0
ba96b275-67c3-442d-9c81-d5cf38d5c1e7,,,,,0
ba97fffe-d6c0-4cf6-9672-ceb41b709bc4,,,,,0
ba99dd86-de1a-4bd6-a16e-b6a98e558507,,,,,0
baa67837-17fb-410e-bec6-973e8739e656,,,,,0
bab8b192-29be-46de-867c-64c2c0c66b7c,,,,,0
baba9706-b1fd-4cc6-a271-35694efea9ec,,,,,0
babca8f8-0223-4314-806a-7b7417eac9fc,,,,,0
babdbcc1-8748-482f-b646-8034334fec25,,,,,0
bac5d49a-c506-4db8-b9e6-e3bec2f8abdd,511.0,188.0,287.0,499.0,1
bac5d49a-c506-4db8-b9e6-e3bec2f8abdd,92.0,523.0,266.0,265.0,1
bacb9e6d-ad87-4841-99e0-685aa0249bbe,260.0,383.0,207.0,230.0,1
bacb9e6d-ad87-4841-99e0-685aa0249bbe,628.0,297.0,234.0,289.0,1
bace143d-57f3-4514-8fc2-a69a9e7e11e0,,,,,0
bad052e9-4ac1-4412-87cb-5cb92b55027b,559.0,411.0,286.0,194.0,1
bad27761-8acc-42a4-b2a0-e66a1b4d855c,,,,,0
badba1fe-003c-4792-817f-ef8bfc22c27d,,,,,0
badc0335-1212-4fb3-8417-a63a9df523c3,,,,,0
bade0f31-c385-4f3f-b16f-bdcc83b2c687,,,,,0
baf2ce5d-4e43-47b7-88d0-4dd0948cea84,,,,,0
baf8fe18-a7ca-4e9c-b3dc-5c80d474545b,624.0,368.0,262.0,222.0,1
bb012055-eccb-49e3-a909-92888d036f15,,,,,0
bb0d0d08-491f-4e4d-8148-9a427a7c96d2,,,,,0
bb0e4a7c-5f47-4c43-892c-2ab317601edf,298.0,378.0,162.0,245.0,1
bb1017d9-2ae2-4eab-b696-09ad0e109bb6,,,,,0
bb1715b5-51ff-487d-ba71-669de8e74652,129.0,466.0,291.0,169.0,1
bb1a546d-12e6-41e8-b602-768a0e499569,200.0,305.0,194.0,248.0,1
bb1a546d-12e6-41e8-b602-768a0e499569,569.0,370.0,199.0,159.0,1
bb20b32f-809f-494c-926e-ddad4436f5c2,,,,,0
bb24d7e7-19dd-456a-aea8-fd04208db4be,561.0,522.0,300.0,192.0,1
bb24d7e7-19dd-456a-aea8-fd04208db4be,154.0,461.0,247.0,279.0,1
bb272e4b-417c-457b-8a33-7c8b2278fdcc,,,,,0
bb2b1f50-cfac-4a69-896c-3033513b241c,,,,,0
bb38452e-c1ea-4a6c-b46a-a4e7c5a9ca4b,,,,,0
bb3857ed-9f85-4afc-96ee-c8b6b637490c,94.0,369.0,244.0,237.0,1
bb3857ed-9f85-4afc-96ee-c8b6b637490c,568.0,202.0,302.0,490.0,1
bb41d628-5873-469a-9850-574fca494f29,,,,,0
bb49948a-600f-4db4-8ac1-3a5f0bea21db,,,,,0
bb502e72-7003-4cf7-ab16-a087fc9fb36c,,,,,0
bb54e10c-1397-4913-ab11-7a8484e6b959,631.0,193.0,211.0,572.0,1
bb54e10c-1397-4913-ab11-7a8484e6b959,346.0,278.0,169.0,370.0,1
bb65756f-f78d-412a-b5e6-c7fe81c9eb4b,548.0,489.0,246.0,174.0,1
bb6697ee-46a6-47ee-8ed5-5ba295327702,602.0,328.0,213.0,226.0,1
bb6697ee-46a6-47ee-8ed5-5ba295327702,320.0,470.0,146.0,160.0,1
bb6cbc52-ec52-4086-80d4-976d78842d77,,,,,0
bb6e3490-e500-4174-9884-a98bbb945e2c,,,,,0
bb7973b1-58b1-4e2e-b687-144e179f0996,666.0,364.0,225.0,302.0,1
bb7973b1-58b1-4e2e-b687-144e179f0996,326.0,470.0,135.0,331.0,1
bb7a3a54-44b3-48b3-8856-cfbf9dcc1f75,,,,,0
bb7dca62-6180-4e52-81b6-8a9e09a4bfae,253.0,174.0,287.0,461.0,1
bb7dca62-6180-4e52-81b6-8a9e09a4bfae,631.0,143.0,281.0,449.0,1
bb7fe7af-321c-4ad5-86d3-40e792351275,,,,,0
bb91c165-aa67-40b5-ac57-ad8458036952,,,,,0
bb9b14e9-2345-404d-a310-1cb5b2ac80ca,720.0,155.0,271.0,494.0,1
bb9b14e9-2345-404d-a310-1cb5b2ac80ca,271.0,208.0,215.0,505.0,1
bbb976c3-6610-4fb3-a82b-fea4f233705f,,,,,0
bbc1e8bf-b669-4629-9344-cf21dc40c972,,,,,0
bbc47396-83d9-44d3-a748-00dd5bde92bb,,,,,0
bbcadd23-1ce5-487d-80c5-f9a687630951,,,,,0
bbd7abfe-8b9c-46aa-ab4b-8ff854615770,256.0,289.0,217.0,238.0,1
bbd7abfe-8b9c-46aa-ab4b-8ff854615770,630.0,148.0,188.0,452.0,1
bbdd8674-c782-4ac8-a20d-4baef4afa895,302.0,481.0,228.0,326.0,1
bbdd8674-c782-4ac8-a20d-4baef4afa895,667.0,265.0,234.0,585.0,1
bbdf6d54-a58a-40f7-b7fa-8f3eaf22e414,114.0,251.0,310.0,249.0,1
bbe656f0-f2a0-45cd-8e5e-c6031d36cc1e,163.0,399.0,211.0,152.0,1
bc00e781-40c5-43fc-8eab-ce02aa9cde99,,,,,0
bc03198b-57f4-47b5-8808-114fd5cb9808,627.0,498.0,324.0,239.0,1
bc03198b-57f4-47b5-8808-114fd5cb9808,187.0,503.0,313.0,202.0,1
bc054c4c-280f-4e1d-9b93-9563cd368aae,544.0,115.0,253.0,537.0,1
bc054c4c-280f-4e1d-9b93-9563cd368aae,187.0,92.0,219.0,449.0,1
bc07e6ce-c698-4e25-8392-81959eb36d50,,,,,0
bc0f83be-459b-41e5-a720-c2d3241ab395,231.0,269.0,304.0,693.0,1
bc0f83be-459b-41e5-a720-c2d3241ab395,675.0,371.0,308.0,638.0,1
bc13ca24-abf3-465c-bcb8-b403906cbe1a,,,,,0
bc15c129-4d16-4190-83dc-a775dd982bd0,,,,,0
bc1a6b13-b858-4900-bba3-03ac87e2257f,,,,,0
bc1c9e32-2815-477d-8dcd-6352dec8749d,188.0,196.0,227.0,583.0,1
bc1c9e32-2815-477d-8dcd-6352dec8749d,576.0,342.0,219.0,461.0,1
bc2397d1-00a2-4be9-87ae-1beedefb0329,,,,,0
bc2a8121-cccd-47d8-8289-2dbfacf6b94f,200.0,378.0,203.0,154.0,1
bc376e0b-3c4f-414c-b2e7-1a085e87976a,191.0,282.0,219.0,503.0,1
bc3d8c7d-fee7-4138-a182-9773c157b1d5,,,,,0
bc41e91e-506d-4ff9-8dba-3fd085f38491,262.0,303.0,288.0,557.0,1
bc41e91e-506d-4ff9-8dba-3fd085f38491,707.0,278.0,269.0,582.0,1
bc422dd3-596e-40e6-93b5-0f08fc6fa720,,,,,0
bc43c9bb-f3dd-4312-b55e-eb84882b7155,,,,,0
bc43dbd7-03e5-450d-aa3c-d0efed12a8f9,633.0,646.0,228.0,204.0,1
bc45556d-61f2-43c6-b886-21bdc59542e7,224.0,470.0,225.0,278.0,1
bc45556d-61f2-43c6-b886-21bdc59542e7,572.0,399.0,201.0,233.0,1
bc4ec257-ecf8-469b-9750-c5bd190f6987,290.0,298.0,201.0,307.0,1
bc4ec257-ecf8-469b-9750-c5bd190f6987,603.0,222.0,239.0,270.0,1
bc4fb949-f968-4360-a856-2b506e6bf2e3,199.0,592.0,250.0,116.0,1
bc50a164-53f1-4e3d-9949-09133238944e,,,,,0
bc5260f2-1f64-4b80-8384-f836324c67e9,,,,,0
bc52caa9-dd7a-4afb-bd3b-e66666ee0f12,,,,,0
bc5360ed-0247-47b8-93a0-c34ebbf936bb,518.0,499.0,235.0,240.0,1
bc5360ed-0247-47b8-93a0-c34ebbf936bb,169.0,239.0,123.0,152.0,1
bc5360ed-0247-47b8-93a0-c34ebbf936bb,211.0,480.0,173.0,200.0,1
bc54c1d6-8a51-4bae-adaf-d2b7ec7c4323,219.0,279.0,236.0,591.0,1
bc54c1d6-8a51-4bae-adaf-d2b7ec7c4323,565.0,277.0,279.0,678.0,1
bc5b060f-45ae-4a00-aea9-1e7e386daf82,,,,,0
bc6006f5-fed8-45a3-b507-fb04eb4ec2f3,,,,,0
bc60a393-9f5b-4a49-8e93-9d5346f61f5c,,,,,0
bc6a8cf6-bc9a-4be0-b3bb-4e5256d91040,,,,,0
bc6fabda-883f-4275-929c-ff91115941e3,,,,,0
bc7b5348-574e-49a2-a20a-719d942a9c31,204.0,139.0,212.0,434.0,1
bc83e722-804e-498f-9efb-7bc329a1327f,,,,,0
bc84827e-f1af-43c8-a787-961139eb9940,196.0,465.0,223.0,139.0,1
bc8619aa-4d19-43d1-87a1-31b6f49a9942,605.0,154.0,184.0,464.0,1
bc8619aa-4d19-43d1-87a1-31b6f49a9942,64.0,373.0,282.0,233.0,1
bc88fe07-10a9-4032-9a0b-21f57f10d555,205.0,702.0,227.0,226.0,1
bc88fe07-10a9-4032-9a0b-21f57f10d555,589.0,787.0,270.0,226.0,1
bc91bcb0-a7b6-4dd0-8098-ffd354264ea0,,,,,0
bc98469e-b765-4013-b865-17da64fb0c9c,,,,,0
bc9bd81f-13cb-4fb1-acb8-2f79d4d58954,596.0,428.0,267.0,220.0,1
bc9bd81f-13cb-4fb1-acb8-2f79d4d58954,157.0,403.0,230.0,200.0,1
bca2c151-2431-4595-80c7-75480a196c6e,328.0,415.0,129.0,226.0,1
bca2cc4f-0482-4a86-9bee-2ed85b8dbd75,264.0,445.0,211.0,182.0,1
bca2cc4f-0482-4a86-9bee-2ed85b8dbd75,629.0,398.0,227.0,296.0,1
bca6d69c-5695-4660-bcc2-2e5f4e479135,725.0,458.0,179.0,165.0,1
bcaa09e2-c80d-40b6-b3e7-73edd34cf994,570.0,218.0,248.0,495.0,1
bcaa09e2-c80d-40b6-b3e7-73edd34cf994,262.0,360.0,167.0,375.0,1
bcaa0edc-16d6-44b7-b548-91ddf6ed5cec,250.0,119.0,202.0,573.0,1
bcaa0edc-16d6-44b7-b548-91ddf6ed5cec,599.0,178.0,202.0,591.0,1
bcbb2132-0a68-4baa-b264-9c9e6567e35b,550.0,167.0,300.0,847.0,1
bcbcf3f5-244b-4979-9405-9cfe410b37a7,185.0,541.0,178.0,159.0,1
bcbcf3f5-244b-4979-9405-9cfe410b37a7,585.0,562.0,222.0,175.0,1
bcc8a986-05aa-4caf-b556-20a83daad924,,,,,0
bccfca36-e582-4add-b1fa-3de21834d134,,,,,0
bcda188a-9594-4ce0-8802-dfc2640dce25,,,,,0
bcefcafe-1ce7-4bd0-b6c7-a968630f2d9b,,,,,0
bd04fa63-5ecd-42da-bf2f-6214896bfc3e,,,,,0
bd20e44c-abe6-48ac-afc7-e5cd95aa9441,,,,,0
bd25f8f0-311f-4373-af5f-25ad7e140344,307.0,381.0,161.0,295.0,1
bd25f8f0-311f-4373-af5f-25ad7e140344,644.0,356.0,219.0,310.0,1
bd2f14f1-1aac-428a-a08b-23257a5a361c,,,,,0
bd319ae5-2b35-4353-a82b-fa46563bff2e,,,,,0
bd3c6f87-6678-4189-9462-75cb2d31ce50,,,,,0
bd481142-efa3-4fc6-8bfb-5dbd7c62eaa4,,,,,0
bd4dffe6-898d-4d23-b5a1-8efd7d2d5a19,,,,,0
bd526a1c-f6c6-4252-8548-a28417478e49,,,,,0
bd6e1c5f-cd5d-403d-a09e-271283187b35,,,,,0
bd73138b-5909-47be-bfd7-ae53e4a3c765,,,,,0
bd88f2af-7d9f-44a8-8004-ea76250dc9b2,624.0,126.0,252.0,515.0,1
bd88f2af-7d9f-44a8-8004-ea76250dc9b2,301.0,84.0,252.0,614.0,1
bd8979dd-67d7-4133-af7f-485677b25199,,,,,0
bd94199f-bae9-4689-b509-7d427ab79c3c,610.0,287.0,361.0,579.0,1
bd94199f-bae9-4689-b509-7d427ab79c3c,220.0,191.0,299.0,711.0,1
bd958495-ad3b-4677-8bee-25125c1dbfc9,,,,,0
bd9e0d9e-c947-4a0b-a0fb-a2fbce25d0d8,,,,,0
bda0d7f6-9d6d-43ba-8840-e467933dea68,254.0,64.0,267.0,520.0,1
bda0d7f6-9d6d-43ba-8840-e467933dea68,683.0,130.0,222.0,553.0,1
bda1d8b6-2a74-41c3-8cef-3ff7864e4613,625.0,430.0,275.0,275.0,1
bda1d8b6-2a74-41c3-8cef-3ff7864e4613,205.0,443.0,240.0,295.0,1
bda7d05e-c319-44a5-96c2-7c7c2e77ff4a,,,,,0
bdace88f-39ec-48e2-93db-0476cdf7e582,,,,,0
bdb79995-00a2-4b13-bfc7-6f06f8639498,306.0,573.0,210.0,224.0,1
bdb79995-00a2-4b13-bfc7-6f06f8639498,689.0,527.0,210.0,258.0,1
bdb97b05-a8f7-4cdc-852f-f5398582eeb8,177.0,520.0,265.0,208.0,1
bdb97b05-a8f7-4cdc-852f-f5398582eeb8,668.0,569.0,235.0,254.0,1
bdc1ce35-9aa0-4964-9b85-6ab1992216af,,,,,0
bdc61d06-50cb-4f97-914e-eba06a7f6552,358.0,536.0,150.0,267.0,1
bdc61d06-50cb-4f97-914e-eba06a7f6552,737.0,543.0,215.0,298.0,1
bdc88190-63a3-4998-a128-aab114604074,,,,,0
bdd44f36-4634-44d1-b90f-3cbc8dc639f1,717.0,311.0,172.0,443.0,1
bdd44f36-4634-44d1-b90f-3cbc8dc639f1,200.0,483.0,237.0,312.0,1
bdd8ef21-50b0-4243-b67f-95f3e197ae70,669.0,446.0,257.0,233.0,1
bdd8ef21-50b0-4243-b67f-95f3e197ae70,225.0,378.0,272.0,246.0,1
bde5d050-10b4-4a55-9c5a-b509013483f6,,,,,0
bdec4043-8799-4964-88ab-8b13659f6742,,,,,0
bdefd2ca-f267-49e7-8f0d-8e991265b888,,,,,0
bdf0efcb-841f-442b-b1eb-3d4f9b2d959e,639.0,378.0,260.0,305.0,1
bdf0efcb-841f-442b-b1eb-3d4f9b2d959e,248.0,495.0,252.0,211.0,1
be03b6e9-e030-4491-b23e-ac1d7efc73bb,254.0,150.0,290.0,272.0,1
be03b6e9-e030-4491-b23e-ac1d7efc73bb,684.0,461.0,235.0,275.0,1
be04b555-9fb1-4044-be19-e4e9ebbdccc5,,,,,0
be1a004a-5911-4b0f-a431-bf909eed1e60,607.0,399.0,237.0,212.0,1
be27131b-ca91-4ba0-bf1c-7b6f9f57b4b0,511.0,188.0,182.0,397.0,1
be2a8801-3cc0-4c24-a73a-a1e13ff94948,550.0,434.0,240.0,432.0,1
be2a8801-3cc0-4c24-a73a-a1e13ff94948,178.0,244.0,260.0,485.0,1
be39655e-b535-44d8-9150-306a7e40fa32,,,,,0
be40ab01-4817-4be5-9957-3b0a2220d253,,,,,0
be4fb03a-5028-40b3-8a3c-0508668b446c,,,,,0
be50bdf3-f7c1-4f8f-8eba-76a22dc59de5,,,,,0
be52ff75-00b4-41a1-80ba-52bdeb8a5902,576.0,413.0,325.0,599.0,1
be52ff75-00b4-41a1-80ba-52bdeb8a5902,144.0,457.0,292.0,513.0,1
be56cd05-6e7b-4f0c-ba8b-367e68d8b279,,,,,0
be6444fb-5c41-436a-ad7b-278dc59eec67,194.0,348.0,202.0,472.0,1
be6444fb-5c41-436a-ad7b-278dc59eec67,534.0,271.0,187.0,479.0,1
be678f2e-918d-4fb6-ade5-02a9469ad899,,,,,0
be789252-fbee-4153-9373-ae7d1fc37f3f,,,,,0
be7b198b-1417-4536-ac79-13dfa0529287,,,,,0
be7f1412-c091-4f5c-a5b0-f70faa0c76b3,,,,,0
be83eb42-e7de-44f3-b853-a4faee9c871c,,,,,0
be89e82c-0f08-4660-82de-c2fe903df1c0,,,,,0
be8c0087-ae1c-4b60-acb0-4b2e6157eadb,337.0,436.0,190.0,371.0,1
be8c0087-ae1c-4b60-acb0-4b2e6157eadb,684.0,411.0,210.0,373.0,1
be90708f-2e42-427c-b532-5501a4ab1a25,,,,,0
be9df318-f46d-4245-9ca6-33079e6e74ac,,,,,0
be9fe97a-ba2e-4eff-a0b1-2d634d51590a,,,,,0
bea23d20-aa4e-41d5-b8e7-22941746e543,644.0,294.0,166.0,283.0,1
beaac9d6-d4b5-474f-9e32-06655242e973,,,,,0
beaee8dc-2b30-41c5-b646-b6f602b965a7,192.0,310.0,206.0,336.0,1
beaee8dc-2b30-41c5-b646-b6f602b965a7,548.0,351.0,217.0,252.0,1
beb160c4-a39e-47fc-a936-681defb53e43,,,,,0
bebc91e5-e9df-44c0-ad4f-305cddf7d98c,,,,,0
bec4c195-3308-4a5f-9a98-8abba25deda7,,,,,0
bec78094-d857-42e0-b4fb-c6a67ec1da8e,,,,,0
beda2f7c-82fe-4297-916b-e22979da3461,121.0,376.0,314.0,443.0,1
beda2f7c-82fe-4297-916b-e22979da3461,593.0,345.0,267.0,558.0,1
bedf2835-76ba-4bd4-8fef-a7c767b7743b,,,,,0
beea0aeb-4a7b-47c3-928a-e45f40bcfa53,549.0,493.0,178.0,297.0,1
beea0aeb-4a7b-47c3-928a-e45f40bcfa53,199.0,416.0,238.0,257.0,1
bef1fdfe-b4a3-4170-88de-d57338d602ac,585.0,275.0,174.0,218.0,1
bef1fdfe-b4a3-4170-88de-d57338d602ac,333.0,352.0,125.0,257.0,1
bef4ff3a-6fb0-4213-a5a9-125eff87dc22,605.0,120.0,240.0,420.0,1
bef4ff3a-6fb0-4213-a5a9-125eff87dc22,262.0,100.0,201.0,523.0,1
befa7299-aa28-4487-b497-262ad6cd8f1c,210.0,222.0,251.0,461.0,1
befa7299-aa28-4487-b497-262ad6cd8f1c,620.0,240.0,267.0,547.0,1
befd3b4c-d0a6-48fd-87ee-db4340ba4abb,,,,,0
bf02deef-f65f-41ac-a126-48a4740e161e,635.0,312.0,173.0,256.0,1
bf02deef-f65f-41ac-a126-48a4740e161e,317.0,295.0,144.0,254.0,1
bf08c2f2-d120-468b-9410-d8bd5c02f2f3,,,,,0
bf0aea96-9660-4f72-ad0c-bf1ae80bcf5d,,,,,0
bf10ff6e-fc24-4cfc-9b5f-7a156608dc1a,125.0,109.0,255.0,626.0,1
bf10ff6e-fc24-4cfc-9b5f-7a156608dc1a,552.0,192.0,229.0,605.0,1
bf1103d5-18c7-4578-9ad2-a7e279d9a6a3,519.0,206.0,175.0,361.0,1
bf1103d5-18c7-4578-9ad2-a7e279d9a6a3,231.0,171.0,191.0,385.0,1
bf11da89-d0f0-4c1b-b486-d82bbcb91ed4,659.0,239.0,214.0,380.0,1
bf11da89-d0f0-4c1b-b486-d82bbcb91ed4,227.0,228.0,237.0,331.0,1
bf12ed15-4eec-4580-b5e9-bcfba65e1a7d,,,,,0
bf152efc-210c-4f7a-b112-bf49164d8a1e,,,,,0
bf179444-ea01-417d-b78c-cf9aa42f5e5e,600.0,599.0,227.0,153.0,1
bf19620d-8c98-4295-9c6d-907b059377ed,102.0,474.0,264.0,176.0,1
bf1da0dc-850f-47e9-aad9-a5a94d6e67bd,275.0,436.0,160.0,235.0,1
bf1da0dc-850f-47e9-aad9-a5a94d6e67bd,637.0,329.0,158.0,426.0,1
bf1fe75b-d77c-4580-b832-a2cae12c3d47,,,,,0
bf27db61-1c2e-4710-9f25-31eacb526f5e,165.0,714.0,221.0,269.0,1
bf27db61-1c2e-4710-9f25-31eacb526f5e,586.0,667.0,287.0,272.0,1
bf3ef845-34ab-4b80-81e7-ac7a3b23485a,191.0,433.0,222.0,187.0,1
bf4649af-b05d-4b63-8b6c-dfac44e5750b,661.0,322.0,164.0,302.0,1
bf4ba376-dfef-4d19-bbd6-923325b58eb1,640.0,594.0,238.0,202.0,1
bf5255f6-1130-444c-957b-b2ef01d01167,638.0,495.0,275.0,181.0,1
bf5255f6-1130-444c-957b-b2ef01d01167,192.0,421.0,245.0,249.0,1
bf6071e6-0a92-4896-83bf-f0f24cd1b4d6,600.0,481.0,192.0,289.0,1
bf639c3b-ca63-4ce9-ab5f-80cd0c2d7a5d,487.0,143.0,273.0,373.0,1
bf639c3b-ca63-4ce9-ab5f-80cd0c2d7a5d,84.0,215.0,295.0,456.0,1
bf6c34b5-41bb-4f76-8c3a-8a22781cde37,,,,,0
bf6f4dc7-2627-4494-95dc-bbe75807e518,,,,,0
bf7225ea-722d-483c-8fd6-3118966ca7b1,203.0,512.0,214.0,149.0,1
bf787ce7-869c-45d1-877c-9d04394bfbe9,,,,,0
bf78baf2-7a8a-4dc5-add9-63b3a0f9703f,,,,,0
bf842c92-c6ed-4be4-b188-c05ec8bf8dc2,589.0,235.0,270.0,425.0,1
bf842c92-c6ed-4be4-b188-c05ec8bf8dc2,182.0,353.0,269.0,294.0,1
bf8e0ebe-cdb1-46b6-8b08-3d162dd691fe,,,,,0
bf9254b2-2d3a-444a-8dae-a27f02b0e9ef,154.0,456.0,207.0,195.0,1
bf999eaa-6bce-46f8-be87-1dc34ca20e97,651.0,467.0,163.0,166.0,1
bf999eaa-6bce-46f8-be87-1dc34ca20e97,302.0,360.0,124.0,233.0,1
bf9abd09-e9d0-4783-b665-cd670afe91d5,,,,,0
bf9fab27-8eae-43b8-9a7d-5b59ef1355ce,,,,,0
bfa0bdbb-8f93-4c32-b8b6-4e71f6caea5e,,,,,0
bfa2adda-f302-4447-8c47-85eea0839526,239.0,124.0,164.0,222.0,1
bfa3ad39-fdf3-4ce5-b658-e12bb50dace9,,,,,0
bfbbedfe-0ab1-42bd-ac7f-e67b2a8e842a,479.0,667.0,266.0,249.0,1
bfbbedfe-0ab1-42bd-ac7f-e67b2a8e842a,72.0,686.0,217.0,205.0,1
bfbea630-4c43-485f-b1b2-0e5715109ae3,605.0,357.0,163.0,432.0,1
bfbea630-4c43-485f-b1b2-0e5715109ae3,241.0,539.0,221.0,443.0,1
bfd06e37-e927-4000-88f6-e84dd8744cee,526.0,250.0,161.0,316.0,1
bfd06e37-e927-4000-88f6-e84dd8744cee,116.0,546.0,201.0,242.0,1
bfd8e28d-a54c-4d20-b75a-90eb90b64bd5,,,,,0
bfd8ef59-552b-479a-888c-1444384b828b,604.0,284.0,350.0,345.0,1
bfdffef0-de93-45a5-a743-af5e2b3ac681,249.0,278.0,287.0,426.0,1
bfdffef0-de93-45a5-a743-af5e2b3ac681,678.0,299.0,245.0,438.0,1
bfe2ef33-c62d-45ae-9687-ce865f5eca51,,,,,0
bfe41d70-219e-478e-85ba-9c8226b572f4,187.0,356.0,251.0,343.0,1
bfe41d70-219e-478e-85ba-9c8226b572f4,599.0,372.0,172.0,309.0,1
bfe43bfd-5d99-4216-83da-f0e6e918fe28,,,,,0
bfe7e758-97b3-4763-a91b-8bf559c143a4,156.0,251.0,228.0,523.0,1
bfe7e758-97b3-4763-a91b-8bf559c143a4,503.0,294.0,236.0,514.0,1
bff6b953-95d1-4a08-9d79-c3b43fde59ce,346.0,567.0,154.0,212.0,1
bff6b953-95d1-4a08-9d79-c3b43fde59ce,743.0,380.0,112.0,221.0,1
c040934b-746c-4dc5-946d-d1b2832cf778,560.0,563.0,251.0,160.0,1
c10053b8-7bc8-4d8f-99f0-92d86a97ee2e,326.0,243.0,199.0,346.0,1
c10053b8-7bc8-4d8f-99f0-92d86a97ee2e,680.0,372.0,179.0,319.0,1
c10f3035-c0f4-4436-a6f9-bbeb87777231,164.0,238.0,268.0,290.0,1
c10f3035-c0f4-4436-a6f9-bbeb87777231,586.0,258.0,243.0,349.0,1
c11cf175-961f-42e2-b09b-c3068532dd45,,,,,0
c12ea8e0-0579-46d7-96b0-ac0ecbb307b6,,,,,0
c16ac3d6-f534-42a0-9544-be734df26cf6,,,,,0
c1d32bfe-9f53-4c13-b464-58dae483352d,,,,,0
c2016b1b-e24d-4eaf-af0f-14cf6f0bd9ad,295.0,319.0,124.0,292.0,1
c2016b1b-e24d-4eaf-af0f-14cf6f0bd9ad,639.0,363.0,127.0,284.0,1
c203f4e6-0963-4543-a34c-48b9d62b3e27,258.0,187.0,220.0,336.0,1
c203f4e6-0963-4543-a34c-48b9d62b3e27,611.0,164.0,148.0,385.0,1
c20a544e-94ac-4349-a81f-2cc616d1e1c7,,,,,0
c21278c7-0e37-4026-b9f1-14ec778903d7,,,,,0
c21ee14a-8962-4406-b685-7888806a0a01,675.0,578.0,181.0,131.0,1
c220d0b1-5b07-4e56-a428-ce977680d131,,,,,0
c225f003-d720-4b5b-b3f4-f8a32a9880a0,,,,,0
c23938ed-c7b5-4c60-8028-efefd5e67315,,,,,0
c23c618f-e18e-452d-bf46-809f17c707b9,,,,,0
c244f974-2859-4a60-910b-29061d94252b,,,,,0
c24720c4-d88c-41ce-8ee7-949045ac7b4d,,,,,0
c24779b2-f45a-413e-bef5-eb268ba24f8c,,,,,0
c24c74a0-b008-409f-b9d4-381f1dfaac6b,,,,,0
c2565641-00af-46a3-8328-4d9c8f319446,654.0,238.0,302.0,433.0,1
c259ba28-7ef1-4845-b45e-95d0f42e69af,,,,,0
c25a0315-3648-43df-8a74-8d10cbc3451a,,,,,0
c2623d76-a8e1-4c7a-b232-62ded2e33e5f,,,,,0
c26b2a9a-ffdb-47f6-acf3-771fbe0f88f1,,,,,0
c26c0bb6-125b-497f-a3fa-04a5729b36c0,166.0,254.0,245.0,381.0,1
c26c0bb6-125b-497f-a3fa-04a5729b36c0,584.0,259.0,218.0,656.0,1
c26d7023-7b0d-4b3a-9621-1eb5007eac7c,225.0,361.0,199.0,347.0,1
c26d7023-7b0d-4b3a-9621-1eb5007eac7c,623.0,238.0,134.0,223.0,1
c271b34d-50f6-4acd-ba98-53f8520f06ff,,,,,0
c27f0d34-8752-4875-89ab-dd5f830ea81c,,,,,0
c292bdb0-2fab-4498-86b0-0cf4e15f1e03,,,,,0
c2974ad2-07ba-4353-9172-1375acd88d9a,677.0,563.0,214.0,153.0,1
c29abad4-5e91-4d6f-9b08-97eb2b73081c,,,,,0
c2a558c4-8f67-4f94-a31e-fbb5d7d6507f,,,,,0
c2a5f77c-517d-4987-84e3-0338ad29704e,635.0,651.0,92.0,141.0,1
c2b24ebd-2c40-48c3-ba39-177224dd7db0,,,,,0
c2b6c97a-c501-4a9c-b5a1-1dbb07d944cf,,,,,0
c2cb2fa5-31ea-4ff3-8cc7-a3ddf83bfb94,,,,,0
c2d24770-1698-4506-83d1-94e5ca8dbfc8,592.0,500.0,216.0,218.0,1
c2d450e6-291a-439e-9a22-57a16448d751,,,,,0
c2d86046-7af9-4019-b130-9e9bfde1abfe,,,,,0
c2dd9e3d-9cc4-46c8-9109-0c438b2f7f1a,666.0,389.0,250.0,387.0,1
c2e05765-ebf6-4e52-ac88-1e9d928282b8,598.0,517.0,173.0,165.0,1
c2f9dac8-75f2-44ec-b89a-04a0f8492a6a,258.0,239.0,208.0,331.0,1
c2f9dac8-75f2-44ec-b89a-04a0f8492a6a,646.0,164.0,164.0,532.0,1
c2fba3a0-28a5-4a80-9130-0174811d4f53,,,,,0
c2fcc494-8ff8-4963-84b6-268e3587987c,,,,,0
c2fd12f4-639a-464a-ae47-760d74b984f2,,,,,0
c30551c9-781e-43c3-9516-636e58982bbc,,,,,0
c3122540-51cf-4fb2-9731-bf6eaf14f4c3,,,,,0
c321b4b1-4ed5-4469-bf78-c4c783e516c3,214.0,155.0,247.0,477.0,1
c321b4b1-4ed5-4469-bf78-c4c783e516c3,588.0,126.0,201.0,450.0,1
c324f57c-05a0-43d4-935e-371b7bef4ac6,,,,,0
c32611c5-e546-4021-b244-4a6d0503787c,151.0,555.0,257.0,159.0,1
c326692a-f2d2-4025-bc10-8b9fc2fde984,,,,,0
c32a19bf-d172-4720-a9b0-94f7f6acf2cd,,,,,0
c3412cc6-a0e9-4278-a8e4-b587d106988f,232.0,299.0,201.0,373.0,1
c3412cc6-a0e9-4278-a8e4-b587d106988f,615.0,337.0,212.0,337.0,1
c344e042-6caf-43fd-abb5-f8f7ca2b3741,,,,,0
c3513e77-6aeb-430a-bdd1-bc8ce0f74239,,,,,0
c35dad3a-1b66-405f-8a3a-9f70b2981a38,,,,,0
c35f0f16-afd8-4d40-8f39-9b10a1d3ca72,,,,,0
c3684247-6b04-4a3f-9d76-be367107295f,,,,,0
c3719cb3-65a0-4223-9bbd-ed8c2cef41f1,,,,,0
c3803501-05e4-4141-a61b-7af3187ade89,136.0,525.0,269.0,446.0,1
c3803501-05e4-4141-a61b-7af3187ade89,598.0,421.0,266.0,503.0,1
c380ed72-3cdd-42d2-b482-b2bcb9a3541a,,,,,0
c391591b-0083-4063-a485-69b0c7e02ebe,196.0,387.0,200.0,187.0,1
c391591b-0083-4063-a485-69b0c7e02ebe,584.0,300.0,179.0,176.0,1
c399d966-8fd1-4d4f-a2f0-86ba3cfa1257,,,,,0
c39c065c-40fb-4920-9f9a-36ccbb212c0d,598.0,318.0,163.0,354.0,1
c39c065c-40fb-4920-9f9a-36ccbb212c0d,269.0,275.0,178.0,356.0,1
c3a6ca22-c09b-4be0-a59d-e52718fbb645,117.0,270.0,277.0,462.0,1
c3a6ca22-c09b-4be0-a59d-e52718fbb645,549.0,246.0,299.0,483.0,1
c3a9863a-cbd5-44b9-975a-5978943490aa,132.0,229.0,216.0,348.0,1
c3ab8309-f5c4-46d7-9659-e3f702236d4d,,,,,0
c3b14740-9eb7-4b20-a9ce-e404cce4b8c7,,,,,0
c3b9c35d-19a1-4ce7-b852-e670dce72ddc,611.0,395.0,87.0,90.0,1
c3b9c35d-19a1-4ce7-b852-e670dce72ddc,606.0,543.0,146.0,195.0,1
c3be2500-5435-41e3-ad66-1a6d65725b16,,,,,0
c3bef210-65b4-4bb1-bfa1-15ae213bfa8e,632.0,542.0,206.0,134.0,1
c3bef210-65b4-4bb1-bfa1-15ae213bfa8e,153.0,477.0,215.0,149.0,1
c3c04db3-8f73-4f10-8111-f92549418554,,,,,0
c3c1ef6e-055c-4f54-a7f5-d0f6eed1d2da,611.0,267.0,188.0,393.0,1
c3c1ef6e-055c-4f54-a7f5-d0f6eed1d2da,254.0,221.0,207.0,399.0,1
c3c2e187-9c3a-46c7-a7e2-6434580c2d99,,,,,0
c3cf79fc-a710-4704-86c3-597656bcfa0f,,,,,0
c3d5552f-483e-4ae0-a40c-0ca9ea34bc00,80.0,235.0,310.0,548.0,1
c3d5552f-483e-4ae0-a40c-0ca9ea34bc00,577.0,316.0,214.0,483.0,1
c3e47812-378d-45cd-8e12-ddb59271dd81,,,,,0
c3e65f77-526f-4e99-97b3-58ffd914514d,,,,,0
c3eca37d-a537-49d8-9711-94d86157ac8b,354.0,239.0,198.0,473.0,1
c3eca37d-a537-49d8-9711-94d86157ac8b,684.0,185.0,215.0,520.0,1
c4090b37-aa75-4b78-80cb-836e281a71b2,,,,,0
c40d56e6-809d-4f9d-b666-5a7137c250ae,,,,,0
c41c0a0e-0a3d-45a6-b77a-d0900e0e17c0,,,,,0
c422054e-4ce3-46ff-a45c-1a6c243236c7,168.0,172.0,211.0,428.0,1
c422054e-4ce3-46ff-a45c-1a6c243236c7,488.0,170.0,312.0,508.0,1
c4308828-105d-4cb5-9a1a-409288788769,,,,,0
c431cd30-f0cd-4515-b0dc-70e0acf2c8a7,,,,,0
c4361e74-54c2-497e-9b24-99eaa7243170,,,,,0
c43a6acb-158c-4023-8cc1-e82d0df8d879,,,,,0
c43d3826-cd53-4b28-b951-8bd061aaeb4e,,,,,0
c44a8316-9b90-49e6-ab36-8db213312a4e,126.0,420.0,294.0,298.0,1
c44a8316-9b90-49e6-ab36-8db213312a4e,641.0,438.0,275.0,282.0,1
c44c6b39-ad2c-4b37-bd08-4b3ab81166a8,,,,,0
c46051c9-1ad0-4741-bfe6-6ff641852d05,,,,,0
c46329fa-c464-4bf4-b60a-3e2796c97357,,,,,0
c469fa09-4aef-4baa-ae73-1596572cde1d,,,,,0
c475fdfe-d6b3-44e2-930a-fce8f353299f,,,,,0
c47f8613-f665-4ad5-bdf4-ec04570eb7ba,,,,,0
c48497e9-8a9a-4af3-92bc-cb4bbfa5f19a,,,,,0
c485a9bd-6e18-4328-8c5c-cf80f71aa35d,,,,,0
c48681c7-91e0-4325-8b2a-fe2e7bdebe83,,,,,0
c48c38f1-a9ac-49e8-bd3b-de77c20446c5,265.0,198.0,273.0,559.0,1
c48c38f1-a9ac-49e8-bd3b-de77c20446c5,606.0,209.0,234.0,573.0,1
c48ee568-69ac-49f0-92c4-36129b1414b1,594.0,309.0,333.0,553.0,1
c48ee568-69ac-49f0-92c4-36129b1414b1,154.0,420.0,279.0,358.0,1
c4988ca9-812e-4edc-8e86-8f0cbc81e077,,,,,0
c4a2f14a-82dc-49fc-aa03-037bf6b99c6c,,,,,0
c4a3c834-8713-4813-9ca2-c8484c42415a,,,,,0
c4acd677-ae5e-4b23-b888-2e8e2e1c3996,216.0,149.0,218.0,468.0,1
c4acd677-ae5e-4b23-b888-2e8e2e1c3996,556.0,168.0,214.0,503.0,1
c4b1d97c-b451-4015-928c-bf66de300a08,,,,,0
c4c02f02-e91c-4a0f-8a56-d89f9fec81f3,578.0,175.0,236.0,575.0,1
c4c02f02-e91c-4a0f-8a56-d89f9fec81f3,247.0,124.0,216.0,612.0,1
c4c3119c-736c-4156-a0e3-93fb7049ae48,,,,,0
c4c9eb06-db56-4eee-b1dc-347b7a2185c4,,,,,0
c4e72399-0291-4998-a39b-7d0c14cb4ead,,,,,0
c4f7c287-fbe1-4bdb-8e93-040c3d897f98,,,,,0
c4fd0f57-f2f4-4ea3-a2b3-8991af3620f4,,,,,0
c5115b65-7100-4486-8ffb-a9717fda9a99,,,,,0
c517a6a8-2695-463e-af97-735d67da7068,,,,,0
c51dc029-0ac3-44b7-a096-3cea78245340,,,,,0
c5249000-7193-4697-99b6-de57a2a97a6e,,,,,0
c527edc0-e99c-4b55-b0df-57c8f93870b0,,,,,0
c533a5ed-72a3-45bf-bae3-1ed9595a9bcd,197.0,477.0,221.0,183.0,1
c538cfaa-3ee3-4a05-a67d-0224e244bf34,,,,,0
c543628a-b6d9-443a-8c1e-758453930dd2,,,,,0
c544e224-5a9c-488f-9d79-242114b2ee4e,,,,,0
c548ef94-9c0e-4d2d-8403-ff79562b4ae5,,,,,0
c554651b-4650-4a25-a21b-61419acf33c6,,,,,0
c5549fdb-f566-4076-94b8-4b6a9ce9aa24,,,,,0
c560c63b-eb05-42e4-9cee-e98074b10c80,,,,,0
c567f729-5fe5-49d5-8d6b-db785786032e,,,,,0
c568ef01-6904-45ec-990e-2986a961dd00,,,,,0
c56bf90e-e3c4-4e0b-9d67-9fcbd82572db,,,,,0
c56cc0dc-78a2-4f91-8f86-7214ae601d5e,,,,,0
c56d1cba-6d45-49d7-9b48-e321aae51fb6,,,,,0
c56f901f-4876-4a9b-8630-58d8ea4b7f21,,,,,0
c573cb3e-54e6-4ff0-bda4-1fd7621ee0cf,174.0,248.0,279.0,460.0,1
c573cb3e-54e6-4ff0-bda4-1fd7621ee0cf,578.0,240.0,301.0,545.0,1
c574ab19-0055-420c-b96d-5f562f4a019c,,,,,0
c57a1cc3-5122-4c6d-a022-743f96e9332f,,,,,0
c5819ad1-5784-4db3-83d7-3d3a2d348287,,,,,0
c58f16d6-4b52-4353-ad67-d32f404de505,,,,,0
c591fcdf-b868-480d-bf34-13ae48de1d64,,,,,0
c59cd75c-4686-46b7-a463-14beec506a7e,,,,,0
c5a306db-75bc-4117-9b8e-840ce8f9fe4a,,,,,0
c5a4c5d2-2266-49df-99fa-aff2eec26a53,,,,,0
c5b5f055-d02e-4af4-9e00-e1c3287b4702,,,,,0
c5be166d-9c0c-435f-9af0-6997b5009ba2,,,,,0
c5c6d4ba-fc95-46b6-866f-3a482d7f0a21,,,,,0
c5c945f8-6fab-4dc9-b310-be83a2dd69b7,,,,,0
c5cb79b9-eec1-4d09-98f2-dfef80e89fec,,,,,0
c5d5955c-81b6-472b-9f3a-549bc24b7363,,,,,0
c5d83772-02ee-43f9-a2a1-b96d53755ab6,,,,,0
c5dfc1a7-4669-42ce-af9f-62c3d8322049,,,,,0
c5e27628-afd5-4681-b8dd-ca630472dfba,,,,,0
c5e921c1-4507-4d14-b9e3-3af736b9f0b9,,,,,0
c5f09fe8-ba29-472b-b87b-85a5740aa2dd,,,,,0
c5fcfb08-e3b2-428d-a32e-bc4a72cfb763,,,,,0
c602d3b5-41ba-4633-bc25-46fc71a09d57,,,,,0
c603dfd6-ab59-453a-83dc-dc0a261e5232,,,,,0
c609093d-f0c1-4391-b318-43897454914f,,,,,0
c61eab1f-fe15-4bc2-aa58-2d5dfe028771,,,,,0
c620e4ba-f027-4937-99d2-438d313ad4aa,,,,,0
c62a1483-825a-4a3e-a487-dee5feeec058,,,,,0
c62de3d1-5334-4cdd-b733-b1e354acc208,,,,,0
c6478daf-f07c-4d32-a03f-c289c6d916b8,,,,,0
c648e140-a0f8-4749-8d82-0605a5b56417,,,,,0
c64a4aca-f57d-42ad-9a52-280ca9cdc2d9,,,,,0
c6538cef-9563-40fa-bafa-46697e5259fc,,,,,0
c6695240-c5ec-4839-aba6-fb9ae271f4e9,,,,,0
c66a387d-051d-41bd-981c-3be82e53dc5a,,,,,0
c66a7dae-54da-4c59-9d4a-4319e5980265,,,,,0
c6770c34-1c23-4901-aa17-ed26930c9402,,,,,0
c67bbca3-9cc6-4eb8-8bdf-55378463e0b1,48.0,364.0,178.0,100.0,1
c681fe7c-61b6-4f94-a2d8-7790e0248d4a,,,,,0
c690b934-d426-4f97-a515-c6a29e0cd75c,,,,,0
c69ffd64-16bf-4237-b169-f7bab69978e4,127.0,180.0,335.0,358.0,1
c6a94bcf-ad99-4234-97e0-00f5f3db6b26,,,,,0
c6c0ca1c-99d5-49a5-8291-9cf7331ea95d,242.0,269.0,245.0,459.0,1
c6c3be6a-d660-471f-870f-ad784dbb02fa,,,,,0
c6c5222a-fc1f-421d-bf9a-e32f21e8edba,,,,,0
c6d961b8-706e-4d1e-a82b-8cb156ee0938,,,,,0
c6e7ac41-3ebc-400f-85ba-3669512c40a5,,,,,0
c6eddcf0-6d58-46ba-a794-874b03b93e28,,,,,0
c6ee50ed-9f36-4aa0-8737-d4618f5a689c,,,,,0
c6f4f1ca-b373-43d1-8306-3d55f7e1232c,,,,,0
c6fa9952-db9a-42be-9007-4bab222e6a6b,,,,,0
c70402f0-ac16-4eb1-8339-d952bc514904,,,,,0
c71477d5-6afe-4225-9eeb-871b98c254af,,,,,0
c720d329-5d27-4900-a028-60ee274c4a78,,,,,0
c74256b9-67de-4d60-8ef7-57638084eb5a,,,,,0
c743e090-068a-4387-9896-4bf2dac9d049,,,,,0
c74accf2-9575-4f71-b837-be5d2208c412,,,,,0
c75b22e9-76d9-4fdd-80cf-d7b88eb6d998,,,,,0
c76522dc-630a-4cc9-a2b7-bc7f21c91f4d,,,,,0
c7692d51-2e63-486f-9032-7d25365f5ff0,,,,,0
c769a155-25b3-450e-a5b4-f29d447fc8c8,,,,,0
c76aa53f-ef52-41b4-827c-4fa7ccbd26e1,,,,,0
c76ee8f0-c26c-4538-883d-cd7994a52779,,,,,0
c77043e1-0926-49b9-a059-8cd12bee451c,,,,,0
c78a13da-c193-4c4d-b301-18b837d27840,,,,,0
c78c179c-db6a-49fe-ae6a-acc943e6637e,,,,,0
c78d1cfc-3b89-4a20-95c0-5dc62a370c8d,,,,,0
c78daf52-c33b-4367-a28f-5bc60a92e7d9,588.0,433.0,271.0,294.0,1
c7935568-7703-4ffe-8b55-b656cc5bb7bc,,,,,0
c79445dd-b47d-4576-80f4-ad6f868ca5a1,,,,,0
c79c8c80-4f48-4e28-ab5b-cc53e86388b2,,,,,0
c7a54198-aecc-4556-9056-57a6746759ee,,,,,0
c7b0a8e0-8266-4c09-be8c-f3a3e9c931d6,,,,,0
c7b538c8-e32c-446b-bc21-49b7decacd84,,,,,0
c7c66f99-3440-42a6-9d7e-3f66b1f6481a,360.0,376.0,157.0,365.0,1
c7c9a206-d53d-42e2-ae57-19b9624fe2c5,,,,,0
c7ccf0d3-c18a-4b89-acdd-9a106d6d882f,459.0,644.0,124.0,199.0,1
c7cea557-31d9-42a6-8177-4a0e4b8ec7c4,,,,,0
c7d389ff-e2e1-40ed-b940-aef09bae009a,552.0,128.0,281.0,528.0,1
c7d389ff-e2e1-40ed-b940-aef09bae009a,273.0,168.0,225.0,478.0,1
c7e1368e-a30f-4e11-9e91-3b4e753fcd1e,,,,,0
c7e22e73-6aec-4f4c-82e3-d4a7d185e74c,,,,,0
c7e6b0b9-6f4c-4928-aaed-cdff3c3d51d0,,,,,0
c7e7ac26-07bd-4fad-854d-a99270add377,,,,,0
c7f36a75-af17-4516-bfea-05fd6262da4a,,,,,0
c801ebd5-8032-473d-8a47-de337f59c904,530.0,273.0,244.0,349.0,1
c801ebd5-8032-473d-8a47-de337f59c904,123.0,283.0,284.0,325.0,1
c80376a0-e71c-4519-844d-0d12e83b25ae,,,,,0
c804803b-b734-4bfd-ac2d-9245261214da,,,,,0
c80c8b8f-e4af-48a1-a7a4-42ac433d315e,,,,,0
c80de4df-088b-4b76-947c-82e5bf359723,,,,,0
c8111e21-a740-44c9-812a-a5f9982814c8,,,,,0
c8281919-a362-4019-950d-86ab101c7e1f,,,,,0
c8289077-0c6f-42a9-b743-70095255d7c1,,,,,0
c848c8e3-50ac-4185-8317-e8baecaabc0e,,,,,0
c858a139-4b34-40f9-ad65-59dd28a9e591,,,,,0
c85b9c42-4ef9-4af9-899a-8c5707c0f102,,,,,0
c85eb65d-1f22-40ab-929f-51eaffb26192,,,,,0
c8607ede-6694-4cee-abd7-89f3274c2c10,,,,,0
c870465d-1280-44b6-b862-bdda004de6cc,,,,,0
c878e73d-6c8e-49b6-8b14-9f36d4f58c11,,,,,0
c87c6aa2-0530-4693-8262-902153c69e48,,,,,0
c882537b-4422-445f-8f01-24f6b3e7fda7,,,,,0
c8906ba7-b6b5-425d-bcc7-e5cb69ee88ea,,,,,0
c89daf2c-b7dd-4455-9efa-b3e412385d74,,,,,0
c89e8310-dc56-4606-ba30-126e1f5f13f5,105.0,403.0,280.0,198.0,1
c8a5deba-d04b-443a-ada9-621b28405385,,,,,0
c8a6b62b-8f1e-4b58-9df1-0892a4910bcd,,,,,0
c8c34f89-dd1a-48fa-be4b-629860cbfd0b,,,,,0
c8c83a62-a214-4634-9c48-af80ba363cc0,,,,,0
c8cfffb1-c177-432d-b1c6-ff554b0f7658,,,,,0
c8d05349-0e98-41f9-89d8-f4b27b5c93ea,,,,,0
c8d372cb-00ee-4512-bd3e-4a14301a0425,,,,,0
c8da3acb-92e1-4e67-976f-face5ebf80bf,,,,,0
c8e5e305-3f16-4432-98ba-9006ca057c4f,,,,,0
c8e8c3ff-52e1-44bb-84b0-e2a90ffcfd32,,,,,0
c8f13fa3-eae9-4e24-ac7f-2ad597b62921,,,,,0
c8f3473c-8c28-4d6a-8565-a12479d2623c,,,,,0
c8f8c1af-28f3-420d-85d6-9501a8002097,321.0,408.0,241.0,360.0,1
c8fae81e-8db4-4f6b-a131-0021e5d7f0e2,,,,,0
c908770d-5bb8-479e-9112-ff9c47d07277,,,,,0
c90ba168-4d65-4205-90e5-4f96d693d54a,,,,,0
c90cbfe6-d98f-407b-b3c2-45b27fd1ae72,,,,,0
c9169895-7dc6-4d2d-9cef-9630969cef41,,,,,0
c918acc8-d366-407b-b7c1-d5533923ffbd,,,,,0
c919262d-e632-4d1b-9d92-7a8923258ae3,,,,,0
c91c84ab-e310-43fb-adfb-9d351786b01f,,,,,0
c91d56f6-7c48-41af-8be8-4110acf65a4d,,,,,0
c9427237-4e51-45d4-b826-654384069b8b,,,,,0
c9449bea-76b0-42e0-827b-2677f6c2f1c8,,,,,0
c94652f9-22cd-48d2-bb01-5f54abbb7d72,,,,,0
c955a70c-63da-4054-b0db-389c6dec87af,,,,,0
c957ab29-0e45-4146-af5a-f40d14155d80,,,,,0
c957ddf3-2ce6-4022-b747-6e92b5401342,,,,,0
c95a1770-d740-4f50-b4a6-8e4a53ff9767,530.0,487.0,250.0,192.0,1
c95d0325-9439-461e-8ea3-24d3dd63a5f0,255.0,455.0,96.0,88.0,1
c95eac75-9927-4961-a0c6-2b7190814723,,,,,0
c96b3f7d-9a75-4248-a00b-a66b060349ed,,,,,0
c9795d1e-7741-41e3-bd5e-98ab4fe66a2d,,,,,0
c97ea3d7-862f-481d-a996-66acdfe38c0d,,,,,0
c98989f9-80cc-44ff-958f-e262f390fc01,,,,,0
c991eccd-23ec-4736-846b-70d968033c7b,,,,,0
c99dea7c-6632-460f-a877-56c2bd610587,,,,,0
c99e4ca2-87c7-46a3-b741-77e9bf50218e,,,,,0
c99f7045-ef30-45b7-8874-0ab13bf84f94,,,,,0
c9a33306-22e1-4896-95d1-859fe76bc019,,,,,0
c9ad0d51-7271-49f6-9647-f658ec29772f,,,,,0
c9b0cbc7-e448-4531-91e5-6d3e982e5eab,,,,,0
c9bd24b1-d36e-47b4-860f-6ee5d5ecb2a6,,,,,0
c9c114a1-5ddf-4460-855c-25dac3ae7289,,,,,0
c9c1560b-c187-48df-8e76-47917a873fda,,,,,0
c9cd4d25-9d6c-48d6-bcfe-5b1382a2065e,313.0,478.0,173.0,267.0,1
c9cd4d25-9d6c-48d6-bcfe-5b1382a2065e,692.0,377.0,247.0,411.0,1
c9ded3c3-2032-409b-bc47-f851e236f8fd,,,,,0
c9e23301-a665-4b89-b7a0-2e4de0c7ac53,,,,,0
c9ed4dca-ec40-4bb2-a037-d5ba585e613a,,,,,0
c9ef5e82-7d21-4253-b17f-f6f50f5d2034,,,,,0
c9f3a54d-48f5-4268-9306-bb7885fd2618,,,,,0
c9f48532-d3d0-4443-afec-49d49eccadff,,,,,0
ca057513-5597-4fe2-8d02-ff8b8b7fa25f,,,,,0
ca097297-1e9f-42d0-9230-64f24f293073,,,,,0
ca0d5943-ddcb-46c4-b629-a268e649fa16,,,,,0
ca112a3c-b701-48b8-a94f-725ea65416a7,,,,,0
ca15e943-c9a3-49cd-b538-753e8746f0cc,,,,,0
ca18d11e-2d13-4d74-8e64-1ac6eba79589,,,,,0
ca2304fd-4dd8-4b5c-9450-d9d0804cd378,604.0,237.0,214.0,379.0,1
ca25ebf6-2257-47dc-b8d6-57e101e37669,,,,,0
ca2d2b1b-4dc9-4110-85b2-024816a867b2,557.0,339.0,313.0,439.0,1
ca2d2b1b-4dc9-4110-85b2-024816a867b2,196.0,334.0,274.0,447.0,1
ca2ee113-9d1d-486c-aab0-ef51cb27c79e,207.0,326.0,292.0,361.0,1
ca2ee113-9d1d-486c-aab0-ef51cb27c79e,543.0,233.0,287.0,434.0,1
ca336358-8c4a-4d9f-abce-41dd4e6781a0,,,,,0
ca390006-726d-4c9c-975b-616f135d0aee,235.0,237.0,156.0,318.0,1
ca390006-726d-4c9c-975b-616f135d0aee,551.0,256.0,230.0,361.0,1
ca395500-068f-49c3-9333-579dfe6c92c2,,,,,0
ca3c90e4-f7fe-4f6e-b20b-81473deab4f0,,,,,0
ca4c5a67-2f27-45f9-ae0a-72ebf4982c40,,,,,0
ca51b3ac-e223-4a54-aee7-f9081f415f0f,,,,,0
ca5369ef-d3c9-4b20-bd40-8898ba17a0ae,,,,,0
ca5c6136-98de-4885-829a-ac8dc00cd00c,,,,,0
ca613fac-a6df-45d6-83b0-ad1e8371e2f7,,,,,0
ca61ab53-b836-451e-b57a-3a8197a8b5ef,,,,,0
ca6ed544-2804-4f23-97a6-5a9f4814e7c1,157.0,292.0,279.0,334.0,1
ca7682e6-7ba1-4939-8d27-b4bced25ff5e,,,,,0
ca7f1652-0b68-4cfe-95ff-85a03a533d42,,,,,0
ca8f867a-ffdd-45b3-b019-5510bf277bb9,,,,,0
ca95051f-e131-459b-8d26-2aec4762fbb6,,,,,0
ca96493d-0643-4f69-87d7-1fd1c339ae84,,,,,0
ca9f417c-50bc-4ac6-9f73-eaced9d0bf4f,,,,,0
caa4c4ef-8a12-439d-b4fa-13d8bf975bb7,,,,,0
cab1fcd3-7e67-4928-8612-80bae540ca2c,,,,,0
cab7439d-035b-4748-8079-6916b653cd5b,,,,,0
cac015ac-b29c-49fc-9ceb-d11c81fdc8db,,,,,0
cac9edd0-67de-4c40-9369-db86097f7e45,,,,,0
cacb0df9-62e9-41f7-9d3b-95c68a396788,,,,,0
cad26b43-35ef-4bdf-8244-a7fd9172f9d4,,,,,0
cad68992-1044-404c-902a-8613f513186b,,,,,0
caded297-d0b8-4c1e-8bad-763d8957b04c,,,,,0
cae49e79-ef94-4142-a603-19a4c63305a1,,,,,0
cae8e499-0d13-4540-889a-68c0b03e54c4,,,,,0
caef3a9d-6767-4cd3-8c18-ecdb3f07bb1e,,,,,0
caf1f063-0ddd-4387-8e21-0eb2a87fd638,,,,,0
caf25a63-fcee-4c61-9e04-71b3c401496c,,,,,0
caf4d7d0-d59f-46df-b95a-c7fbbb6b0996,,,,,0
caf813f9-efc0-4a61-93b7-cd9e50bbc595,,,,,0
caf8528c-78b1-490d-aa3a-d3fda70d8d4d,,,,,0
cafd9da1-9949-4f69-a89a-2abd616daa27,,,,,0
cb05cd95-3e60-47e7-a68c-afaa343d05e3,,,,,0
cb0c1a9a-afb4-4c93-bcbb-ddf123db6a57,,,,,0
cb207079-81e0-4025-9219-e7331cbb19cf,,,,,0
cb22bd08-db57-4129-9659-9ed843fc143f,,,,,0
cb33b988-d8f7-4907-9904-12e13383f9d6,,,,,0
cb34d267-4d0f-4f5f-a5c1-dbb4c3716862,,,,,0
cb398b60-eb34-40f4-aac9-5e179d5c02e4,,,,,0
cb3b72b0-408d-45ab-9985-3d40a4a12626,,,,,0
cb42e866-d620-4e49-90fc-aab3086921f6,,,,,0
cb4a1fca-136c-4577-bcef-d934c9f14f2c,742.0,196.0,271.0,518.0,1
cb4a1fca-136c-4577-bcef-d934c9f14f2c,373.0,162.0,285.0,549.0,1
cb4f3549-edf8-4eda-9172-64a7af4223dc,,,,,0
cb60942f-4ed7-4f81-90c0-cc1db42ccaeb,,,,,0
cb623389-d255-4025-89d1-1f3e2927bd86,,,,,0
cb63043c-f086-4dd5-b938-263e556959f8,,,,,0
cb64af87-dadc-45d5-a461-e79a772ff0a8,,,,,0
cb683934-8d2d-4cda-b996-55cfc8d012f6,515.0,245.0,319.0,425.0,1
cb6978b4-719b-46d5-a67d-33b97996946d,,,,,0
cb6fc930-b91d-4986-a959-a47aecaf957e,250.0,176.0,266.0,325.0,1
cb70436a-d8f1-4e8a-91fb-38062ce35758,,,,,0
cb7d021b-b273-436a-bd7a-e68c11ed3f6b,,,,,0
cb863b06-58a4-492d-87c7-0debe67f6dc6,,,,,0
cb93c944-b0a6-43be-8d11-62e1cbd25612,,,,,0
cb971b7f-4d67-4df2-957f-15c688fcb9c8,,,,,0
cb99fa14-bc99-4e77-ac25-0bf140c5dde9,,,,,0
cb9a5420-bbb7-4d79-bf70-d81119f96790,,,,,0
cb9b0d99-4d8f-4175-9012-481ef18189b7,,,,,0
cba00aeb-4389-4de9-b374-56b412361c46,230.0,365.0,254.0,331.0,1
cba00aeb-4389-4de9-b374-56b412361c46,517.0,326.0,219.0,356.0,1
cba1116e-deb7-4b99-b956-635bfa08a235,,,,,0
cba19601-a1c0-4afd-be2e-83ffd943b8dc,,,,,0
cbb74e7f-194b-412d-a527-117ddc2ff022,,,,,0
cbbcb63f-5fae-45cd-bf01-0785378682b0,596.0,254.0,269.0,429.0,1
cbbcb63f-5fae-45cd-bf01-0785378682b0,262.0,232.0,214.0,454.0,1
cbbd4c12-de6e-4bf4-b782-0b46ca63d645,156.0,387.0,271.0,245.0,1
cbbd6761-0ba7-4d3d-81f7-f335cea85dd2,,,,,0
cbc33adf-8a86-4c11-9c8c-ad657ce3afff,175.0,630.0,251.0,266.0,1
cbc35978-c3ec-4146-a5d3-8c89ce5a80c0,,,,,0
cbd8a653-036d-4f8d-a364-e1c15733f676,,,,,0
cbe2cae7-00e2-4255-bc97-84a9a5059ec5,,,,,0
cbe3bbb2-54ca-435d-ad34-17c41f9a05c7,,,,,0
cbf6a640-0b18-4b92-b363-7abb14588164,,,,,0
cbf72626-2c8e-4d1d-91a7-4afcb413674e,170.0,250.0,284.0,515.0,1
cbf8651a-5300-44e6-b1cd-e17333421844,,,,,0
cbf90d22-07ba-40c0-b043-55ab73851ba3,,,,,0
cbfc0e6b-be9f-42a0-be31-201692df68cf,,,,,0
cbfe524a-a267-4255-aa19-97b27e0f1b85,,,,,0
cc0be168-3b95-4a71-9e74-e2cf577dfb4d,509.0,194.0,275.0,530.0,1
cc0be168-3b95-4a71-9e74-e2cf577dfb4d,183.0,154.0,261.0,637.0,1
cc113a07-858b-4a47-9805-cd66e07d10c7,,,,,0
cc12cc3f-4aed-4814-a7a1-64651bbeeaa5,,,,,0
cc143014-e24a-4ac2-be70-7de06c82456d,,,,,0
cc21bff6-3d55-4a5c-8f2e-263411767854,,,,,0
cc269df0-a264-4980-8d99-97a50322cc9c,,,,,0
cc2ca665-2c98-41d7-876c-d8d83be03373,,,,,0
cc4aafa8-b67b-41c1-a7c5-e7abb1f365df,,,,,0
cc4e43bb-a9ad-4554-b060-2a64414cd6df,,,,,0
cc508d41-d95a-4057-8921-b987be8b0763,,,,,0
cc548ac0-8784-4430-86af-02e1c6bc36c1,,,,,0
cc5a6673-3143-4f18-a404-da9952898059,,,,,0
cc67a408-4da8-4992-9d07-9ab8cff9917c,,,,,0
cc77d05d-ebcd-44a4-b1b9-ccd9f0bc9030,,,,,0
cc7f5632-634e-43eb-9f97-b7d6b91bdabf,,,,,0
cc7f90e7-f6d9-4f53-a047-95c30af98052,,,,,0
cc843bab-5068-4e18-a3fd-a597faea82df,225.0,464.0,296.0,208.0,1
cc847774-1558-43db-b76b-06948bd858db,,,,,0
cc972377-e6b1-4325-82b9-131e5235c5c9,,,,,0
cc9a9148-7419-4ba6-a56d-a7acdaae2d4d,,,,,0
cc9cea85-7cdd-4157-9c3f-d7c3edfaf4fa,,,,,0
cc9eab58-ad5f-4166-9d38-f0fe248f1f6e,,,,,0
cca52be8-ee4e-42ea-9dfe-df2ef95c96e9,,,,,0
ccb10edf-bdb8-4022-b6ce-c131dee4541b,222.0,354.0,208.0,340.0,1
ccb56286-f7d5-4786-82bd-b6b3e18e2149,294.0,459.0,169.0,330.0,1
ccb56286-f7d5-4786-82bd-b6b3e18e2149,628.0,446.0,242.0,314.0,1
cccbc576-3fe5-4642-91f7-262df5b32a76,,,,,0
cccd0a53-db75-4d87-bf5c-d6e41ee41bb2,,,,,0
cccea159-6c12-453f-9d6d-a1a5ea716d5f,,,,,0
ccd0c3d7-262d-4795-a90e-00d61f076316,,,,,0
ccd24f2e-dfe9-4a26-9c84-0caa0b67cbdc,523.0,230.0,352.0,245.0,1
ccd653b4-ac0a-45cf-a360-8bcff730d002,,,,,0
ccde43f6-ac91-438c-b68b-e569dfd6e945,,,,,0
cced60c2-0cdd-4730-8b6a-34386fc4dcfa,,,,,0
ccee103f-fd2f-44b1-a14d-5f78c7073868,326.0,287.0,191.0,292.0,1
ccee655e-89d0-4ff8-b16e-33b214b08daf,205.0,196.0,308.0,488.0,1
ccee655e-89d0-4ff8-b16e-33b214b08daf,599.0,137.0,355.0,522.0,1
ccee8914-7408-422f-9800-c86f5e906939,,,,,0
ccee99da-41c7-488c-920b-1628640e5165,,,,,0
ccf5190b-57b5-4d17-a8ba-370625324302,,,,,0
ccfd476e-b3b6-4fda-83a4-ca66790a1334,,,,,0
ccfedb18-010d-4fee-9216-05fa693b4acf,,,,,0
cd088caa-f31b-44ec-af78-660e4929c583,,,,,0
cd0920bf-ef5a-43d4-bcaa-e174f3f2690c,,,,,0
cd1debc0-a659-438e-a793-bddc503683c5,,,,,0
cd2b611e-dc2f-45de-9969-691686e7e754,,,,,0
cd2f7adb-3ba8-4969-b9b5-44eb40930e8a,,,,,0
cd30be82-c93f-472c-9799-0346e52e485c,,,,,0
cd34dc8f-bf77-401b-8fa2-a671d66558d6,,,,,0
cd3541aa-97a6-47ce-8af2-63e541038aba,,,,,0
cd38e7eb-c6fd-46cd-ad22-7c88d2813204,,,,,0
cd3f4b22-8bd5-4ef1-bc4c-cdefea2fe510,,,,,0
cd42d4a8-38fc-4507-a4cc-d09c5213c4c7,,,,,0
cd544eaa-5084-4bd3-81d1-8d02da582260,275.0,262.0,231.0,410.0,1
cd544eaa-5084-4bd3-81d1-8d02da582260,681.0,245.0,265.0,350.0,1
cd67900c-dafd-4978-9938-fc112ab25b0d,,,,,0
cd6ec892-0c33-40b0-a4b3-8d29581e1782,,,,,0
cd70a898-0d26-4a46-9949-5dd6ea3993ff,,,,,0
cd71312c-8fc9-48fc-8084-2a5cf8debe66,,,,,0
cd747701-e664-4aed-b303-b54ccdd1af28,,,,,0
cd770f6b-91a2-4bc7-8efc-f650b98c1f42,,,,,0
cd79b093-d3a2-49bd-8868-b463ff05f3e8,604.0,336.0,264.0,294.0,1
cd7ea8a1-ab95-486c-bffc-b465d71be196,,,,,0
cd7ed4b2-eae7-4fef-ba8d-5c1825efc0f7,583.0,465.0,215.0,173.0,1
cd7fbcf4-ab90-4e19-967f-4ac8cbfdcad1,,,,,0
cd84b533-e235-4458-a278-69b67d743b83,,,,,0
cd86f0cb-06c7-4e52-8bb9-4cdf94f33951,,,,,0
cd8de9ad-7056-4e16-9e82-01f2f7d34f57,,,,,0
cd95e38b-a837-4b7c-8d00-cf5bfd223c73,,,,,0
cd998117-d583-4316-b9b0-a2a67403ac09,,,,,0
cd9da56c-bca8-471d-80fd-91a0cab24e94,,,,,0
cdacf2e4-0ee9-4989-91b3-a2d8ce266414,,,,,0
cdad2755-5a5e-440e-a815-c1f9342821a6,,,,,0
cdb54ee1-847d-494e-83b7-81a6da44b599,,,,,0
cdb887ea-56a4-43a2-a3bb-d9f8a1541df4,,,,,0
cdce5e2f-8de7-4d85-a350-26e9826f57e4,,,,,0
cdd3a281-fd3e-40a4-9276-3cce68ec47a8,,,,,0
cdd90da1-0fa8-4704-b75e-ab38320b14ed,,,,,0
cddc6ce3-acd9-46d2-a76f-8dae7d9245e4,,,,,0
cde39aef-eb18-4061-bfb9-2c0fa879285b,,,,,0
cdf88f1e-b289-446e-8777-f11cfe76af4d,,,,,0
cdff09a5-ca16-4391-863b-ae2cc6946018,,,,,0
ce026848-ce9f-4d56-befc-fd4772133fe0,,,,,0
ce03fedf-17fe-496f-9821-aa1f1e64f46f,,,,,0
ce0f8abe-6b5e-4fb8-b606-f8656f720896,,,,,0
ce131105-5508-4ff2-bf2a-1ccd9fe07c43,,,,,0
ce13294e-e01d-4074-86dc-0dd747226a5c,,,,,0
ce16f0b3-8544-4404-a6f8-0ff6887be4c2,,,,,0
ce1b61b9-b544-4896-82ab-26f248aa24a5,,,,,0
ce1bca7d-6c35-4778-b310-c3d916111534,,,,,0
ce1ff7c6-b08a-4d22-8b42-cfa6084e1285,307.0,216.0,242.0,457.0,1
ce1ff7c6-b08a-4d22-8b42-cfa6084e1285,713.0,262.0,216.0,565.0,1
ce3983ec-330f-4941-8cba-1600a774ecb3,,,,,0
ce3ae888-398a-4fbe-a46e-8572a4925d86,,,,,0
ce507fe9-0d28-4367-bf6b-bbfde15845eb,,,,,0
ce50d182-9dd3-4eef-9ade-2a52b6a29945,,,,,0
ce5a7193-8cc0-4d8d-8cd1-ebd488caa01b,,,,,0
ce6517d2-cba5-4e79-936d-1d8bff1559fe,,,,,0
ce67e872-fcc3-414b-9410-0fdd862e3c27,,,,,0
ce6a770b-48df-4bae-9ff1-b00e9503e2df,,,,,0
ce73e9d0-475c-4e50-996f-6018b686db52,,,,,0
ce78968e-f7e6-4191-b8c6-768eed4ac113,,,,,0
ce7de6c5-a66f-4c77-913a-7d29fe5ea882,,,,,0
ce808df9-fa39-497f-a393-efd4890474a4,,,,,0
ce81a461-251f-4fdd-8222-a6eb7fbd6e1c,,,,,0
ce823599-6f37-4944-8598-4612d72398dc,,,,,0
ce84731f-95b7-473e-ad1b-125523a3a71e,,,,,0
ce85247b-3efd-44c4-9b81-b290baae4fef,,,,,0
ce8b83d0-dc04-45de-bfa1-bc67b24303a6,,,,,0
ce946fb0-85a5-457c-8be8-cffbfe0061dd,,,,,0
ce9c643d-d964-4796-a3af-f6395b471160,,,,,0
ce9cfea5-2872-461f-838f-eccc70df0160,,,,,0
ce9f0c38-a86b-484d-93ae-99a7203ace0b,,,,,0
cea16ea8-3df0-4451-ab83-26616ec0dab4,,,,,0
cea67661-c13e-41e4-b501-6950faf473cc,,,,,0
ceae50d1-5854-438c-8cb1-0579e376e286,536.0,453.0,281.0,137.0,1
ceba48d8-8898-4c57-a83f-8eb22f9b9a71,,,,,0
cebb69a9-f939-4f65-bafe-fb30c51e3fb1,,,,,0
cecd4a1a-f4eb-4eef-adc7-6ab571c803d7,,,,,0
cedb4eb3-65e1-40c9-9683-c3b582991877,,,,,0
cedc0cde-789d-4a63-9778-b57cffba2d94,,,,,0
cee1b9c9-5f37-45b3-b897-6b4306fc5a09,,,,,0
cef08a3c-5c7e-4126-bba0-abdbded7e810,,,,,0
cef1eade-a017-45f5-8a8b-947c5830631f,,,,,0
cef618fe-0158-47e9-ad65-546f6ffcb4b5,,,,,0
cefe76c1-d7c8-4f95-830e-6491791f208e,,,,,0
cf0c675d-fb78-462b-b17d-9a41f0b7c6b1,,,,,0
cf1d2961-31eb-47b8-b2da-7e79b63710a5,,,,,0
cf24b27f-989b-401c-b36f-f48d8404ea05,,,,,0
cf2b0a13-fc2c-475c-89f2-eaa17690a00a,,,,,0
cf2d9b73-aaec-4630-ab0e-4e09ad68ee3d,,,,,0
cf2dd2cb-07d7-4add-b36a-17c16df7deaa,,,,,0
cf2f59a5-10cb-480e-b79d-82f31f80d96e,,,,,0
cf325673-d513-41e7-99de-2d3573e782b4,,,,,0
cf3b020e-54de-4fc2-bacb-d71feee8d1a1,,,,,0
cf417f5d-5b23-47e0-a1ea-69e79994d31c,,,,,0
cf42b86b-5320-4983-9c98-e5a1c925d3f4,,,,,0
cf474eee-43d6-45b0-80c8-c07dfed4eb99,,,,,0
cf4fe47f-62a2-4b8a-96ce-8a30296f5a7f,,,,,0
cf56523f-376d-42af-89a5-ba0b921a2881,,,,,0
cf5ab84f-a539-4369-8cbb-fd227bfecff4,,,,,0
cf63d55f-512b-43c8-8c84-0aedfc89f3a0,87.0,230.0,283.0,138.0,1
cf66c8ce-d79a-42c2-b9b3-31f279bcf1bc,,,,,0
cf6b10b8-de21-4cb6-b7d0-a3d3ef557412,,,,,0
cf746da1-6346-4389-878e-da7d674ea693,,,,,0
cf81cc61-16b5-496f-999d-d34b434a9cde,161.0,208.0,304.0,402.0,1
cf8c70d8-1d3d-4cc6-b5bf-63713862da0c,499.0,177.0,331.0,426.0,1
cf8c70d8-1d3d-4cc6-b5bf-63713862da0c,144.0,227.0,293.0,320.0,1
cf972338-3717-40a6-8222-b65cbd8e2ef9,,,,,0
cfa2a865-2d83-4ea6-ba71-b13006da22ff,,,,,0
cfa9aa21-a9bf-49fd-a8c7-810d6e368a8e,,,,,0
cfaf42f8-cd2d-4f21-aaf5-7113238418b2,,,,,0
cfb9c07e-b350-49ea-a42d-dcfb9d2a37bc,,,,,0
cfc035aa-7dc6-418a-a70d-21f0a924c6fb,80.0,282.0,352.0,469.0,1
cfc035aa-7dc6-418a-a70d-21f0a924c6fb,563.0,325.0,239.0,317.0,1
cfc7e223-b50b-4204-973a-6cabce3072a0,,,,,0
cfcfaa4a-9c58-4eec-bb63-708e2b25df16,268.0,417.0,291.0,252.0,1
cfcfaa4a-9c58-4eec-bb63-708e2b25df16,549.0,212.0,292.0,508.0,1
cfd26b52-bef8-4bd1-b5fb-a090d6b3e6dd,,,,,0
cfd39af7-db94-4619-8fcb-9a8a54464339,,,,,0
cfdf3841-5afe-4b51-8fbd-bbcbd3f233c7,,,,,0
cfeb3d28-0221-4523-8457-a435f840bc60,,,,,0
cfeb791e-5a3d-41ee-a55c-c3886955d027,,,,,0
cffd1abd-4098-4857-8b58-23b25c701e79,,,,,0
d0024302-d967-49d3-9b91-2d6947c4fc1d,,,,,0
d006c807-f4e0-4607-9aa0-db043d087fc2,,,,,0
d00ba7b7-0f47-4b7f-9803-d9835da7e4be,,,,,0
d0183e7f-16b5-4dec-9190-2141bc78f683,,,,,0
d01efc31-f83e-46dd-a3a1-1eb73f60ddcc,522.0,156.0,249.0,405.0,1
d01efc31-f83e-46dd-a3a1-1eb73f60ddcc,251.0,144.0,222.0,427.0,1
d0218b7c-e2f1-413b-939c-14c6e02a195e,,,,,0
d0336647-42c8-4f97-8714-b5adc9748873,,,,,0
d0370ad5-e503-4826-be45-b710ffc5066f,254.0,353.0,277.0,496.0,1
d0370ad5-e503-4826-be45-b710ffc5066f,574.0,328.0,281.0,500.0,1
d037df85-c86e-43cb-a14e-7bf57ee9b5ad,590.0,154.0,279.0,529.0,1
d03b693d-8e4d-48ee-8cb3-8577680a55e4,527.0,158.0,276.0,392.0,1
d03e9027-011b-4d1e-8cc4-ecdd6c51a6ba,,,,,0
d0445c4b-6a2a-468f-b65a-558968857adb,,,,,0
d0463dae-cd9f-464e-b3af-3402ba039605,,,,,0
d04906b9-f53f-4c77-8e58-433fb76feb61,,,,,0
d0497fdd-2dae-46a8-bab5-d00743a7271f,,,,,0
d052067b-72be-4393-9f8b-5be595b9c55a,,,,,0
d05b6b06-c177-4411-9cbb-5d5b91e2ae40,,,,,0
d064a8be-a2df-47f1-b4f3-f340123c2d9c,,,,,0
d0654ae8-b032-44b4-93e1-399dfd5dde26,,,,,0
d07429f6-a00d-4992-ba88-dc8d3167921e,,,,,0
d07c7766-b464-4176-8a16-8b46b267f0a9,,,,,0
d07d77b7-0017-49e3-9fda-093f04fec6b5,,,,,0
d08736aa-d78a-4c3b-975a-ef5cf7f2163c,,,,,0
d0898d2d-4b39-45b5-9936-016e3d162eb4,,,,,0
d09cd5c9-7f1a-42e4-aa26-aa7cedac3f62,,,,,0
d09dcca5-57f9-4145-aab5-cf270fc74f55,,,,,0
d0a2ca41-1f5b-475b-9cc0-b7efc4f19624,563.0,373.0,257.0,433.0,1
d0a2ca41-1f5b-475b-9cc0-b7efc4f19624,172.0,366.0,315.0,434.0,1
d0ab6625-7797-421a-b68a-913c9a9e3d2c,,,,,0
d0aef06c-bd52-4859-ba1e-a30acc3e7855,,,,,0
d0b9dbae-fb6e-4957-a853-76a199ad0868,,,,,0
d0c5bb79-5c0e-4b9b-86ae-58d24d259dd5,,,,,0
d0d1689b-90e7-4812-bed5-2b9b526bef81,,,,,0
d0d60f84-3e6b-4eb5-b20a-f350cac99b3f,,,,,0
d0e572e1-e769-4863-9041-be32b9d0d380,,,,,0
d0ea3f4f-9bc8-417a-80ba-2ed5603b7662,,,,,0
d0ef248f-6358-45d2-9264-79533aa50593,298.0,216.0,260.0,511.0,1
d0ef248f-6358-45d2-9264-79533aa50593,602.0,284.0,253.0,371.0,1
d0fa7872-9743-4a81-b75e-4d8973e064b7,,,,,0
d101a3ca-db2f-4914-83f0-a4d7f81af99e,,,,,0
d10eacc0-9e8a-436c-867c-733e3fe424f5,165.0,443.0,290.0,353.0,1
d111370c-c618-4b8f-a825-aa45f8f88cab,,,,,0
d112ae38-3ba8-45e4-b3ca-19316b3cf787,517.0,272.0,272.0,342.0,1
d112ae38-3ba8-45e4-b3ca-19316b3cf787,253.0,230.0,221.0,400.0,1
d118f9f3-814d-4493-8ba3-6ecd8e968d2a,,,,,0
d11910e5-aff6-4c50-a7f3-6fff141fefeb,,,,,0
d125836c-de5f-411b-a76d-4d2ec44ad9e5,,,,,0
d125da15-5e09-4f2b-b1ea-85c29ed618ef,,,,,0
d12683c4-6765-4f20-9f1c-fd6f6e98ec4b,,,,,0
d1368bfd-8e96-4c4b-9c83-205fc4576b7b,,,,,0
d1392a45-212f-466c-90d4-d66e54cdf3ee,,,,,0
d13f651e-65e6-462a-89a7-d21b49b480d0,,,,,0
d147d24a-84d9-445b-b9f6-60a8911d6e9b,,,,,0
d14f9be0-d3e5-40d9-b3dd-f85eaf6eac1a,,,,,0
d15fd998-0f0f-44cb-850e-ead59d46a231,,,,,0
d174137d-e2e4-402b-be23-e1abdc66b645,,,,,0
d1743042-acd7-48f8-b03c-7a6515ada9f8,,,,,0
d176bc03-d080-4f59-8d1d-1fad98affb90,,,,,0
d17c8ec3-cff1-4976-b83f-ba808e6a1428,216.0,508.0,252.0,279.0,1
d17d2c0b-4455-49b6-93b1-26ffc9d0d435,,,,,0
d17e08fa-cd21-4bd4-b3d9-3b55d51ee9cd,,,,,0
d180d18c-1134-4647-b0a7-0c8a5e535964,,,,,0
d184ed19-d81a-4168-9e45-21e1332390be,214.0,659.0,141.0,323.0,1
d18bd9aa-3310-484d-b754-3229e3c3da30,,,,,0
d18f4964-da90-4c37-bb7b-4ce1b2bbb6af,300.0,218.0,248.0,436.0,1
d18f4964-da90-4c37-bb7b-4ce1b2bbb6af,642.0,150.0,257.0,407.0,1
d1971a81-9fac-4fd4-82b8-8d51847bf4df,,,,,0
d1a1567d-07fc-4297-8d1c-3c73d11bc5be,,,,,0
d1b68775-0f91-49aa-8a66-3265224c6c0a,,,,,0
d1b82a68-d825-4d3a-8580-645614eaf16c,,,,,0
d1bc26ec-a69a-41e8-b879-95a60439bca6,,,,,0
d1bd7838-a821-41d6-8cc1-55edc432ac45,,,,,0
d1cd3958-3094-4323-90ec-8904029f0e50,,,,,0
d1d01959-a2d0-4168-b6bf-463b32923198,,,,,0
d1d44bdf-8be1-463a-8b92-4f566675d43d,,,,,0
d1d94c7c-aa35-44f0-b561-8c31676f0c99,,,,,0
d1eb2eac-bfab-4ca9-92a9-b12356b10c5a,,,,,0
d1ed1c71-7886-4954-b050-83efdcf380b3,,,,,0
d1ed633c-7dac-40fe-8f79-1c3b68f2f006,,,,,0
d1f5333d-31c1-4cbb-95ef-7ca66e5e6a28,,,,,0
d1fd4dba-cf88-43a5-84b3-b71224f35d0f,,,,,0
d2022d4e-4224-4aac-ac5e-01ab4bd3792b,,,,,0
d20a1a10-d569-42f7-90e9-882f7331e3ff,181.0,602.0,299.0,198.0,1
d20baf0b-b7f9-4802-a701-f7d0c9536751,,,,,0
d20eab1c-69ed-486e-826c-7c0b15dd61b3,152.0,440.0,256.0,145.0,1
d212e9df-1853-4593-b6a4-e4b3458bdc85,,,,,0
d213b300-15b6-446f-b9cb-3d9ddc4baf4f,,,,,0
d21874a7-4f0f-4f9c-b96b-349095f57898,,,,,0
d2442b84-f67b-4d68-8eea-f03e38502330,,,,,0
d244efbe-b58d-4863-a97f-b972f8c37a8d,,,,,0
d25064e1-6b63-4253-ab14-10137214e47e,,,,,0
d2515465-fed3-4795-80fe-cd24021259da,,,,,0
d251b5bd-a852-44e1-99a2-37b7a2d0414a,,,,,0
d25e7721-294f-4dab-a8bd-7bd26c706658,,,,,0
d2728580-d27f-4e36-998b-7dd4caf0036e,,,,,0
d273db28-8ed7-491b-8b32-84fbccffdde1,,,,,0
d27599f4-d62b-4f38-b453-9ae87dea771e,,,,,0
d294089a-ea13-4d9d-83f4-2ab2b5831eed,,,,,0
d2a3b182-602f-4399-a303-94df211691ba,,,,,0
d2b66ae1-3978-40bb-97e7-70a2f23689fa,,,,,0
d2b89a21-02e7-49ed-9656-29bb2da04f38,,,,,0
d2bc7040-d61a-410c-aa63-7bed8eea86e6,,,,,0
d2be9e45-4d91-4fda-9e20-bfe408ace8c6,,,,,0
d2c420e2-b3e4-41b6-a407-6f94e2ec69cc,,,,,0
d2d916f0-1674-4cdd-86a6-504e71b69995,,,,,0
d2e20452-1f79-4205-84d1-e658ff5eefef,,,,,0
d2e846f6-5072-4b65-a5ec-2d8bdd104891,,,,,0
d2fbd895-1c87-4a86-9867-38a94032c4f2,,,,,0
d2fe733b-8b84-4a3f-a8e9-1eaafe9f6818,,,,,0
d309f369-5cb4-4ad6-8b6b-316a1a973405,,,,,0
d30fd0bf-e680-4647-a878-45bab65c8030,,,,,0
d3118280-e424-4e8d-9236-9628ca99c1a9,,,,,0
d316256c-457d-433a-998f-55144131d1f7,,,,,0
d316de65-1fcb-45a9-9dc3-b7e956c2132d,,,,,0
d325fbfc-2b75-49c0-ad11-42f673673b49,,,,,0
d328ae18-7709-405c-b83e-4d36bdc82388,,,,,0
d33bf5bb-4200-4a66-bbbb-29e2e94ef412,,,,,0
d3420a18-3da4-4bcf-b602-81f08e1a11dc,,,,,0
d348fb26-a823-46d9-a8ee-e91c97f5982c,,,,,0
d3495d40-c1fb-4dfb-804e-1a9741f7cff1,,,,,0
d34b14ec-9bc4-4f71-b720-0ccb3ae58f84,522.0,154.0,225.0,458.0,1
d34b14ec-9bc4-4f71-b720-0ccb3ae58f84,140.0,146.0,271.0,501.0,1
d3564be6-7c67-49ab-8267-a3b2e02adfe2,,,,,0
d3573178-716c-463c-a50e-b101fecd267e,,,,,0
d38664f6-e60c-47d9-8eb5-ddc29475505a,,,,,0
d38f5238-1f5b-42ca-8e3f-4027fdd105c2,,,,,0
d398a439-a18d-4f05-a2c8-1487e561a47e,,,,,0
d3996f51-ab5a-40dc-8faf-49f93eadd0f4,,,,,0
d39d1d35-290b-49ff-8066-5933f0732cf7,,,,,0
d3ac4cae-248e-4ada-9da2-d943a82de813,,,,,0
d3ad2915-af30-426c-ad2d-1634df8c1b5f,,,,,0
d3bc87ed-6343-4196-b277-e94b01f1da40,343.0,154.0,282.0,538.0,1
d3bc87ed-6343-4196-b277-e94b01f1da40,695.0,121.0,289.0,613.0,1
d3c9525a-d036-4bfa-b1da-6d7d2053b894,,,,,0
d3d4b37d-f9b3-42e5-b98b-b27744d7f732,,,,,0
d3d4bde9-54bc-45fc-9021-1d5a0a834c49,,,,,0
d3dad6bb-8d1a-4542-823a-ba12bf6a5124,,,,,0
d3fbcb3d-b39c-4c8b-a23d-ae786dc11bfe,566.0,134.0,263.0,442.0,1
d404b53e-93e4-4dab-8408-35713b4617f9,,,,,0
d41a3f14-7f64-41e6-9fe8-6b56b13d3ac4,,,,,0
d428e8bf-6ef9-49dd-9cb5-d9b11fc6e56e,,,,,0
d43a6e87-b64a-434d-9e4b-27f55779ad86,,,,,0
d447f2b6-9217-4b6f-ab02-a0763594ef75,,,,,0
d448a509-7374-4682-8374-3b6fa243ac13,,,,,0
d4665627-1e31-49c2-a447-ad8182197654,,,,,0
d469143c-2dd0-4271-a2c6-5eedfcdb6378,,,,,0
d471c394-f44a-47a4-9e41-6a651b8916cc,193.0,210.0,217.0,447.0,1
d471c394-f44a-47a4-9e41-6a651b8916cc,498.0,232.0,272.0,449.0,1
d48e61b7-594f-442d-9e0c-a435f5e811f5,,,,,0
d4911016-ade1-4a4c-86b2-7fc3dffb326a,,,,,0
d491c6bf-7598-490d-a1c1-205cba0184d1,,,,,0
d493c726-b86a-4f13-9eda-8c2cd354ac8f,,,,,0
d4977648-972e-467e-9a7b-9143c23ec00c,,,,,0
d49f6b2a-8e3b-4b04-93a7-b1e11cd9657c,202.0,557.0,203.0,301.0,1
d4a0c298-aed3-48ad-8f81-4ab8ba07fa78,,,,,0
d4a11137-89d8-4859-90ce-920aeb2ab53b,,,,,0
d4aafd46-960c-4cb3-aecd-49a783ab0d02,,,,,0
d4b0b6dc-9408-4fe4-96c3-1a7b9ad4ec88,,,,,0
d4b2b93e-696e-47fa-b197-160a35534b84,104.0,137.0,301.0,381.0,1
d4b2b93e-696e-47fa-b197-160a35534b84,515.0,138.0,271.0,385.0,1
d4b3478b-d430-4c89-95b5-1c1c27c8eb71,298.0,380.0,170.0,154.0,1
d4b76e52-3b6b-42e3-9dce-a1c39c2fccfe,,,,,0
d4c4d222-b66e-46d0-8324-51d22ec81a9e,,,,,0
d4ca54e7-6d6a-4dd8-a46c-0b0c2813b7ea,,,,,0
d4ce29be-5881-484c-8b05-9f7887e52eb2,,,,,0
d4d3effe-6cdc-4193-a680-5bad888c4cbf,,,,,0
d4d866fe-ae80-412c-aee6-9ea881d56f79,,,,,0
d4e1dc31-00c9-4339-b0d1-ece6d32b13fa,,,,,0
d5011cb2-a146-4ca6-a055-2ec956315350,,,,,0
d50b31c0-05b1-404d-a03f-330d2b13a1b5,131.0,274.0,327.0,468.0,1
d50b31c0-05b1-404d-a03f-330d2b13a1b5,566.0,359.0,326.0,420.0,1
d512ef16-ff52-492f-bf9d-897840d1efdc,,,,,0
d5252a78-3ea1-48e9-9ffb-e7535be3ce80,,,,,0
d525eafb-8908-45fd-a942-48d07c435487,,,,,0
d528d9e9-647a-4e2e-a16c-bd5e32a5bbf5,,,,,0
d52ce67b-be7c-4349-8dc4-38562928d208,,,,,0
d535a3c8-c4a4-4856-b5cd-17f6332eac8b,,,,,0
d5360dc4-6bea-4a7b-bc49-5b2547ad7877,,,,,0
d5364bc1-bc2a-4bd0-a1bd-0cfb5a369ccc,,,,,0
d539e101-5662-445c-9f6a-381e674f0aed,,,,,0
d5431b84-9bf2-4758-badc-569e71ee1f9a,,,,,0
d54d9912-1e3d-4660-abf0-a0f95caa31c7,,,,,0
d54e2889-e703-469a-9bea-dd90c34d38a3,,,,,0
d55144f1-7b8b-424a-b460-5a7051abd301,616.0,117.0,303.0,393.0,1
d55144f1-7b8b-424a-b460-5a7051abd301,405.0,192.0,169.0,411.0,1
d55d7d6f-f869-45f8-8cf3-a176e97bb71b,,,,,0
d5750138-776e-47e3-80c9-a413c2ea72cc,,,,,0
d58bd53a-c69c-443e-851d-479a78d1c9b2,,,,,0
d58c4bab-ae58-4c65-81e3-0c80bcef34c6,,,,,0
d59a852e-d15a-421d-a887-2d371cb5d96f,,,,,0
d59c097e-726a-415f-961b-803b10aa43ed,249.0,494.0,166.0,83.0,1
d5a15545-d86c-4dc7-9ae4-f4b8df1161ef,,,,,0
d5a4827a-3ec2-4d28-877c-676483b27f71,,,,,0
d5a60727-74c7-45bd-8313-bb945a137900,,,,,0
d5ab7cea-a276-4b94-8de2-0cacd8d6e6da,,,,,0
d5abcfba-f083-4021-ae4f-a1075d0dd122,,,,,0
d5ba5556-356b-4c89-9d2a-db012e53059d,,,,,0
d5bf0dbb-c132-42b8-9ed7-4188d0698fd9,,,,,0
d5d7c95e-0682-4b93-bf0b-5dff2fa91a92,215.0,221.0,188.0,253.0,1
d5d7c95e-0682-4b93-bf0b-5dff2fa91a92,594.0,256.0,230.0,176.0,1
d5e1c771-f2f2-4a2a-afbd-4b14b3198500,384.0,441.0,143.0,235.0,1
d5e3ba36-df8d-4813-95c3-9c889209c6e3,,,,,0
d5f84664-f174-4de5-ad4c-185cffe3dc09,,,,,0
d5fab21b-cd53-4a20-9702-a58ea1978623,,,,,0
d60394b5-1f55-4929-a054-abd1eaa5d088,,,,,0
d60b8fd0-044e-4bbb-b88d-05289327dce9,,,,,0
d60cfe34-6753-44e1-ba22-7a106ff7be83,,,,,0
d614cd4f-8419-48f4-a9c8-cb5282f329ec,,,,,0
d618ae9d-f68e-49d3-acc9-23224ae19546,,,,,0
d6195cb9-e8c5-488a-b406-a43e2ec44af8,265.0,529.0,103.0,236.0,1
d61c99d9-66b6-4f9b-9533-416184b4d0b0,,,,,0
d62be218-d914-4c91-94ec-7f84fa887927,,,,,0
d6406a7b-d4ce-4495-ac63-ccde4b062fa7,85.0,101.0,163.0,130.0,1
d640b82b-9fa6-49ad-9139-d1a0f1f8c7e8,592.0,448.0,148.0,163.0,1
d654c576-805b-449b-94c2-8aa4cd115ea4,316.0,526.0,148.0,101.0,1
d654c576-805b-449b-94c2-8aa4cd115ea4,707.0,401.0,130.0,136.0,1
d655fe66-2c4a-4c6b-8e5b-3e2a87e43b16,,,,,0
d656b7a1-1ba1-4ee8-ac6a-71fb8e610548,,,,,0
d65bb050-b618-427b-a607-ff7f130d9f3e,,,,,0
d66016fc-a177-4b0e-bc55-5b24e507a36a,,,,,0
d660d827-101b-4f22-bbc5-ff559de9d2f0,,,,,0
d663a4a1-4e1c-48cb-afda-b4d35f09c9f6,,,,,0
d67566dd-9533-4b84-b4a9-edc7ec3efaad,,,,,0
d6767f06-1031-4bbd-9757-31c7c9fc0b3f,,,,,0
d67dc3db-ef44-483c-abda-fe7d4f6dbd46,,,,,0
d6807276-e6a7-474e-b490-7dcfc8da4179,,,,,0
d6829280-5545-4b88-9cae-8b09ffe5b4cc,,,,,0
d6888434-1370-4969-be75-16b241256fe3,,,,,0
d6a2ad68-f1ce-441b-bf20-6c165e33dcd3,,,,,0
d6a89eeb-11f4-48a2-ad36-10aeff8a2560,,,,,0
d6aac95c-a616-4627-8575-132fec7610c8,,,,,0
d6b17789-d8cd-4487-99c8-baecc7e18747,,,,,0
d6b6027b-bf05-4ca7-a1d6-8b8bf40cf76e,,,,,0
d6b6b653-50d4-4107-986d-6321f9d23ce3,,,,,0
d6c2a0bf-3d7d-49f2-83b2-38637fd85fed,,,,,0
d6c85c36-7611-4403-b5e2-2328d8aecd10,,,,,0
d6cb8162-9a5b-4ec4-8d78-bc9933367ade,,,,,0
d6cbbf34-2e37-441e-8d38-fc136ca0b614,,,,,0
d6d83df1-a04a-4f31-a65c-0643cf1a8312,,,,,0
d6dd5d18-ca52-4667-a951-e4b8112b1e01,,,,,0
d6eb6ef4-09b0-408b-a07c-d66d7af6e700,,,,,0
d6f069f3-4d8f-41e4-9aea-22085b71c1a5,,,,,0
d6f224ef-4143-4af7-a164-f7b1ad68e8d9,,,,,0
d6f2bc24-e0fc-46b6-a633-cf181e6882d9,,,,,0
d6f738cd-5f62-40b1-8410-6940add3ece8,,,,,0
d6fad98b-6794-45c0-9f12-360c1635d4f1,,,,,0
d6fd6d1d-47f6-496a-8395-bfdc6c6759ab,,,,,0
d7003cae-3056-40a6-ba2a-eb277e991567,,,,,0
d703f118-7133-48d1-91ff-56fcd50d6d9a,,,,,0
d7071fbe-b223-4a08-bab2-f378ed039c3e,,,,,0
d70cf6a3-da4b-4ecf-a93a-62eaa70312d5,,,,,0
d71602f4-ca1e-4651-8eb1-86bfde77556f,260.0,646.0,250.0,165.0,1
d71604a3-0d68-43cd-9a22-44b4202537f6,,,,,0
d718cb8e-2aff-49f6-a1e8-3fbfd92998b2,,,,,0
d719e1fe-366a-4d2b-a816-f0f1bcf3e4f2,,,,,0
d729b6cd-ba12-4435-b706-e80cff80dcfe,,,,,0
d72b59f3-cac1-48b4-b0a7-63e439e5ace6,,,,,0
d72c29d3-1322-4e17-9472-9ab38af34234,,,,,0
d72cd242-ad82-480f-acd1-e1b3a793cad2,662.0,275.0,208.0,339.0,1
d72cd242-ad82-480f-acd1-e1b3a793cad2,195.0,409.0,213.0,363.0,1
d72fd7cc-f4fe-40d5-b7b6-3ef63d807d4d,,,,,0
d7308547-72df-4a22-9387-c1a96c8f8e44,,,,,0
d732200c-074a-42dc-8a4f-a13bc8ade620,,,,,0
d73404b9-b882-4d8f-a14f-876aa52c9559,637.0,259.0,166.0,263.0,1
d7350314-1adb-43b1-bf6f-c48f32760e5e,,,,,0
d7383aa2-853a-42c8-aa78-b73bab6b511e,,,,,0
d73978a6-64da-4ba6-b3dd-b47a2baec36e,,,,,0
d73f8aec-a76a-4f3a-bd3d-e343d5158c18,,,,,0
d75a471b-c105-4177-a606-8cd7939a36e7,,,,,0
d75b355b-5d62-4d34-96d9-0b012727f703,,,,,0
d7634be8-a024-44a0-933f-c8831de69342,,,,,0
d76d709c-ec60-4c66-9002-2d0420b80073,,,,,0
d775e568-ff6f-462a-b33e-91eb1ed8031b,,,,,0
d77b519d-abb7-49d7-8bec-dedebe8f50d1,301.0,471.0,90.0,163.0,1
d78984e0-5c30-45be-a11f-75a31f7898c1,,,,,0
d78e30cc-f918-4558-a97b-7ad94694db08,,,,,0
d78f378a-ced0-479f-bc0f-9ba8d6ba0195,,,,,0
d78fde71-f582-4ab3-9f55-d68a44cbd158,,,,,0
d791fdca-2616-4920-afde-0b85bf6efaf4,,,,,0
d7963df6-0a3f-43e9-98b5-c30254a9a1b5,,,,,0
d7b27590-3f78-4e51-9ab0-4490b6de0019,,,,,0
d7b458c6-bb21-41de-b180-968824348270,,,,,0
d7b49f1d-1642-4c0a-bbe0-0fa81a8e520a,,,,,0
d7ba9479-e67a-44dd-8a2b-8a6bea055e72,728.0,472.0,128.0,96.0,1
d7bc873d-d3c8-4ec0-88c2-61a508ad552c,,,,,0
d7be9c7e-065e-4e4d-9b9e-766a931eec7f,,,,,0
d7c45e0a-4ca6-4b22-a45b-42d2f786c313,,,,,0
d7cac31c-73a9-4c8e-ba03-8a4e707b62e0,,,,,0
d7ccc813-9dab-48c3-bf30-c6d305c85a4a,247.0,458.0,171.0,309.0,1
d7ccc813-9dab-48c3-bf30-c6d305c85a4a,609.0,279.0,185.0,399.0,1
d7d8b0c1-86b7-4f75-81cd-79afd817d247,,,,,0
d7da04ac-1722-48e9-bb60-a7cfeec3e20c,,,,,0
d7e93427-04dc-4844-a4ae-cd5a5e1e4727,,,,,0
d7f4ada7-964c-4d32-8a77-b74e175d7a6b,,,,,0
d7f53d93-3827-4b5a-8d45-819402c4b3eb,,,,,0
d8081452-c999-4428-8aac-9f5fad28ed81,,,,,0
d81627e3-685c-402f-890b-0a0308d11f50,,,,,0
d8191ae1-4e44-498f-8c77-094f99fc14bf,,,,,0
d81b7d60-7328-4cd8-b21a-1311d441346c,,,,,0
d82ab459-379b-411d-a0f4-59c8df10081b,,,,,0
d82cab3a-67b4-4316-a2dc-697ee283fff4,,,,,0
d82e5841-2f43-4eab-ac17-e98a2d90c51b,,,,,0
d835db70-7ec9-417a-a959-2f7682941e2a,,,,,0
d84123d8-3baf-46fa-b029-8a884e45669d,,,,,0
d86a45c2-3579-43d9-9a63-fe5957385d6f,,,,,0
d86c6699-534d-4396-ad9c-49c978acbcec,,,,,0
d870e46f-6a1b-4697-acaf-123f7da43090,,,,,0
d8787200-cf92-4b48-8687-c6a356575939,,,,,0
d894ff12-6d1c-4e18-a576-dd118a52f739,,,,,0
d8a9e6dc-7314-4ab7-b978-1b2879333bd0,,,,,0
d8a9fb54-e7a2-4d4c-bb20-63664144a01c,,,,,0
d8ac4d66-0b5e-4fa2-a568-7f2b9c25571d,,,,,0
d8adf370-83b9-4852-bedd-6e180fb95d9b,,,,,0
d8b83616-defd-49f5-adc0-e43d3f86e258,,,,,0
d8bb0401-fc67-42e7-b279-3177c378eba4,,,,,0
d8bc314b-c04f-49c6-8011-d857faab050d,,,,,0
d8c78ded-e7c7-4906-b296-79396b642c1d,,,,,0
d8cd7100-a106-41c7-9aa2-d1b88b789bba,,,,,0
d8ddfa54-02ce-446b-a4c8-a7d20044bbc6,,,,,0
d8e66874-305e-4c80-9b75-5e764eb718ff,,,,,0
d8e8af62-c7de-4f67-a5de-d38507419763,176.0,335.0,180.0,245.0,1
d8e8cf3f-c1e6-4291-add7-9df2fa5b3d11,,,,,0
d8e96e2f-2f69-4695-8b3e-cff938540d4f,,,,,0
d8e9ec9c-eac0-49b6-a983-af4970fd01c5,,,,,0
d8ebd0d5-c246-4208-8da8-725d69bc94a8,,,,,0
d8ebd2aa-c8b9-44cb-bb8e-32e03b355c55,,,,,0
d8ff6d7c-a0f3-4fd1-9f2b-b7da898a6690,,,,,0
d903621a-9a92-470b-bc66-e0287c6490ad,,,,,0
d914c2cc-9c9d-494c-a03c-0eac2bcd01b3,,,,,0
d916d38c-327b-40b6-b56b-b1c47cfddfce,,,,,0
d9171b01-37ee-435c-830d-9cc3bc93e245,,,,,0
d91e72af-33eb-41d5-aeb9-90ccd0b4145b,,,,,0
d9245b95-1261-4dd6-88a8-2c9a69578b0e,659.0,322.0,163.0,263.0,1
d9245b95-1261-4dd6-88a8-2c9a69578b0e,213.0,259.0,168.0,401.0,1
d92599fd-687c-4f1a-b9be-5dc0852c0f2b,,,,,0
d926a5e6-012c-4a22-b961-4e2e547f3fca,,,,,0
d9286f2c-1c62-45ac-852d-f3d51b3e5119,,,,,0
d92e2550-e573-4eba-a31c-aeba4f0b946d,,,,,0
d92fc569-fe84-49e4-bfc0-b35891d0e7a7,,,,,0
d9326771-d513-4db3-9817-776ed5a4940f,,,,,0
d9352f1f-4f89-4fa3-bbcd-4c5108ec09c9,,,,,0
d94616df-2f92-4612-b86b-ba5b18d423ca,,,,,0
d94f4b9a-308a-4b69-a517-d6218dd66236,,,,,0
d9645d7c-415f-420d-b82a-675062674282,,,,,0
d96e0480-194e-4f3c-85ee-ecf9e38a59cd,,,,,0
d96ee1e0-5778-4da1-84b7-0e9149f72492,,,,,0
d96f6c0c-2935-454c-9722-bca2ec4b2b4e,,,,,0
d9763aaf-7377-45e0-a112-2ad0f3bb73ef,,,,,0
d97ae33c-b45b-48b6-b684-b15ed14c68b7,,,,,0
d984ecfc-6b4b-4f39-9e66-c0b79a3d00f9,250.0,549.0,195.0,186.0,1
d987ee6d-abac-4b2a-a7d4-d4c11789c793,,,,,0
d9884def-b31a-4861-9eea-27f97bffeba2,,,,,0
d98964c9-e676-4e33-a456-27cea6ff007a,138.0,561.0,273.0,276.0,1
d99282ee-dc00-40d4-bb8d-5f8dba263a05,246.0,351.0,220.0,175.0,1
d992d9dc-a822-40d9-bc12-527ac6e55aef,,,,,0
d9957c75-1071-4e38-914b-b152f89c3b57,,,,,0
d995aeb6-09ae-4fd0-a8ad-cdb78205300a,,,,,0
d995ff97-0cf8-4f17-adab-f23880706cf6,,,,,0
d99694aa-7079-4798-bd19-9e663b5d9543,,,,,0
d9a51572-0117-427c-ade2-331f6bd68721,,,,,0
d9a6fe09-9ee9-4d64-bc42-cd903276f513,178.0,690.0,186.0,148.0,1
d9b3b030-a5cb-4e86-9a33-2106b0435a75,,,,,0
d9b3d26e-1ea4-4964-81e7-0eff0ec336f7,,,,,0
d9b9ecb8-e27f-4f0b-8a22-822243272131,,,,,0
d9c2358b-2f9f-4b13-962b-1b965316e801,,,,,0
d9db6482-64c5-4195-b7b7-36e7334a9634,,,,,0
d9dde361-fd4c-45df-b461-5c9a29853a3a,,,,,0
d9e8ebd5-c42a-4a1e-9b6d-02c6d97667b6,,,,,0
d9ee5ddc-e3cb-427d-9993-bb00d969210a,,,,,0
d9ef7712-f9ba-4f74-a27b-0019886f5dfa,,,,,0
d9fad3be-6120-4eb3-8c28-e9226f4b0e7d,,,,,0
da12c340-e233-404f-af44-ec897b6052a1,,,,,0
da1a9549-d500-42d3-ab25-81de9d2c9af8,,,,,0
da1f3a87-8ffc-434d-8a00-a7faf37d1a98,,,,,0
da214328-3a8e-4e8d-8801-7e14c0da0de3,,,,,0
da35e070-4778-4596-84b0-bd0ef7339dde,,,,,0
da381173-5079-4364-8f36-be0b1d429335,,,,,0
da3a5812-5bd1-4a2c-9cd5-93ea1566b49e,,,,,0
da423b15-75cf-4935-ba6d-d514714676e0,,,,,0
da4d442b-bd4a-4703-9180-f437a5129444,,,,,0
da4e0509-b237-4dc6-b779-ac7a33d9927e,,,,,0
da52346f-930f-4d7f-9848-fe26a7c0a727,,,,,0
da69ffb8-40fa-49ea-b11e-9ddff40845e8,220.0,97.0,220.0,341.0,1
da69ffb8-40fa-49ea-b11e-9ddff40845e8,567.0,79.0,213.0,313.0,1
da6c861a-4fbd-4c9c-873d-a29411dce36b,,,,,0
da766811-e6a3-445e-bc24-d72ed05242e4,,,,,0
da84b82e-e8a7-4dfe-ac3a-4e28cbcc9d8f,,,,,0
da8b5a41-b1f9-42c8-9598-f813c7a0ceda,,,,,0
da9b4d92-3ec2-4d32-b382-58af8873a1cb,,,,,0
da9bfdb4-a34a-4014-a4a3-b2687aef0166,,,,,0
da9dd786-889c-4bb6-8be2-0af6fa7783ae,,,,,0
da9dde80-836b-4f3e-b36b-0e344c42029d,251.0,537.0,180.0,136.0,1
da9dde80-836b-4f3e-b36b-0e344c42029d,707.0,476.0,113.0,90.0,1
daa5977a-a1f6-4e3d-9d50-7002d0a3930e,,,,,0
daacc079-0c30-496c-b4dc-3ea150970346,,,,,0
dab2f334-331c-42c7-af09-a997092464b0,,,,,0
dab617ab-beb9-4878-aefe-1b532b8e7e41,,,,,0
dabc835b-4db1-4e50-8ea4-72e5ed872673,,,,,0
dac1c859-cefa-4ebd-88b5-39b8d3f20346,,,,,0
dac9ee71-cefa-4f46-828f-ff7dbec0b3fe,,,,,0
dae2fc31-fbde-42de-91ed-473de95656fd,,,,,0
dae4f66d-53ce-4910-85af-d4e9e14b59c9,,,,,0
dae95b7f-56f8-447c-9b2e-0a830c739f9d,,,,,0
daf2da8f-5a61-431a-abd9-f46a3862673e,,,,,0
dafc817f-dcd4-41f8-9e0c-9f7ee41d1cf4,571.0,547.0,161.0,130.0,1
dafe4318-b7bc-4766-9d29-8d4d6d12e670,,,,,0
db044ffe-7f5f-47f0-82e9-31ecd93e85ac,,,,,0
db0b7f15-3db2-497e-bf30-2182cb2b6f87,,,,,0
db0d9835-d96d-41c2-bb0f-2bbfa9e9b90f,,,,,0
db13f27c-0bdd-4be7-a7e3-3ce6c47f8cdd,,,,,0
db18f6b6-dd94-411b-ae1e-553f81ad77ec,,,,,0
db1b996f-6204-440e-ac67-213522774cb9,,,,,0
db1fc476-1976-42f3-b442-1e37fcf45044,294.0,497.0,146.0,151.0,1
db24add4-558e-4ad6-9f79-a3d78ff786bf,,,,,0
db25155a-2b3f-42f1-a299-d364ee9841dd,,,,,0
db26b992-3f94-4f49-a549-64b73527356f,,,,,0
db3c8b2a-797b-4178-9b68-09863e1a45a3,230.0,445.0,233.0,123.0,1
db3f619a-81f5-4cd4-b08f-304b8bd9a81a,,,,,0
db41f495-510e-4d53-9440-b593e8394ff5,210.0,522.0,128.0,63.0,1
db4bf734-33b8-40a3-847b-10797e757d14,,,,,0
db5399f8-e0cb-4208-8694-a7136f9ac574,378.0,310.0,111.0,130.0,1
db5c4b38-0c83-4f5b-a159-ea4c3e1bc7a8,,,,,0
db67501e-2171-42de-8dcc-8a3373055c9d,694.0,473.0,155.0,83.0,1
db71b2fa-5be8-47c3-a5ae-41f5211edc5d,,,,,0
db72973f-c371-4b4c-9a1d-16fccbd98428,,,,,0
db741ba5-5ff0-4c83-af7a-f6be5bd25e20,,,,,0
db750e84-7776-440f-a985-84f5fbfd010b,,,,,0
db7a5cb2-c62d-4829-9e55-d6e080796de9,,,,,0
db7bcaae-0652-496b-aae1-ded12161e468,,,,,0
db81fce7-b627-4773-8349-0fc392eb885b,,,,,0
db9011c4-185f-4322-938d-ad0416a8357b,,,,,0
dba10a63-a7b8-4962-8fd2-1ffc41e9da7d,,,,,0
dba66bd1-9e64-46d8-b85e-68ed1e47e0d4,,,,,0
dbaa7abd-4d45-4ce6-ac0c-89d961a7f8d2,185.0,539.0,216.0,130.0,1
dbae367d-1e32-46bf-b997-7601e7fa07d7,,,,,0
dbc02d37-5409-41bf-a949-04844da63229,,,,,0
dbc3d286-4339-4d27-963b-4fb45347d053,,,,,0
dbc5db8f-3ec9-4906-8afe-2969e096b6a6,552.0,448.0,221.0,271.0,1
dbc8473e-fc37-4b23-9051-c1a0a1baf5a3,576.0,477.0,273.0,273.0,1
dbc8473e-fc37-4b23-9051-c1a0a1baf5a3,176.0,513.0,216.0,291.0,1
dbc96e1f-9929-4515-98e2-af241c373531,,,,,0
dbc97e1b-b8e3-4d4a-87f6-7632650a0aae,,,,,0
dbc9b1f9-552f-4228-a407-103f0a0eb8c1,,,,,0
dbcd58e2-92f6-49f1-b37c-5c7c058c0f4e,,,,,0
dbcf52ec-ce9c-4671-bfb7-78c2af3e817b,,,,,0
dbe390c0-12cd-4c4c-998e-c97b4257e155,,,,,0
dbeb306d-3fb6-49ea-9560-b5fcf04b0040,,,,,0
dc0287d9-75d2-491b-80a7-87d857967344,,,,,0
dc04f15d-9a30-4295-9d65-0832a923f5b7,,,,,0
dc08b204-e149-4998-a7c1-1f72c12fac16,,,,,0
dc08da77-36f7-40f2-8028-e1347c387927,,,,,0
dc10d03d-7a68-47d8-ad32-e8d4cca3a646,,,,,0
dc139a0e-0bbf-4ba4-8e71-c949022a542e,,,,,0
dc139b00-cb28-4a79-b35f-44cc18e19ceb,,,,,0
dc148f2e-3ef5-46c5-92b5-fcf8aebf6bfe,,,,,0
dc19f252-1908-40ef-9839-e72f173057c7,,,,,0
dc1ce8b2-93a0-4592-8f02-746d745562b2,,,,,0
dc2a40bc-23b0-4c62-9037-6c33a39ba0c8,,,,,0
dc2ab31a-e89a-477f-a0ce-13a37033a551,,,,,0
dc301585-817e-4907-8cdf-dba42ea2b859,,,,,0
dc36c084-7f6e-4bcd-810c-7ea46af670d9,236.0,318.0,150.0,161.0,1
dc388ce8-bcdc-4499-9ebc-c494800fab22,,,,,0
dc3e3098-bbd1-443b-ba9b-6a60993ca0f0,,,,,0
dc486475-0698-4f27-8b21-5a9eaa0e157f,,,,,0
dc48941a-2bfc-43a1-af3a-9a2be3df7ae0,,,,,0
dc5986a8-e66a-45e9-99b4-695454b82fc5,,,,,0
dc5bd0b3-050a-42a3-b09e-bec480039d6f,181.0,522.0,203.0,141.0,1
dc620da7-7387-4839-9222-21f708f63bb2,616.0,545.0,146.0,253.0,1
dc6b1f1a-26d4-4f28-a10e-c4f62eab4195,,,,,0
dc6e47c3-c3a6-4b05-ad0f-59fa588f1369,,,,,0
dc719597-53f8-476f-a11e-0defa93be275,,,,,0
dc76e041-3a36-4bd6-b8c1-ec38e7eb2ebc,,,,,0
dc7720ba-e9fe-4680-8304-bb149bedf128,690.0,408.0,171.0,255.0,1
dc8de18c-1af9-4e29-b581-37ec567ab8ef,,,,,0
dc91d87f-790c-441a-adde-61acf1612d25,,,,,0
dc995045-8ec6-4cef-ba20-350c66732a9b,596.0,487.0,153.0,231.0,1
dc995045-8ec6-4cef-ba20-350c66732a9b,196.0,520.0,145.0,163.0,1
dc9d814e-5d81-4b86-a680-ba8573e63e56,,,,,0
dca2cc82-1f80-4148-a5cc-952622cd5b50,,,,,0
dcaafe3f-11bf-4341-8c3e-5f65c7dc5972,,,,,0
dcad1de9-9a01-45dc-831c-5da53ca8139d,,,,,0
dcb3c8bc-5628-405b-a664-7651c88ca837,,,,,0
dcb6a72b-1d92-4cdb-aabc-86b408d50d4e,232.0,560.0,140.0,130.0,1
dcb75f58-6982-49d5-9a12-75ea9c632d56,,,,,0
dcba2f1b-d117-4c79-b329-6446bc21b45f,309.0,257.0,168.0,304.0,1
dcc2a340-323c-425d-afd5-432ed61c15a2,,,,,0
dccd9ab8-e731-408d-93e0-8b8e06357967,,,,,0
dcd51e40-60d2-4cc5-915c-e7f01a4dc07d,,,,,0
dcd72ac1-3fbf-47b8-b20e-0412c6446fc1,,,,,0
dce268d1-f61f-4ac3-9282-efd605fd21ac,,,,,0
dcea5db2-1995-4d68-bdfd-f6cf7ba08c1b,,,,,0
dcef962e-8349-4077-b266-b988a169c33a,,,,,0
dcf840a1-4e13-44a5-abf9-804bcffa6f43,,,,,0
dd0c4c4f-b4ec-4046-af11-51bbb94b51bc,,,,,0
dd1f5ae2-8893-4e03-af10-d1ac0494eb73,,,,,0
dd1fda93-1d28-4085-a857-b436feb780d1,,,,,0
dd300129-d6f1-4ff4-8245-6baf4dfca61d,,,,,0
dd322c76-785b-4e18-882e-8bab83cf5eeb,,,,,0
dd3b5e52-b682-4b16-b7ba-bfcc66dc5992,227.0,474.0,193.0,238.0,1
dd41fb23-a456-4506-9f4b-94a1a2dd02d9,,,,,0
dd4682f7-2a7b-4687-b7b7-ce9e62fa7b1e,,,,,0
dd50a2c2-471a-4faf-8f78-99eaedd5147b,146.0,477.0,158.0,131.0,1
dd50a2c2-471a-4faf-8f78-99eaedd5147b,556.0,343.0,205.0,328.0,1
dd53ac69-18be-4247-adfd-4a0a0179968b,,,,,0
dd55e770-9064-4060-b79b-bd231d4bb29d,,,,,0
dd63324d-d1bd-4fcb-bedf-f080f6c62a57,,,,,0
dd636913-f8cf-4463-9191-b9014b5d1055,,,,,0
dd6e599d-bba3-4a3e-968c-0dcba546099f,190.0,376.0,156.0,130.0,1
dd7cf95b-f215-4880-9f3a-b7eb7b27fb79,627.0,314.0,213.0,123.0,1
dd7dee96-47d1-4f31-8488-c8d80001f180,,,,,0
dd830a3b-db9e-42bd-8d3a-8d52f40ddbde,593.0,150.0,200.0,263.0,1
dd830a3b-db9e-42bd-8d3a-8d52f40ddbde,254.0,403.0,175.0,211.0,1
dd830a3b-db9e-42bd-8d3a-8d52f40ddbde,262.0,92.0,145.0,245.0,1
dd8af8a1-6533-4c69-9005-971629aac506,,,,,0
dd99f6f2-35bb-4b59-9625-4d0e75de2a54,,,,,0
dd9ce726-1d01-45e5-8a71-2ae8663ba3a9,,,,,0
dda53143-9bcc-4c5f-aca6-970626733e17,242.0,570.0,156.0,65.0,1
ddc4c65f-8a3b-4446-aa52-6f9a78577dd3,,,,,0
ddd47a8c-0f59-4024-a9c4-91fedbd42867,,,,,0
dddfd40a-b3cf-4d0b-9710-22b73d6c4dd7,,,,,0
dde8d2fb-aa94-4fbf-a3eb-3a58ea13ea75,691.0,247.0,256.0,266.0,1
ddfce2d3-f6aa-4771-8718-1fba8c3add1d,,,,,0
de105d88-82c1-405a-9f70-acf2aa7c5828,,,,,0
de11bfe7-e8e0-421a-89d5-b3fd0494801e,,,,,0
de12ac43-511a-49fc-a851-cca8953e3e06,,,,,0
de14c4c2-6253-446d-8ee7-3acedacdd379,,,,,0
de1a09bf-91ec-445d-b9ac-ad5aa8d040bd,,,,,0
de209b62-4f23-456d-b8e1-ab64b5493993,,,,,0
de2479ba-0b61-400f-978b-86a2d1b7a480,,,,,0
de2b54b9-114f-4f68-9a5f-4602e843cc31,,,,,0
de2cfaef-853f-4bd0-8590-6cf80b2f29d8,,,,,0
de2e8b69-7ffb-4369-8cba-2d0303326d09,,,,,0
de377cfa-51f9-4e1f-997a-0eafe8eb2ef2,,,,,0
de459db0-6f34-4e0e-997c-178cbb9dfc89,,,,,0
de4b8b65-c08e-4a3e-b6b9-c97897098baf,,,,,0
de5387b9-9d0d-4ab7-9ede-21a425488d0a,,,,,0
de66cb84-3e82-4eb7-b9b8-929511f50bd6,,,,,0
de72e2b8-170e-4d2e-90b6-f139427b2aca,,,,,0
de75059f-bd24-4d8b-96ab-fa0a973c3a91,,,,,0
de7a88df-de6a-49bf-a048-9328a4690c80,,,,,0
de7f40b2-741b-4345-881c-856526ec76dc,,,,,0
de8339e8-3f7d-43af-9ca5-9c783d6642db,221.0,426.0,206.0,221.0,1
de94813d-0475-41b0-b248-af03dfb5a412,,,,,0
deaa3ba8-186b-4aad-8039-506f7939222b,,,,,0
deae4641-aacf-42fd-a2be-e821c524b20b,,,,,0
debd00ec-7e9c-4790-92f5-22118bd54a6d,,,,,0
debf63af-2cfb-418b-8bfc-3f48f1c7f5d5,,,,,0
dec13d78-ab5e-43c4-86f9-1567c18b8a4e,,,,,0
dec5c8de-c916-441c-a23d-16b8815658d1,,,,,0
dec82d02-d4f0-4b57-9634-42795ad9fff0,,,,,0
decf8538-d62d-4a7d-97ab-683a1dcb4022,,,,,0
decff551-0bcd-4d66-82f8-b267b55531f3,,,,,0
dedbfa49-b7e6-420c-95f5-6660ee893d96,,,,,0
dede78fc-ba09-470f-b875-009a6edfac6f,,,,,0
dee545be-7a2e-45cb-8f4c-5edce22e2b00,,,,,0
dee976de-1e1d-420f-be73-2b36ea97da7d,,,,,0
deecb3e2-cd07-4076-8ef4-31df2afb4b53,,,,,0
def140cc-f36c-4086-8cc0-51006c2c2c7d,,,,,0
def67044-2caf-4e5a-9fd4-a2d186893a14,,,,,0
def7067b-e6c2-40ce-8c08-1435e04fe14b,,,,,0
df06f4d2-c39c-429d-b845-98f6fe68f109,,,,,0
df076110-b59f-496b-9466-e2d30f056111,,,,,0
df10aee9-878c-4782-8aea-de4369355fd6,296.0,329.0,163.0,278.0,1
df10aee9-878c-4782-8aea-de4369355fd6,562.0,463.0,141.0,173.0,1
df21b6dd-32b7-4edd-8b7b-fa1a35e0c043,299.0,707.0,126.0,201.0,1
df25133c-f678-4f09-ac0d-f764b3ebd62a,,,,,0
df2d185c-9107-44ad-ad65-cde2a7a8991b,,,,,0
df2f0b8e-9a52-4ee4-bc43-0bed234bf8cd,,,,,0
df315274-a72b-4977-ab13-d723d5577b8b,,,,,0
df4aef64-6f96-4908-a4bf-cabf75be667d,,,,,0
df4d746b-2f45-4aab-a83c-258216d97a50,,,,,0
df4ffccb-de4b-42b0-bbf2-05f5772fe63e,,,,,0
df50d16a-01d7-46e0-bdd4-35c605d20307,,,,,0
df56b32e-332d-4edb-aeb0-518f41ee8586,,,,,0
df5992a7-1853-49ae-a49e-c21263973cdf,,,,,0
df60c668-a245-45fb-917a-94b9a4efe4ce,,,,,0
df7a6b71-2c8b-48cc-a195-772c553824eb,,,,,0
df90e020-b740-4732-802c-22c3e7252e69,,,,,0
df91e70c-28f8-4468-94a2-0954ea7397a3,,,,,0
df960a65-b2d6-4d7c-9bf9-cb0fe56d526e,,,,,0
dfa37727-e289-4b2b-bd21-c6a4da9652e5,,,,,0
dfa57c1f-01fb-4417-a1b5-0641a9b4bb84,,,,,0
dfb0b0dd-27fc-46a8-8c43-f24d0beebf4f,,,,,0
dfb78163-7ef6-4b3e-9fb2-b0016d7ac492,,,,,0
dfd1dbf2-0dcb-44f7-8e2e-1d74e1732137,,,,,0
dfd1de2b-4439-46cf-8fc4-5ab0a6a7cb76,,,,,0
dfd398b2-d512-43f5-9976-c8ad0ad8e344,,,,,0
dfd43eeb-47e7-4c48-8418-4ec3c75cd13a,,,,,0
dfd884e7-975f-4433-a9ff-6cbb33925ba8,,,,,0
dfddd047-8c03-4034-af8c-b4b0834cff3f,,,,,0
dfe4d5f6-b365-4bff-a051-f272f810def2,,,,,0
dfebe37d-7d1a-4b8f-9ea0-3ed8e62b4202,,,,,0
dfed644c-9548-465a-b962-78ead3498f38,600.0,348.0,206.0,464.0,1
dfed644c-9548-465a-b962-78ead3498f38,209.0,326.0,243.0,404.0,1
dff0a453-6507-489b-b524-41031c1306d9,,,,,0
dff4a1e0-849a-4bf0-9895-a8bacaf9f44d,,,,,0
dff6e362-b26f-4af8-8798-eb0609a137b5,,,,,0
dff79a56-a9d5-4fa4-8a45-ccd2d0e4c2f6,,,,,0
dfff79c7-da5b-4aa8-a79f-76f238d69da5,,,,,0
e0070082-dc43-4dea-9da1-792762f98bc0,,,,,0
e0091a61-2aa3-42f5-8a0e-ad47a9ff7c80,600.0,513.0,218.0,216.0,1
e00e85ed-86ba-4bcb-af7d-95c556644f8d,,,,,0
e0207a1f-72f6-4f6a-912d-1fe58b1c7e30,,,,,0
e02141c5-2d46-499d-ab51-0b724455ca49,,,,,0
e0227184-955d-4bfd-8eeb-0bc0b2a21a66,740.0,572.0,151.0,123.0,1
e023e66b-6ee0-4b6e-84f7-3a8ddc0565ee,,,,,0
e024a508-3060-4bd4-80e8-678ef24bcc27,,,,,0
e0289603-5241-4fc8-92e9-709ec5f180ff,,,,,0
e02d25df-fe33-41a4-a7b4-3ede26296daa,,,,,0
e02f00b9-c031-4ca7-abc6-97da619b08fb,,,,,0
e03af9b0-0d2e-4cc3-b6b3-c3762bbdcf12,,,,,0
e03b8d46-b642-4135-b0a5-23194bdb25ee,,,,,0
e04808e4-4c7c-4176-ab83-31d41b8a9766,,,,,0
e04df2ec-5a18-439d-ba91-e68969617372,,,,,0
e0561453-95c2-4f18-907c-6604a98a2752,,,,,0
e058a19c-807b-4b2a-82fb-ec3e7d68eee2,,,,,0
e06102ad-7339-48f1-a201-4ce35fa2f191,512.0,391.0,238.0,166.0,1
e06102ad-7339-48f1-a201-4ce35fa2f191,146.0,188.0,156.0,344.0,1
e06b4382-9140-4fff-817b-47026d28a98d,136.0,462.0,186.0,163.0,1
e0752e22-ec83-48b9-a8a4-8ef6765bc5c5,,,,,0
e077d195-b88c-496e-b4ee-59ed3921ebff,,,,,0
e078ef48-46b0-465f-b01e-b9e97a8381ee,,,,,0
e078fb2c-acf6-43bf-8cd0-540bbb460947,373.0,215.0,130.0,143.0,1
e080c6e0-c39d-4098-a105-4a0e4b3ba36f,,,,,0
e09694fb-bfde-494d-a6ca-860001911cac,,,,,0
e09d1d80-ae35-426e-870f-56421e61c48c,679.0,324.0,171.0,208.0,1
e09d1d80-ae35-426e-870f-56421e61c48c,343.0,293.0,150.0,175.0,1
e0a1ffef-682a-4d15-a232-46439d4e4d9c,273.0,433.0,168.0,123.0,1
e0a6d43d-5889-4d2a-a853-3b3234ac8fbb,,,,,0
e0a86d60-2d8c-4e72-acd8-ccf7924bdefa,,,,,0
e0af96b5-9e91-4cc7-84c7-a3d04d4c9405,740.0,304.0,246.0,349.0,1
e0b3b20a-cf65-4f4e-bf96-ac32eca375fa,,,,,0
e0d21bd9-209a-4675-bd07-6f8b9fdccc4b,,,,,0
e0d6ea2a-0402-4582-8fcb-c6846aea4cad,,,,,0
e0dbac78-1be8-43dd-abc5-cf3f834b80ec,,,,,0
e0dc43c0-a346-4573-a52a-a935fe54c76b,,,,,0
e0e1e13d-5545-4aaf-aff7-1fb4267859da,,,,,0
e0e3585f-8df6-45e6-a7f1-f9c376a8e375,,,,,0
e106988e-f12a-421e-b547-026b1a38d943,,,,,0
e107c973-27c9-43a7-9527-2af8b89267ca,,,,,0
e112e7bb-4892-4ad6-b3e4-81e68357e109,,,,,0
e1137058-8fbb-4781-8d17-234719c58d10,,,,,0
e124239b-f9ce-4d92-bee6-f2bd620cae7d,,,,,0
e12fcd72-39ed-4ffe-a762-169099d93f01,,,,,0
e132a4a8-dabf-457f-964d-d6130f5c1d54,,,,,0
e13739bf-ff9c-44eb-8839-fa8c61bf8a14,269.0,451.0,147.0,197.0,1
e140e6e5-cdf1-47d6-b2f1-602aa8a1a69c,725.0,485.0,120.0,227.0,1
e142d146-aa7c-4ba5-a029-8b6f87be1653,,,,,0
e146d776-a1b8-4e16-a32e-ef0e6b1d7aad,,,,,0
e14f32bf-9b27-4cb2-8635-87e38462dfcb,,,,,0
e15fca95-ebf1-4b48-b94d-aa5b702369b5,275.0,531.0,184.0,271.0,1
e1758368-dd6b-4fc8-a37a-bcec175f5abe,,,,,0
e17bacff-85d3-47b3-b2cb-2a3e123a6912,216.0,240.0,186.0,187.0,1
e17e53a5-916f-40c8-9c9c-dcc01031aa46,314.0,92.0,184.0,275.0,1
e17e53a5-916f-40c8-9c9c-dcc01031aa46,241.0,445.0,193.0,186.0,1
e17e53a5-916f-40c8-9c9c-dcc01031aa46,677.0,339.0,189.0,198.0,1
e187da0c-d93f-4dc0-9adf-d0eafc1a4e1c,,,,,0
e18c7203-a029-4cf4-8151-2bc2460c390c,233.0,710.0,163.0,89.0,1
e18d538b-0ea0-4c83-811f-4cafe65ba401,,,,,0
e1a10525-e325-40e1-8709-2a9bcf7ad290,199.0,452.0,199.0,191.0,1
e1a397d7-b7ae-4427-862c-ac991dccbcd3,,,,,0
e1ab6b7e-3804-41be-8c71-fee6b4418a20,,,,,0
e1b1f73e-66ab-4f07-ad81-25717c4eaf86,,,,,0
e1bcfa18-5fed-4a92-85fb-14438a17719b,,,,,0
e1d0fa67-a021-4655-b1ad-bc764c93b9b3,,,,,0
e1d5a233-39ca-41dc-a289-b07c3e78cdb1,208.0,98.0,172.0,224.0,1
e1d8cc12-d372-48f2-9126-74660809eccf,389.0,591.0,146.0,62.0,1
e1d9d2b3-9050-4759-aecb-2c907e7c3633,,,,,0
e1dc850a-d743-4518-9f76-ca3a839ed0e3,,,,,0
e1dff3e7-3e7f-43a2-890f-a5b1ca8896f4,,,,,0
e1e66bd5-538f-4df2-a386-153645f88ea0,290.0,474.0,153.0,93.0,1
e1ea50ee-d841-4819-b8ed-91b37efa1c72,,,,,0
e1eb1f53-a6e1-461d-96bc-ca7fd48b8836,226.0,434.0,151.0,318.0,1
e1f2638a-2e0f-4f09-87a5-e48efd23a2fb,,,,,0
e1f6ff93-eb5c-4da0-8f9f-0aeea7216484,,,,,0
e1f97b99-23fc-4fb8-a960-b9e26f2920a7,259.0,378.0,107.0,254.0,1
e2027ec6-9e87-4384-a8c3-f54bb7d00d81,,,,,0
e20c5b46-c709-49e9-972a-86d845c1defc,,,,,0
e2108527-d2e6-4e06-afde-d3f321d008b9,,,,,0
e21bd38d-504c-4256-9168-2f1ccc10ad94,279.0,547.0,130.0,146.0,1
e22136f5-4d6c-4d2d-aa6d-4585aad874f0,,,,,0
e238106d-a690-49e4-a23e-aeb2766cb2ee,,,,,0
e23b65df-54cc-4f90-a29e-402cfad1a1ea,,,,,0
e24cfd6b-66e8-49e0-b08e-b0879b5925f7,,,,,0
e25063da-1731-4976-8a43-0830668a3fbd,,,,,0
e259a833-8dac-4d2e-a4a7-395795417a39,,,,,0
e259f5f6-b9c6-48f3-8bf5-193a3c0dd52e,,,,,0
e25d1f2f-99e6-4713-bf6d-59862f906444,,,,,0
e260b5f7-5cce-41bd-a63b-baef4cdfd3bb,681.0,246.0,140.0,436.0,1
e260b5f7-5cce-41bd-a63b-baef4cdfd3bb,291.0,224.0,153.0,433.0,1
e260d35d-f044-497e-b092-76ba75729876,,,,,0
e2727e2b-b542-4181-baca-ff3b2b885650,,,,,0
e2794b5b-b146-4bb8-800a-49a5c40b23ae,,,,,0
e27c61ea-5502-4033-8c74-a700de56eea4,,,,,0
e27d9773-4a74-4df6-a650-1c3deba22126,,,,,0
e2857880-a864-4391-a187-77e940705823,,,,,0
e29a81ec-a8ac-4cb9-b495-f095c502e6f9,,,,,0
e2ada05d-4baf-4d0e-a0d8-3f7a0712a7ed,,,,,0
e2afc0f1-dd1f-4de6-8e82-8cb89e1d7463,335.0,600.0,173.0,265.0,1
e2afc0f1-dd1f-4de6-8e82-8cb89e1d7463,714.0,472.0,176.0,237.0,1
e2c633e0-f476-47c4-b178-250907fd9a0f,,,,,0
e2cb1c89-244e-407f-9798-9a9670616850,150.0,477.0,197.0,203.0,1
e2cb1c89-244e-407f-9798-9a9670616850,584.0,464.0,209.0,195.0,1
e2ccf977-8d04-4ae4-b2e3-d40302cc39b5,,,,,0
e2dc2c28-3187-4f34-8bbc-abd9c7a08e0a,,,,,0
e2e5f059-b210-4b5e-9dba-9a6a4e0df2c9,,,,,0
e2e682a3-7e73-480c-aa62-78df6eabdff6,,,,,0
e2e68ab6-6f4a-4264-9a2c-ca64e51cd6fa,,,,,0
e2e96e82-8fd8-4d6c-abb3-798ad61a6087,,,,,0
e2ed7974-8291-457d-af46-2256ab625f46,,,,,0
e2efa725-693d-46a1-9abc-545ea633794c,201.0,523.0,159.0,126.0,1
e2fbe7af-e71f-40e5-9cf1-2c41caea4527,628.0,479.0,200.0,230.0,1
e2fbe7af-e71f-40e5-9cf1-2c41caea4527,125.0,556.0,206.0,261.0,1
e2fc3d22-252a-4e95-bcf2-76c56a95ce39,,,,,0
e300a4ef-a09f-4ee1-83c4-4a2d0c0c2f58,,,,,0
e30935ce-5d14-410f-bead-9ed974d5090b,,,,,0
e3094e51-b690-4700-adaa-8cc4782fae87,,,,,0
e314d288-ec1f-4fd4-81cf-b8fe0abf44bc,,,,,0
e3218078-a2e0-49f9-81b4-9d3ea3c19308,,,,,0
e327e9ab-88d3-4f68-9e18-3a77fedf96e2,,,,,0
e3314152-aa5f-4dff-93f8-93dc0bcbe57b,,,,,0
e332fb1f-04c4-4317-a494-62a5cd646518,,,,,0
e33f2a56-329a-4f88-9b38-ed09ecfb9fd6,,,,,0
e34243a4-d26c-4bee-8461-99a8502abf39,,,,,0
e3551a29-1582-44fe-9187-3c5a3e349750,,,,,0
e368e9ec-8dec-4191-a959-dc1e16b10bb8,,,,,0
e37c9ece-5de7-4703-981b-25c2a00a9862,,,,,0
e37f89d4-3cdd-41af-8a07-3238b93230ce,192.0,481.0,140.0,110.0,1
e37fe7f9-b06c-495f-9f25-31939b140e48,,,,,0
e3801bbd-947e-43cc-b069-a94c29673a20,,,,,0
e39609e9-29a9-4047-ac3f-db1aee3c8a8b,,,,,0
e3a1a1c3-bb46-4ba9-aec9-7b59b96cd728,,,,,0
e3a261d3-0cfe-4e75-ab0b-1dfd45a9991b,,,,,0
e3ab7a9d-edd2-462c-a530-9969c6e6aab5,,,,,0
e3ac9753-ac4b-4147-9122-8ff5ac139413,,,,,0
e3b1e7ed-b9ae-4061-a210-5444b7a9c9b1,339.0,248.0,169.0,360.0,1
e3b487e8-8a8c-4910-b290-c51eb96e17ca,,,,,0
e3b52ea4-7bc0-4fbe-a5d1-5594ef83abcd,,,,,0
e3b8d3af-7a11-4844-9d22-81682ecdb274,,,,,0
e3b95b4b-b2e4-47ff-9e2a-3af2e6fea49c,,,,,0
e3c89b08-1df8-450e-a94a-bfa971f0b667,,,,,0
e3cd4296-8b0d-4dda-af6a-d19fd7784c90,,,,,0
e3d0271b-b53f-4d6b-9e99-57fab7644798,,,,,0
e3dc00b7-5675-4ebf-88ac-42a60e2ed893,294.0,471.0,149.0,139.0,1
e3dc00b7-5675-4ebf-88ac-42a60e2ed893,817.0,483.0,100.0,143.0,1
e3fb77fa-1b47-4716-8381-9ff0cf75459e,,,,,0
e40663c4-3234-43fa-9955-e3abdd430255,,,,,0
e42151cf-9ad3-43de-a93e-0ec094a323d4,,,,,0
e425530f-056a-4b40-951e-27777efa6300,,,,,0
e42ac421-014f-4125-a5f4-73567473d065,,,,,0
e42cd993-ebb3-4cc2-b41e-aa2d2a2d1427,,,,,0
e432a26b-f360-4b51-bc5f-d7907eef6658,,,,,0
e43aae06-f1d4-4d81-94e0-a41518a24f3f,,,,,0
e43ae173-2a08-44bb-a304-4a35bac2cd28,,,,,0
e43c3640-5943-49b8-b63a-900604c25202,,,,,0
e43dfd99-e6f6-454c-9aea-ce72f2485627,,,,,0
e43e6efe-9caa-4885-9030-cd0b917e448b,,,,,0
e43f52c1-f08f-43dd-a315-7e52646bd424,,,,,0
e4458ddf-0345-436e-91ea-07f4c7ef0707,,,,,0
e44c4be2-e7e5-4fd4-aae1-03219d2855b9,,,,,0
e4548b4a-731d-4f0a-9530-7b19ba43115b,,,,,0
e45651e0-05ab-4d25-b876-cb84ec5af1aa,,,,,0
e4568bcd-57af-45df-b172-5758cc4643e5,,,,,0
e457e363-5309-4cd0-a242-6b7af7c329d0,249.0,538.0,174.0,136.0,1
e45b9db9-3ac8-4b4e-9e5c-2ed56b8af6e1,,,,,0
e45d1c6d-704f-4114-9145-9eb5a41c9bf1,,,,,0
e46a2dc2-a741-4ab5-afb0-fabdbffe1ec4,,,,,0
e46bf3ce-4426-4f41-bcf5-4afb112164b5,,,,,0
e47221dd-dfa3-40b0-8b73-1f7fd8ae4a80,,,,,0
e482e77c-d511-4871-b14b-4f912d94ac9c,,,,,0
e488d3ef-8dc2-4d5f-889c-c554ab1f53e9,,,,,0
e4890576-e441-4179-88fa-269d296db6be,,,,,0
e48a77e5-d627-41c2-b82d-30677644e885,243.0,372.0,180.0,221.0,1
e48a77e5-d627-41c2-b82d-30677644e885,557.0,306.0,224.0,233.0,1
e48e74bf-9508-4bee-932e-dad4ab803360,140.0,674.0,199.0,258.0,1
e498b9b4-3ca2-4651-a8ab-c4fec3153181,,,,,0
e49f3d0c-dff7-4533-811a-1f72b11c62d8,,,,,0
e4a6023a-15d8-49a6-a2c5-a968297c0c6e,,,,,0
e4d1d8e2-4da1-4df5-be2b-b0e5668a2ebf,,,,,0
e4d22644-951a-49cf-98ca-3e8119448192,,,,,0
e4d987ca-745e-4c22-bcfc-bddb1b5684fb,,,,,0
e4deb360-4f7e-45c8-9412-5936ae022362,,,,,0
e4f05fac-510d-476a-9cc5-26e0fe49955f,,,,,0
e4f130d7-0a85-4d4d-a989-936db8cbf598,154.0,628.0,130.0,156.0,1
e50133b8-d5f3-4598-b079-5ebf4522ef10,,,,,0
e5083984-ce39-441b-a37a-ec0b902947a9,,,,,0
e509ea3f-3b0d-4364-8c1b-732ed409432c,,,,,0
e50ccada-bbde-47da-8a44-9d360b31dacf,,,,,0
e51897c6-933b-4ebb-aa97-ad71c7298de7,,,,,0
e532aa3b-ffb3-40e6-9403-7aadb2e8278b,,,,,0
e53f9c40-3d4d-4053-886b-4e786d6535fa,,,,,0
e54107b1-04c8-464a-91b8-7d370a3ee4c8,,,,,0
e5412f84-f565-465b-92a6-580ddbda0d73,,,,,0
e542d5db-28c5-4e73-aa47-a441143887cc,531.0,524.0,59.0,64.0,1
e5472077-9544-4297-b632-84c97082ec7a,,,,,0
e54f1e19-3d46-4d53-8575-2a7863fe0240,,,,,0
e5506d2b-237a-4ce1-b399-884073bd94ba,,,,,0
e5609023-683a-4582-a9e4-81aa527bb63c,,,,,0
e569308d-3c7c-4a00-9ec4-c79eea3764dc,,,,,0
e56ccd69-f456-4b20-8b39-d369c3b0164a,,,,,0
e56d6e59-0695-453c-a56d-7a18cabc9bb1,,,,,0
e56de97f-aac0-4a7c-8ddd-f861cae269f1,311.0,455.0,138.0,260.0,1
e573a298-e18a-4bd3-aee5-cbff3260646e,,,,,0
e574ed60-29a0-4557-9ff4-59cefb52207a,,,,,0
e57849e2-d2b9-4ab6-a3e3-0263a4a78b33,,,,,0
e581fe14-9b05-49c0-abad-ea5920d9b741,,,,,0
e58410e5-a9fc-484a-93b7-9698e1503086,,,,,0
e598870e-3a8d-4713-addb-10299161a823,,,,,0
e59c67f6-924c-4968-84dd-f1a60663fad6,,,,,0
e5a02b64-ae4e-42b7-a16d-c67fdb59aac2,,,,,0
e5a3ce34-5ab7-4974-a7d7-2e2206d06a83,,,,,0
e5af03f0-ddf9-42a0-b66f-ab5105165bb2,,,,,0
e5b0faed-c2b1-4bf0-ab02-8243f1aaa228,,,,,0
e5bd8650-d4f6-4f8f-b3ac-fed31a1cbd7d,,,,,0
e5cbff36-eb76-4901-bb52-210d836c659b,,,,,0
e5ce42a2-3108-4b0d-beb9-1bd51b7ef757,,,,,0
e5eddf44-d2fc-4802-9939-2f0d14b8dcc9,,,,,0
e5ee965b-7a79-4ceb-986c-a775a3c1d7a8,231.0,246.0,170.0,172.0,1
e5ee965b-7a79-4ceb-986c-a775a3c1d7a8,628.0,244.0,192.0,265.0,1
e5ee965b-7a79-4ceb-986c-a775a3c1d7a8,120.0,448.0,213.0,236.0,1
e5eef69e-7f0b-4f83-b13c-c14fabf96f98,,,,,0
e60359fa-6387-4391-ba02-59e9969ddb07,,,,,0
e6049f73-167c-4a7c-b193-c8574a3097e8,,,,,0
e605f5f5-ac7b-4aab-981e-ebee0af815cc,,,,,0
e6214801-41ee-45d3-852e-18541823c2ee,,,,,0
e6230438-f63c-49c9-863c-b101b6e41de6,,,,,0
e62b827b-475d-4ac9-abcf-5c8ebe319c38,,,,,0
e6333801-dfd9-47a0-ba07-3911af849657,,,,,0
e63bc160-5aea-4b3c-b683-776439fc4a13,,,,,0
e63c36fd-cbdd-4eab-8e6f-e38b89a0d474,,,,,0
e63d1f50-43f7-4e95-aa71-0108a062eee0,336.0,325.0,140.0,135.0,1
e6429b1b-7c98-403c-8999-ff1ae2aa917e,,,,,0
e6465833-2118-4dcf-a6e6-388320ab55c2,,,,,0
e646d2f7-cf8b-4dc1-9f4e-0bbee4e7bf28,,,,,0
e6475ea0-5265-4073-8465-ef3091c9963d,,,,,0
e65b7ab3-34a5-4193-a583-db676b1a1b96,,,,,0
e65d66fe-2835-4e27-859b-a65065758cab,555.0,243.0,209.0,365.0,1
e65e2157-c879-4aad-9398-628b4f869eb1,,,,,0
e6644a82-f09b-457b-9546-790e8755741c,,,,,0
e66a0926-62c9-43f7-9853-3ccadb9fd630,,,,,0
e66b040a-ecac-4667-9022-11e11d10d1ff,,,,,0
e66d78ea-1cf7-4c71-bcd9-446a069e3735,,,,,0
e6787a0f-e2e2-415b-9962-c844eb2fda6c,,,,,0
e678a93a-0519-420a-9b4b-4f9ae4e0a006,100.0,460.0,120.0,227.0,1
e67f0e84-51f7-47aa-a88d-12016bb864fe,,,,,0
e6902ba2-a732-4c34-b586-ad631c701ee3,,,,,0
e69c8622-96dc-472c-a010-130ec0ecb7fa,,,,,0
e69f75ad-b1ef-400f-9545-def80dca3dc2,,,,,0
e6a3dc3b-b72d-4615-ae59-70626761b15d,,,,,0
e6a4101e-48a4-44c6-b5ef-49938ed849b0,,,,,0
e6a55b74-99af-4a70-b4ee-a102cbe33ddc,,,,,0
e6a58e74-2b7b-4acc-b15f-1af4cdbd9a4e,,,,,0
e6b5e1c0-082b-4ad1-afbb-1e3954083a0d,,,,,0
e6b8b863-a0ce-48d8-8de2-9c72ba210f3b,,,,,0
e6bdf96c-ec2c-4b88-9507-2ba8172da1ae,,,,,0
e6c2f6e9-4ff4-4a58-b225-d6e01cd1c19c,,,,,0
e6c94d90-e526-4d7d-b2bc-4a3a16c91012,,,,,0
e6cddc69-9244-4500-b926-d4bcb4c2c3f7,,,,,0
e6d3c126-47d8-4ecb-a6d9-0eefb3293caf,,,,,0
e6d643f9-3a71-47bd-ba97-90912b918c65,,,,,0
e6d7b781-d99c-4dc4-bddd-acd2751225e6,,,,,0
e6de4a23-0cc4-4452-a3ac-30ce33d935a7,,,,,0
e6e1dd39-1ee6-42a9-a494-62c9d24af872,,,,,0
e6ef7f43-4c94-4999-9ec0-f341312f70a2,,,,,0
e6f5c238-2bfb-4ab3-af53-7966b0277665,190.0,315.0,156.0,270.0,1
e6f88624-0bdb-40c3-9a36-7abe982a65c5,,,,,0
e6fe983c-945b-4e1d-b43c-c4c43c267d59,,,,,0
e701619c-8f85-4fd2-af6b-0e751d4c561d,,,,,0
e72249f8-330b-4852-a7d2-bea2f75666c7,,,,,0
e7272f11-fe2c-42e5-b705-b13b1b90e8c5,,,,,0
e7311442-71c2-49cf-9c71-188a3169c26d,,,,,0
e7372a72-f654-468e-897c-b02668d484f9,,,,,0
e73a7ac0-a121-4476-ad0d-1f216e8a9e9d,,,,,0
e73ee4be-e4c4-48ce-8be6-52da5021b951,128.0,665.0,181.0,221.0,1
e73ee4be-e4c4-48ce-8be6-52da5021b951,522.0,344.0,173.0,296.0,1
e7471c03-7ba6-4ccc-98fc-9d40a6347cba,,,,,0
e75caca3-22a7-48dc-9b2d-d6e19db6bb29,214.0,230.0,131.0,257.0,1
e75caca3-22a7-48dc-9b2d-d6e19db6bb29,192.0,598.0,140.0,128.0,1
e7763b77-4ec7-4dbe-af09-5e074b13689a,,,,,0
e77695ba-e8fd-4a68-af5b-3f05ff226987,,,,,0
e77dfc75-8bdd-4aee-967c-c7d97f9771f8,,,,,0
e784de73-082b-43f1-ace2-cd12031f4787,,,,,0
e794dbb2-5075-4cd3-98f1-e9876e4f7a04,,,,,0
e79c364c-a4a4-4201-b5fc-4b46701b5cf4,151.0,512.0,116.0,200.0,1
e7a47a98-2dd9-45af-9818-1ebd88cfb700,184.0,603.0,165.0,124.0,1
e7a47a98-2dd9-45af-9818-1ebd88cfb700,703.0,627.0,121.0,103.0,1
e7a73b81-7634-46b1-bd54-6465b85c2009,,,,,0
e7aa8c67-b801-447d-b24e-18b77746b4e1,690.0,476.0,168.0,232.0,1
e7aa8c67-b801-447d-b24e-18b77746b4e1,215.0,457.0,200.0,196.0,1
e7aed9f9-264a-40a3-84ab-1ed8b81547df,603.0,593.0,202.0,307.0,1
e7b63d9f-6399-425e-be10-e143504c475a,,,,,0
e7b76c05-b373-4974-9a95-df7b8bedd079,,,,,0
e7c9e5dc-62bc-4ace-a01f-06796c6ec9a2,,,,,0
e7db2d38-7d84-4992-8b67-fb081774a022,,,,,0
e7deadde-c104-446c-a75f-f200c31eee66,,,,,0
e7f17ecb-3848-4edf-a51d-9d9fe1d4e8eb,,,,,0
e7f2ff6b-e64f-4ff1-ae10-2963c655aa2d,,,,,0
e7fbf482-7849-4311-8fe7-60652f38d387,,,,,0
e7fcddc3-d649-4457-bd7e-b3a3054e2a16,,,,,0
e7fdbfd4-5ee2-4218-a3d2-6844bd75b84e,,,,,0
e800189f-204a-42c6-9511-dd22db81665b,,,,,0
e80c61ff-3f37-4838-8969-6e850a7f8cfb,,,,,0
e80ff5c3-17fa-4366-ab3a-a248876e1513,,,,,0
e81cc5b5-d8d4-41ff-bd46-f54ded0868ca,,,,,0
e81e881b-0e80-4ed3-bf64-2d8299f1b802,,,,,0
e828055c-3f86-4771-b4dc-087f04b91b5f,,,,,0
e83ec092-c219-46d0-a1fa-a7538c91ac17,192.0,337.0,150.0,181.0,1
e83ec092-c219-46d0-a1fa-a7538c91ac17,581.0,302.0,166.0,197.0,1
e8485b0f-293d-4ca8-8b71-92db61c8ee3e,,,,,0
e84da550-d09e-46cd-94c1-617b6d7aa461,203.0,558.0,242.0,167.0,1
e85105d0-78b4-4f1c-8eb9-01b05193be13,,,,,0
e855834a-56b1-473e-9d77-fa2ad603a42d,,,,,0
e865b2ac-882f-4216-9d58-23e540b57555,,,,,0
e86e8489-9795-4d76-9e32-dbdd4c68e299,,,,,0
e874f9c3-27c3-4b54-b3c0-bc4461342f90,629.0,538.0,245.0,157.0,1
e87c8b8b-1bb1-4387-a6bc-59bd9b49da69,,,,,0
e87d8111-5071-446b-82f6-00a55f338954,227.0,584.0,115.0,186.0,1
e8868de1-645d-410f-b40b-d226849fde91,,,,,0
e88711cb-e03b-4570-a531-8ac8a7f9c6f5,,,,,0
e8921e9f-85d7-474c-a444-9fabbcda6e18,,,,,0
e89c3c68-04d3-4675-ba9b-cd9fed51055a,,,,,0
e89dadae-bdbf-4f2e-a4a1-d2d56abf0d48,696.0,360.0,143.0,250.0,1
e8bd60f4-46c4-4f84-aba8-a99deb4a99cc,,,,,0
e8c7538e-3d85-45e4-80e3-71ec5e26bb79,,,,,0
e8d54055-9b04-42a6-b04c-1ba8ae6bce82,,,,,0
e8ec602a-9238-4382-8a55-e010520bb3b0,,,,,0
e905c9eb-f673-4c09-ab97-cffccdc1fe2b,,,,,0
e907438e-7530-4cae-8c4f-9534cf5dcfe7,,,,,0
e907ef36-2e9e-4d04-a44a-3a0956cb1992,,,,,0
e910c042-111d-43b1-be8a-88e17f59c2c6,,,,,0
e9169397-56f6-4c4e-8014-b67cba6f799f,,,,,0
e9246913-dbc8-4d5a-9605-79a5bbd287f9,,,,,0
e92d7e53-f191-41af-a86b-8da6c7734386,667.0,428.0,192.0,346.0,1
e92d7e53-f191-41af-a86b-8da6c7734386,253.0,459.0,230.0,266.0,1
e93ef558-f463-4979-879a-c108f0b0a408,,,,,0
e93f2956-8f17-4822-a5d3-3efa7bfd0074,,,,,0
e941f8bf-a523-4754-b9cb-968b328e5c4c,,,,,0
e94d8646-1703-44db-9062-c9b305e238f0,225.0,525.0,122.0,134.0,1
e96897e3-73bb-4540-a0d2-b587afd9633d,,,,,0
e9693914-26b7-4b3b-ae63-e55494ec4b5f,,,,,0
e969df66-5f15-4a16-9dcb-6889c0ffddf1,,,,,0
e97b77b4-efe6-45cd-be06-31c095166674,,,,,0
e9801319-b305-48a4-8351-0b1ecd53c74b,,,,,0
e9805e2c-6c78-4804-ace7-440c0a6200d1,,,,,0
e983d088-c55f-46d2-a52d-467df77a2fa5,,,,,0
e985a3d8-3e61-4589-9b91-d53dad5d3ee1,,,,,0
e98cc7dc-6a5c-4b3a-ab05-67351a18e3b2,,,,,0
e999bdcb-dcaa-471c-904b-0d7669a31cee,,,,,0
e9b04c75-09ef-44f2-9bda-ed072c38ecf4,,,,,0
e9b6311a-63a7-4443-ac67-7cccb1b905e3,,,,,0
e9b72499-2b88-4a6d-9901-31957a5ccc5b,,,,,0
e9bcb530-cfcd-4bb2-9f62-fc28c00517ec,,,,,0
e9bf3ff2-086e-4ece-a12c-2fc9376a54de,281.0,651.0,151.0,181.0,1
e9c5bafe-67ff-47a6-8855-b2257ebddeec,,,,,0
e9c7d2c4-5834-4c49-84bb-0bd9a67af1e8,,,,,0
e9cc4af6-e7a7-48e3-9526-8686c2def114,,,,,0
e9e3e16b-6dda-4429-a43a-ad8e062e64eb,,,,,0
e9e58cf9-f301-4fe9-a5d5-ff12f7981612,203.0,343.0,170.0,308.0,1
e9e58cf9-f301-4fe9-a5d5-ff12f7981612,640.0,506.0,114.0,120.0,1
e9e58e10-2795-4dec-a738-c9792ea8f685,144.0,366.0,247.0,448.0,1
e9e58e10-2795-4dec-a738-c9792ea8f685,582.0,412.0,228.0,372.0,1
e9ea9123-3eab-4d60-973d-bfca20b6e054,337.0,387.0,215.0,474.0,1
ea06d51d-a080-48aa-8008-aad760ae5d1b,,,,,0
ea1cf22d-0ec1-4820-86ed-a2bce81fa924,541.0,486.0,178.0,123.0,1
ea244742-f337-4820-a873-707e0f2a9195,,,,,0
ea2a4715-d9ad-4833-ac3b-3f52090d437f,,,,,0
ea31d2cb-bc85-4b0b-8f7b-bb7ce1cee22d,,,,,0
ea32dd2a-6106-4df1-af7e-ce64401a4010,,,,,0
ea32facd-af87-403b-a56b-2a0746ae04ae,,,,,0
ea3347c3-e4eb-4c00-927b-176ddd296f72,,,,,0
ea38ea4d-c754-4b1a-9702-6b93cc7582f6,,,,,0
ea4e3c77-6956-4ba1-9c73-3bc93c1f0398,108.0,699.0,207.0,88.0,1
ea5cc41a-f379-4d12-ae6c-129149c99c7b,,,,,0
ea5e2d33-0201-4f48-9a99-296e25ce49ad,,,,,0
ea5f9e4f-2005-4588-9c2c-39ef89731993,,,,,0
ea616acd-1b00-4342-94c5-7ad631ae9016,,,,,0
ea638979-a6d0-4f57-872e-8d97586d1eb5,,,,,0
ea65fb19-d7fe-45c5-a397-b3e758ce48ff,,,,,0
ea69d57e-6d9e-406a-8d7c-544b54954dff,,,,,0
ea6a872b-dab5-42aa-8329-2dd502c00c69,,,,,0
ea77e047-2720-4739-a49c-da4dd393ee64,,,,,0
ea77fbc2-8d03-40a4-80c1-fa08ba118d1b,,,,,0
ea8edb7a-0d84-46f1-a62d-1b4f725ad778,,,,,0
ea90b602-fad8-4f88-9aca-76ef91ab0099,,,,,0
ea934f35-5c3c-4d50-8bb7-d0ad15d48a37,,,,,0
ea97a1ff-8582-4f89-be4f-b8cfd2eb73b1,684.0,421.0,158.0,181.0,1
ea97a1ff-8582-4f89-be4f-b8cfd2eb73b1,145.0,442.0,200.0,114.0,1
ea9d7193-35cb-4e5b-91d5-34a5509f7508,,,,,0
eaa3d7ef-603e-4e17-bd9f-f466de942f29,,,,,0
eaa74ebe-873e-4f0f-b712-5e1cccc02a46,,,,,0
eaaee470-cf44-4d79-a5f5-4e8b642fc999,,,,,0
eab8bab6-5435-49d6-afe1-9095245f6854,,,,,0
ead62479-e4f7-4515-af86-d72db531c5ff,,,,,0
eadd2c1c-2e56-4392-85dc-2c4fe8a9d420,277.0,571.0,133.0,162.0,1
eadd2c1c-2e56-4392-85dc-2c4fe8a9d420,718.0,455.0,138.0,200.0,1
eadd617b-818b-4692-8c47-13ea979ad296,,,,,0
eae2ac78-a276-48a5-8d15-1d2c89f10ea4,,,,,0
eae43926-5ed5-41c0-bb4f-e248e2b22f3a,,,,,0
eae9deb3-2bf7-4e52-aa43-e36b60cc676a,,,,,0
eaecfe76-bef1-4d34-9a27-c2c131156672,,,,,0
eaedf844-ed41-41bf-8146-2124e4f0fd74,,,,,0
eaf9e0a5-4d2a-4653-8a3d-5caa60315203,,,,,0
eb0461f9-6255-4af8-9d71-0707e043e384,,,,,0
eb061685-c06f-400c-ab24-a7f702684c02,174.0,685.0,151.0,156.0,1
eb14c72c-7645-4e79-bfc9-6eba7e2d6dbe,,,,,0
eb168d38-e24e-46ab-a20c-0b929a612355,,,,,0
eb17c134-0bf7-472a-96df-9253e86ceaa2,215.0,507.0,135.0,130.0,1
eb1bbfe5-e56b-43d9-a6e9-dbebb646c947,,,,,0
eb1db759-d998-400d-90c8-26dd96c310e0,273.0,343.0,123.0,181.0,1
eb204e91-d4b0-4a18-99dc-ce0b2decc6c9,,,,,0
eb211810-c51d-42c7-913b-d327c8ca4dd7,209.0,525.0,184.0,177.0,1
eb276eb8-10f6-4e56-90d7-89f7d77f1cee,,,,,0
eb288ada-c73c-4674-877a-47d5863623b7,,,,,0
eb3aff4d-df68-4d3e-a858-e8a28df962ca,,,,,0
eb3df5b0-0ddb-4117-b8b9-e34f2c3e5579,,,,,0
eb53ab76-9339-416a-9af9-2a00f0644312,,,,,0
eb62b66a-c880-44a1-9fc1-1a4d5cb54da8,,,,,0
eb632397-ff01-45ba-9bb7-23d1d376821b,,,,,0
eb66853e-146b-467b-8d22-0ad88ec54d3e,,,,,0
eb6a3dd0-7264-4fa8-8664-2960e316e446,,,,,0
eb70f417-b7ff-4e67-a8f8-c9d2a287b6cd,,,,,0
eb7175ea-b0e9-413b-ac37-169e9d45adf0,,,,,0
eb723a10-21f3-41dc-92bd-7bf9540798e2,,,,,0
eb7efcff-521d-4283-96b5-ccca01077e81,,,,,0
eb832732-4c11-4126-bb10-f95eb61608bc,,,,,0
eb867723-c976-423b-b56d-5d802bc2f04f,681.0,613.0,188.0,221.0,1
eb867723-c976-423b-b56d-5d802bc2f04f,136.0,635.0,252.0,145.0,1
eb924c6c-5e1a-4bb1-b9ac-2d28904ecd5a,,,,,0
eb961991-d205-4a3b-9a8b-93707f4298c6,,,,,0
eb98571a-e1f0-400a-b8ff-17c4bc332c06,,,,,0
eb9bf555-1859-47a9-a95f-e86246ce2bd9,563.0,252.0,231.0,529.0,1
eb9bf555-1859-47a9-a95f-e86246ce2bd9,202.0,273.0,246.0,476.0,1
eba4d827-0287-4f03-a387-685b7478a38c,,,,,0
eba80948-4a28-4909-9b2d-06a0175c830f,114.0,521.0,200.0,175.0,1
ebb542b8-7a87-4d0a-81d0-ecbc529a9e8d,,,,,0
ebc03c6f-4bed-4b0b-a283-f0624a9955cd,635.0,424.0,150.0,375.0,1
ebc03c6f-4bed-4b0b-a283-f0624a9955cd,361.0,331.0,124.0,157.0,1
ebc03c6f-4bed-4b0b-a283-f0624a9955cd,272.0,495.0,125.0,183.0,1
ebc9f06f-c73b-4eff-9f07-beabd1331273,620.0,250.0,187.0,118.0,1
ebc9f06f-c73b-4eff-9f07-beabd1331273,209.0,453.0,147.0,160.0,1
ebcdf1d0-95e1-4af0-b7cf-690155487ae7,,,,,0
ebd94589-a44c-4190-873a-06f3f3d0cbcf,,,,,0
ebd9a666-b3ff-407c-9d50-9af3a285304f,194.0,504.0,160.0,280.0,1
ebdfdc15-363d-4728-a9bc-a5bddf274dd3,,,,,0
ebe2429a-17e6-4dca-8af4-1129b0eca9b5,,,,,0
ebe3d34d-61bd-45c6-989d-f96b76fb159c,,,,,0
ebe503ec-466d-4327-8a8a-e8ce9ffbafb7,,,,,0
ebef5e0c-ebd3-4d53-9ccd-18b7f800356d,,,,,0
ebf1caa2-d674-4754-a1d5-89d321f28bdf,,,,,0
ebfa27c7-7be3-4473-82b2-9a659d77724e,,,,,0
ebfb26c2-e355-4c76-b401-96669de2df8a,,,,,0
ec0e76a4-32e9-4291-a44f-3a99bea47d92,,,,,0
ec155171-b8d2-4789-9953-b3c3edc0d674,,,,,0
ec2197ff-18b8-4eab-b61b-a855876d98fa,,,,,0
ec2cde8d-357f-4c9d-bf37-cf1f603a7820,,,,,0
ec3bdec5-13df-49c0-862a-c8dd8124bfce,,,,,0
ec4b4dc5-04f1-424f-9b8b-9bfceee2287e,,,,,0
ec4ea528-f8a1-4478-9fe6-01bb41b0ec4b,,,,,0
ec5a8435-f892-4a3a-af62-0cbb14f56783,,,,,0
ec69eb2a-8d24-406c-8b20-6b2528af149d,,,,,0
ec6a1e9b-b356-45ef-a2bf-a1526ff3b6af,,,,,0
ec7214c2-8e82-4557-8fae-9c6ccb6ba133,,,,,0
ec7a395a-d44e-4d66-802d-d65cd645ed4c,,,,,0
ec81f707-4d7c-4a97-ab27-048c805f5395,210.0,364.0,198.0,194.0,1
ec910555-f698-4536-aff7-7fa9d3405d60,160.0,514.0,170.0,123.0,1
ec910555-f698-4536-aff7-7fa9d3405d60,203.0,254.0,172.0,211.0,1
ec9556c0-ee07-47c1-96bb-56365df7493a,,,,,0
ec96f3be-e373-43f9-b4a7-e6edbe1f01fa,,,,,0
ec9a1416-a59a-4dec-9611-bda202f13e93,,,,,0
ec9cc5f0-ce71-44de-b465-4fc6b046df4f,,,,,0
eca7a1b4-5d3e-44f2-998d-7077d6032206,,,,,0
ecb0e8b7-0f0f-40ed-848d-8b070a14bc8c,,,,,0
ecb48fb5-d105-4400-936a-8c4ee76d8e88,,,,,0
ecbeef4f-1e66-408c-b908-704fab2f4829,,,,,0
ecc03b7c-762a-4a5e-abe6-61618d6a0df9,,,,,0
eccfcc8f-ec02-4964-b205-c566667bc673,,,,,0
ecde8726-a846-4a55-93d9-1762acbae97d,,,,,0
ece3ac6c-ee6a-4485-b9ff-5a429f53370d,,,,,0
ece78603-3d21-4940-b651-88130093645b,62.0,299.0,228.0,469.0,1
ece78603-3d21-4940-b651-88130093645b,542.0,331.0,259.0,505.0,1
ecf17d02-12df-4cb1-b56a-b4dc014767e7,,,,,0
ecf3f5d3-0441-47ca-863a-78bbf5c1cad9,,,,,0
ecffe588-b272-4acf-84e9-08e47c9afd3f,,,,,0
ed05ddfc-2a15-4eb6-ba32-876c4a4f1f60,,,,,0
ed07972f-77bf-495f-8325-19c8ac9749ab,,,,,0
ed1b89c8-cba0-4c9b-8a95-c5e8af62049a,,,,,0
ed200eaf-c96f-429f-a8cd-8a54abeae11b,,,,,0
ed2092c1-23ce-48d1-bb13-b3d7a078e7ab,,,,,0
ed235b54-2889-4144-ad25-62f1d2c077b6,,,,,0
ed282a1c-7989-4924-9209-61d3e6b30785,,,,,0
ed2a0206-3916-48c9-a336-39e8551c0969,,,,,0
ed32ddbd-916a-49f3-adb4-796b86068cfb,,,,,0
ed340654-2517-446c-afd8-54ec352c5eec,,,,,0
ed347738-5e58-45cc-919f-a28e9f453053,,,,,0
ed365cde-3438-4d14-8cb5-e994dd883b0b,,,,,0
ed369fe4-b5e2-4ac4-8bef-ac7f5e18042b,,,,,0
ed37211b-bc6e-41b2-b246-e47707a07687,239.0,447.0,158.0,194.0,1
ed38283d-165f-481b-bbb3-5532450b82c1,599.0,220.0,167.0,185.0,1
ed38283d-165f-481b-bbb3-5532450b82c1,246.0,596.0,216.0,204.0,1
ed48d519-5491-4e21-ae6e-2305da76068a,,,,,0
ed55f8dc-45a7-4416-ae94-847bb41a35c3,543.0,398.0,219.0,385.0,1
ed55f8dc-45a7-4416-ae94-847bb41a35c3,184.0,468.0,203.0,364.0,1
ed5b8fd3-20e3-4b3d-8044-6332cd15c2dd,,,,,0
ed5ddfad-977d-4b5c-9584-ba676b156f2e,208.0,470.0,202.0,134.0,1
ed68c53c-3121-451a-bdac-abfa204e1b1b,,,,,0
ed6d4b42-0789-4c10-9f79-606233052103,,,,,0
ed727929-f8f9-4e74-99ee-3b02103bd9ab,,,,,0
ed77d2f0-be6a-443b-aa7b-df5941cb8026,,,,,0
ed78aad5-54e8-4853-aae8-dcb8f8dc9e79,,,,,0
ed78b789-be2a-47a8-be70-96e20e38170c,,,,,0
ed7d0798-c5f4-4c2d-a49e-a584652f731f,,,,,0
ed84b8c8-a144-4cea-8f05-27e15571f141,,,,,0
ed98d9bf-2d30-49c3-a6b7-8ac9e893557a,,,,,0
ed9b1f21-91e9-4acd-b798-d679fcd080f0,,,,,0
ed9eb455-9856-42af-b719-a755f92da405,,,,,0
eda8e69a-4bda-4772-a9a3-e896e5d2b958,,,,,0
edaa303f-64c3-43db-8eee-f76b3fb37553,,,,,0
edb12329-ab6e-4158-a4fa-f09a6ccba324,,,,,0
edb48e75-2fc4-40dc-9f8c-3bee804377a5,,,,,0
edc4efa6-5033-4da6-b7a5-f5740dc584d8,,,,,0
edc9aa16-1f19-46cf-8785-2c1bb4f0c534,,,,,0
edd06c7c-fd71-41e9-a6be-7124b956ea90,,,,,0
edd31ca9-6d8a-427e-9342-ebc5ae9af212,,,,,0
ede3e8fc-97c6-44f6-84ed-ee91967d28c4,,,,,0
edeae150-ffd2-45ac-be47-b59070d4a7c5,,,,,0
edfb87ef-944e-42df-a5f1-49b415d1741a,658.0,310.0,149.0,153.0,1
edff33a8-b569-43a1-83a0-9d2a0bd97cdf,,,,,0
ee169838-59a4-4628-8738-8c3b424ae4d5,,,,,0
ee1fedb0-5c95-4e4e-b278-d8c1e2938a6c,,,,,0
ee2d5ba6-4090-4676-8e36-94dc3468b8ad,99.0,421.0,131.0,94.0,1
ee373825-44f6-45ca-8ec9-d2d1d9541450,678.0,333.0,133.0,136.0,1
ee3cfbb1-1dd2-463a-886f-3033dccbc645,188.0,375.0,135.0,129.0,1
ee469221-953d-4be0-8151-f195451dc2a4,,,,,0
ee4bf94c-e2eb-4ebf-9246-f5f611cd77d8,,,,,0
ee4e07ab-4605-47a5-895b-343a6e2308ce,,,,,0
ee50f978-9f9a-4155-ac5c-69d2cb7b99bb,,,,,0
ee5691a5-997d-4ae7-bd94-d35c2347a69c,,,,,0
ee6302ef-9219-49a2-b637-c6d7545f2bc2,,,,,0
ee695084-676c-48e9-a0d2-77945c936577,,,,,0
ee6c5351-2bcc-4b82-a9d4-27921af0539e,,,,,0
ee7fec9a-c1fb-43d4-8e2d-704de5a3ab2e,,,,,0
ee81d1a6-e646-42af-b4d4-bdd676b51b6c,,,,,0
ee820aa5-4804-4984-97b3-f0a71d69702f,605.0,228.0,154.0,223.0,1
ee820aa5-4804-4984-97b3-f0a71d69702f,634.0,569.0,193.0,175.0,1
ee820aa5-4804-4984-97b3-f0a71d69702f,211.0,238.0,167.0,235.0,1
ee820aa5-4804-4984-97b3-f0a71d69702f,168.0,611.0,158.0,117.0,1
ee84aeca-9b5f-460e-af58-3ce02d9b601f,,,,,0
ee85c2b0-35da-4177-8047-d15ae8bafe5e,,,,,0
ee8a4128-a907-475b-a363-9cd60d65e46e,644.0,434.0,182.0,347.0,1
ee8a4128-a907-475b-a363-9cd60d65e46e,212.0,365.0,184.0,378.0,1
ee9a12c3-a25c-4281-abcc-a1887dbea04f,,,,,0
eea3a106-1e1a-4f1d-85c3-f1575fcd13b7,,,,,0
eeacb0f9-1dbf-43bb-9177-a7254d60093f,,,,,0
eeaed128-0f7b-4576-9f1e-3f2a9bbeb2bd,,,,,0
eeb5c42b-5e05-496e-9662-23e745714d49,,,,,0
eeb9b9e9-1502-49c0-b622-94f43a0b07c8,598.0,554.0,156.0,130.0,1
eeb9b9e9-1502-49c0-b622-94f43a0b07c8,616.0,378.0,101.0,136.0,1
eeb9f766-b980-4161-8560-dd2fc3f15ce9,,,,,0
eebb21ea-9ef6-4d92-b8e4-1abe19ba94f4,,,,,0
eec1f97e-431a-4e44-a063-6116afc25838,,,,,0
eec65a2f-9b12-4884-b7b5-3707751332b9,,,,,0
eec6cfaa-b9a6-4baa-8179-6e604272963b,,,,,0
eec8811b-80d2-481e-82e6-9c931f73ab6a,,,,,0
eed0ad11-af1d-4c8f-8a2a-2c1a2ee405ea,,,,,0
eee71ceb-52d2-4d63-acaf-5eab6f8d8932,,,,,0
eef57362-d429-49ce-a1d3-7a36ee0890cb,,,,,0
eef7f5e9-8a8d-44f6-800c-cf3774b51f0e,,,,,0
eefe766c-7628-48a6-be6f-f464945b06da,,,,,0
ef05481a-5c79-438f-ab35-80e76837d6aa,,,,,0
ef141030-96d6-4732-be12-bbce13bfda1e,,,,,0
ef180fa1-e605-49a5-8ebf-4ec330096488,,,,,0
ef19e875-bf38-4da9-b3e9-21182d3de655,,,,,0
ef27c260-e68c-4da3-bb4b-bf2e11fc34b2,,,,,0
ef2fe10c-f65b-47de-9320-7e074a8df297,,,,,0
ef3804ed-e5e2-46db-96d5-4748ac36a15b,,,,,0
ef3908d5-6538-43d3-8364-f54249ef7be5,,,,,0
ef3dc9f3-7424-416a-9db3-8fcf81578fec,,,,,0
ef43783d-1395-4050-af17-8af3a9553153,,,,,0
ef448138-3bf9-40ab-ba5f-0b5fbe90eb64,,,,,0
ef44e62f-3555-462d-8911-d9f1ac5d446b,,,,,0
ef496bd2-6b5f-4121-8cf0-6d27050978a2,,,,,0
ef4aad0b-ed21-4c70-b3a9-05941c2f2ffc,,,,,0
ef4c62dd-8abe-4c3b-b604-307a2f55f821,,,,,0
ef503977-63a8-4fcf-9019-78e8e70511f3,186.0,686.0,188.0,151.0,1
ef5313d3-1034-4536-afec-ca0372da1c5c,,,,,0
ef5be15b-0204-4481-8894-9bdb29015051,,,,,0
ef5c53b4-cf61-4374-b4ae-9a5ac025848b,,,,,0
ef61bf9e-8aab-4f41-ab0e-6e060fe4ff0c,,,,,0
ef626000-1335-4c85-b17a-2c0b98e67a69,,,,,0
ef6ccb09-61d9-4eba-90e6-0f35fdc02266,,,,,0
ef730449-a3ce-46c5-8709-dc16abbcd9a7,,,,,0
ef761069-33cf-4ba2-86cd-30d385004b32,,,,,0
ef76af54-ff7a-483f-854f-3d8527e720ef,,,,,0
ef7badd9-6de6-436c-ac89-d77e4cced196,,,,,0
ef7c0927-0502-4561-8c53-389edf299a03,,,,,0
ef7c58ec-8b59-4406-952e-9d54c34e6276,705.0,423.0,124.0,123.0,1
ef7c58ec-8b59-4406-952e-9d54c34e6276,693.0,585.0,209.0,156.0,1
ef868205-5194-4860-9396-7c4c91316e74,,,,,0
ef880a0d-386f-483b-b9c0-415b547959aa,,,,,0
ef8ae38c-748b-4dac-af53-84124914365e,,,,,0
ef8c6816-f060-479b-a122-fea344b21221,693.0,660.0,88.0,87.0,1
ef8c6816-f060-479b-a122-fea344b21221,257.0,583.0,153.0,143.0,1
ef99cacf-fdaf-48c9-bc54-a7c36590f27e,,,,,0
ef9fa526-2cc6-4950-af5c-11e9624fb611,,,,,0
efa863b3-24a7-4688-9015-e656c933d04c,225.0,469.0,184.0,121.0,1
efbaaa0c-da33-4200-a62e-d7d9d48c58ac,206.0,398.0,181.0,359.0,1
efbaaa0c-da33-4200-a62e-d7d9d48c58ac,616.0,349.0,166.0,296.0,1
efc9c6a8-8568-426f-9fc6-2a6106bbb98c,320.0,500.0,197.0,196.0,1
efcbb3f2-434c-48a2-9bea-536e2c58a753,,,,,0
efcddc12-4d79-4245-84e5-ebe3ac185e7a,,,,,0
efdc8567-5e78-4c29-afd4-a2576e42fb6f,,,,,0
efe0d734-4c05-41c7-a4d5-88a37cc94c36,,,,,0
efea1d7e-c7ea-4acb-89fb-cd9501da321a,,,,,0
efec5041-2db4-4013-8dbb-3d4ef71f7323,,,,,0
eff31def-755c-4c62-a7e7-04153c3f63f4,,,,,0
eff961ab-9e0a-4297-b4ef-c46617b86a2c,,,,,0
f002b136-7acc-42e3-b989-071c6266fd60,199.0,420.0,209.0,197.0,1
f01116f3-b041-43e1-9b45-32c8d0997b86,,,,,0
f0163438-7fad-4c43-b49d-ae23beea475c,538.0,498.0,237.0,171.0,1
f0163438-7fad-4c43-b49d-ae23beea475c,216.0,424.0,98.0,78.0,1
f01d3d16-5d6e-4551-8c89-2c0bd9188c2f,702.0,457.0,163.0,101.0,1
f01f78a7-9c6c-4c55-83f9-e30aa84d3bd5,,,,,0
f0217efd-ddbf-4d88-9b64-12642a57c45c,,,,,0
f02b8370-0e08-47af-b4d4-6dbb681f219e,177.0,555.0,200.0,273.0,1
f02fe6d5-c4ac-4c83-9d9d-5274eb3488d5,580.0,242.0,187.0,500.0,1
f02fe6d5-c4ac-4c83-9d9d-5274eb3488d5,213.0,181.0,243.0,462.0,1
f044ffa7-1521-4b06-8504-a5d1982bb16b,,,,,0
f04723d9-be85-45bd-a5aa-1bc85776345c,,,,,0
f0486970-9fc3-469e-9b80-375b5a04f9ae,,,,,0
f04fd630-abc0-4b8a-a5cc-996860ecee27,,,,,0
f04fe181-ce05-4610-a226-dd6a44107f43,,,,,0
f0645eb6-dfdc-4be4-a701-6977a2fb75b5,,,,,0
f06be57f-963c-4516-8b46-2f6895c79710,,,,,0
f07012f0-57e8-4d02-951f-087ae7c8ce5c,,,,,0
f07930eb-edda-4f4d-8653-d303c9b18e89,,,,,0
f07c618b-3c6e-4411-b236-e2b16647b1a9,,,,,0
f081769c-4882-418b-baa2-3ffa1dc56fca,,,,,0
f08fce91-20d8-4e08-812c-8e82860bc0e5,,,,,0
f0a1f49a-f67f-4716-97e0-840c83610f6f,,,,,0
f0a2aab7-9019-449a-bbde-5978f1d3df71,,,,,0
f0a45a84-929c-4233-8624-fc34f5753f97,,,,,0
f0a7cd05-0148-44f7-b102-6cc1c21107a7,,,,,0
f0b1868c-b52c-4558-8d72-a3e60e7d0072,,,,,0
f0d89c6a-e677-42d9-8a56-ef6227a771bf,,,,,0
f0da2ef6-5d46-4fae-a924-a1cde8a871a7,,,,,0
f0db2967-6ff4-4d56-b697-8440b9cda138,261.0,320.0,187.0,482.0,1
f0db2967-6ff4-4d56-b697-8440b9cda138,666.0,642.0,165.0,267.0,1
f0e0c65f-bef1-467b-a4e8-e5e46cb25fa8,241.0,343.0,174.0,439.0,1
f0e0da1c-1f11-4a28-bcce-1509c528715a,,,,,0
f0e7dd4e-e25c-43b1-a433-4c3189321cf1,,,,,0
f0ed5daf-f633-4f39-9369-3a59ff411927,,,,,0
f0eea08c-5775-4a81-8510-4ca70b753fae,,,,,0
f0f16145-8f8f-43ef-9cf7-978f9c2bbed9,,,,,0
f0fa50b6-2c93-443e-83c0-103bfd7101ac,,,,,0
f0fb164f-f564-434b-a3df-f74e37394ef7,,,,,0
f1044b8b-fbaa-4981-ab36-e2f7d08ce066,,,,,0
f11b3317-0eff-4dbc-94a0-877ced02472b,,,,,0
f1235d32-4952-4c98-8497-16e1aaa11cb0,,,,,0
f12c1c3c-a543-41be-8a53-30d5b1487f66,,,,,0
f1305032-e710-4971-9ffe-02c46182bc32,,,,,0
f132234c-b0f7-4083-9896-9800289ea90e,,,,,0
f137d0ae-b2f7-4fd1-916d-773d4695b626,254.0,393.0,207.0,206.0,1
f142f9c7-00b3-4d48-84a2-b35b2b0bf031,,,,,0
f14422e1-ed58-4a91-84f6-82d75ddc0139,,,,,0
f14476bd-f565-4785-a35c-3b3ea32f972f,,,,,0
f144d2bc-743a-4c92-975c-efb14fe662bf,,,,,0
f145236e-77ef-4cc3-8289-85a020b56c5e,236.0,435.0,153.0,316.0,1
f146bd0b-415f-45eb-b0c5-16d34a47c486,667.0,398.0,174.0,315.0,1
f1509076-069b-449d-b659-4ae16300db31,554.0,251.0,169.0,373.0,1
f1509076-069b-449d-b659-4ae16300db31,198.0,265.0,171.0,319.0,1
f150f95d-ae2f-4fc9-9207-4a6e26cd21a5,,,,,0
f1599b74-dd5c-4a4f-9c6c-1a8d4e4af353,,,,,0
f1665ed1-c647-4ed0-8340-5e9f88c6b257,,,,,0
f16b2e43-66e6-4e8d-9879-63e5f0e36b48,205.0,508.0,243.0,133.0,1
f171adf5-5c87-4051-8152-91ba18268669,,,,,0
f1747fae-96a3-442d-aa63-68c3c83120c1,,,,,0
f174948c-014a-422a-886e-139506a6f697,,,,,0
f195ff66-1c75-466f-a4af-1fcdd2c8a748,,,,,0
f196475e-08d0-4317-88c5-13028e1240a1,,,,,0
f196d537-bdf4-42d1-89b6-b0eaadec130e,,,,,0
f19fbdc4-6627-49b8-956b-d754a227efac,,,,,0
f1a05d14-0364-4b81-ae36-384312dabb45,,,,,0
f1a46a26-a9c1-4173-9be2-12776029da04,,,,,0
f1aa4030-201b-4b7e-a2c9-fd1b5fa83055,,,,,0
f1ba6a94-27b8-4537-8a11-6c4dbc3fe428,281.0,290.0,94.0,76.0,1
f1ba6a94-27b8-4537-8a11-6c4dbc3fe428,256.0,468.0,164.0,194.0,1
f1ba6a94-27b8-4537-8a11-6c4dbc3fe428,611.0,447.0,141.0,206.0,1
f1ba9810-861e-4ffc-8fbf-242d5da8e80d,598.0,185.0,225.0,603.0,1
f1ba9810-861e-4ffc-8fbf-242d5da8e80d,168.0,251.0,226.0,525.0,1
f1c09395-da36-4feb-9884-b9121e115e75,,,,,0
f1cada85-e774-4b46-8e50-362f0a120189,,,,,0
f1cd74f1-90d8-419b-af77-6767c596219c,,,,,0
f1d20df7-c720-4301-bf20-f508197cdfd7,,,,,0
f1eb727e-efc8-406e-a680-7b1b4994d26a,,,,,0
f1ec387d-164e-4c91-bb15-9e4b4a698807,,,,,0
f1efd5e0-c6d5-4d98-82cf-af28ef0ad044,,,,,0
f1f50a9e-0873-4d8a-9478-541cbf07bf31,,,,,0
f2065bf4-bc0b-4b3d-b6f7-4845d7afbbb8,,,,,0
f213131c-a08a-4610-ba51-8564404c8829,,,,,0
f218fda3-c484-4836-867d-b7ad037bfe4e,239.0,426.0,155.0,166.0,1
f21cbf1d-6943-4840-8de8-2d407e638e65,,,,,0
f2252c5e-084f-4653-8fa9-0dc963f0755b,,,,,0
f22a216f-9194-49be-ae18-1c2b09b86de9,,,,,0
f2338c81-4b6e-4145-9ad0-18fc6f8c5cac,,,,,0
f235b2ed-d890-4d45-b612-be8e8ed11cc8,,,,,0
f23a1412-7334-4aa7-878a-ebdaa5e83062,,,,,0
f23b3fbf-b769-4333-85fe-8b218421465b,,,,,0
f23ba6fa-6625-4b77-9d81-332e5091b50d,,,,,0
f23d7784-06b4-4e44-8dcd-e1eec3e7d7cf,672.0,522.0,159.0,244.0,1
f244ee07-26ec-4393-8739-4bf02b3e2660,,,,,0
f2456c22-36bd-40e2-b44a-8c153cf59960,,,,,0
f248f5a2-490d-4711-9ae7-6c9b14beab2e,,,,,0
f24cdbd7-3c4c-44b2-818a-b0c191306db5,,,,,0
f263d63e-1715-4bd8-af5e-fa4e824fa55b,727.0,360.0,183.0,337.0,1
f263d63e-1715-4bd8-af5e-fa4e824fa55b,286.0,257.0,236.0,339.0,1
f26810b7-9e48-477e-961e-88a1b5065964,,,,,0
f269feaa-02aa-4383-979d-6569b2d45801,,,,,0
f26e5df0-bd0d-4d54-86b6-ea40ca0952a3,232.0,206.0,206.0,380.0,1
f26e5df0-bd0d-4d54-86b6-ea40ca0952a3,518.0,247.0,217.0,221.0,1
f26e8bc4-46d5-49c4-b6a4-015c496a2dcb,,,,,0
f277360c-a13a-4189-ac46-7125796e1628,,,,,0
f27f1efa-0d7f-4d71-aa3e-9ae8125bf1b4,,,,,0
f284125d-d931-4e20-a65a-0931c722c46b,,,,,0
f28c48aa-fafd-4e82-b73c-32e5c660f0ed,,,,,0
f28d0c8a-01a2-4b1b-9ce8-8c93efd3aae4,,,,,0
f2955702-cc5d-480e-91a5-9466f6e0e548,,,,,0
f296c9bc-cd98-43eb-8490-1c8d742b4985,,,,,0
f29da87d-abd4-4141-96d9-e48f95ca67ab,570.0,373.0,194.0,386.0,1
f29da87d-abd4-4141-96d9-e48f95ca67ab,171.0,357.0,191.0,367.0,1
f2a5e1cc-09f6-4cb9-95b5-702a910100ab,,,,,0
f2a921c9-5e22-4720-8719-066ec8abca14,,,,,0
f2b4e7b9-b338-41e3-860c-fc0b5c2d077e,,,,,0
f2baba6a-09c0-4d2d-b2a4-947f02132b9b,,,,,0
f2cdb6cd-1196-40de-baa9-5e23a9cf3370,,,,,0
f2d58e86-1fcb-48c5-9a6d-a23966e7720b,163.0,585.0,150.0,147.0,1
f2d88109-15ab-4935-a934-f200da3db5c7,,,,,0
f2e4c367-947c-48ad-be63-2a1879f7b280,,,,,0
f2e8cacc-b217-4e82-93ba-33bf5e04e94c,763.0,495.0,153.0,211.0,1
f2e8cacc-b217-4e82-93ba-33bf5e04e94c,343.0,541.0,206.0,243.0,1
f2e9d188-0b45-43a5-ac3b-ebe11e3b02c6,,,,,0
f2fb646b-cedb-4841-8c6a-0b969e07ff52,,,,,0
f3142a9f-b625-41d9-a7b7-9a4aba0c2abb,136.0,659.0,181.0,129.0,1
f3142a9f-b625-41d9-a7b7-9a4aba0c2abb,685.0,415.0,194.0,330.0,1
f31d1fb1-604b-4fec-b320-f07ce2694008,,,,,0
f320d4f9-9c2b-4b13-aae5-5c9e751a2e45,,,,,0
f326a7ef-e7f7-43e0-8c9b-e8ab6033a567,,,,,0
f32a14a8-be06-42f0-b757-984c98f7e556,,,,,0
f32bd2b1-9ed2-454b-9c4d-edd8e25b6fc7,,,,,0
f3362510-e94e-4ce8-a4d6-b54e1677c280,,,,,0
f33d80d4-83d0-4f00-ab0e-0f5542ad88d2,,,,,0
f33fc3e8-fa60-4d6e-8e38-6d87eed0191a,,,,,0
f34899e1-3927-4191-b50c-bec95808139c,604.0,356.0,149.0,199.0,1
f354ebaa-05b0-4a0c-955c-7d2222ae0772,,,,,0
f35a1f9e-7b65-42cf-9678-7696737108c4,,,,,0
f35eba6c-1a97-4582-aee3-8dc4734cdaf1,,,,,0
f363306d-1c02-4182-9118-17e28d66d265,,,,,0
f36bbc73-8624-4599-82b2-4c3f882e117e,,,,,0
f36c1075-71a4-41b7-9687-8abbb3c06c58,,,,,0
f36fee76-73c1-4064-92ed-05107d08b98c,,,,,0
f374753c-58fc-4c68-9b0f-8281b024e124,,,,,0
f37a0400-beea-4925-8b4b-420f1b33284b,150.0,357.0,141.0,189.0,1
f37f1b3d-eeb0-4a82-837e-8246e400e810,,,,,0
f3826a5e-d3ca-41c5-b389-c128589aacd1,,,,,0
f3930747-6ec7-4b40-a73a-c19fa5b6d4e3,,,,,0
f3b015ab-e337-4e7f-971d-eb7cc3dd4e92,,,,,0
f3b65849-f297-491c-a9fa-3ce25dcfb1d4,,,,,0
f3bea900-7094-44d2-bb12-fdec80766f9d,299.0,324.0,185.0,197.0,1
f3c21d9a-bdde-4776-9541-d8f0dc32c8b9,,,,,0
f3c57937-bb53-4463-99e9-ae51e120678f,,,,,0
f3cfcf80-aa3e-4f8f-b8f5-8835df4fec30,,,,,0
f3d51616-15d7-419c-acae-90413b7fdcae,535.0,351.0,248.0,437.0,1
f3d51616-15d7-419c-acae-90413b7fdcae,121.0,359.0,231.0,386.0,1
f3d574fd-fbf5-46fc-819f-649dacf56c70,,,,,0
f3d8b643-0706-4997-8819-92bb95524626,98.0,576.0,289.0,260.0,1
f3e242b1-3950-494e-857f-d110859325ac,,,,,0
f3f41ec7-f74f-4db2-8764-34dcaf968b6d,,,,,0
f3f98941-5ec0-450a-a616-16f23750184b,,,,,0
f40b09b3-1b92-4ff0-be7e-c70115e7e8dc,,,,,0
f40ca2b6-61d7-4400-8768-ffe697b9b48f,,,,,0
f412da70-2179-4690-a47a-a3027b6dd5f8,,,,,0
f418c86c-13cb-44a4-b090-21030f9fc95e,,,,,0
f4290e1f-6a3b-4691-8e1c-5d721b045964,,,,,0
f4362a52-b9f5-4d96-a6ba-04284a233eb0,325.0,347.0,215.0,257.0,1
f4362a52-b9f5-4d96-a6ba-04284a233eb0,421.0,201.0,124.0,114.0,1
f4362a52-b9f5-4d96-a6ba-04284a233eb0,698.0,165.0,168.0,571.0,1
f43d047d-9a5e-4a78-9d2b-78b0d4e74758,,,,,0
f43d1494-2924-4e7e-ba1f-12bbe10219ad,,,,,0
f442953e-1f6b-4968-a376-62a80cd20a0c,,,,,0
f445a565-4abc-4f5c-8abe-ae7ad2e823ab,,,,,0
f45cbe6f-332d-4304-9124-58724cff74c6,,,,,0
f461c59d-14a1-46d7-ae32-b2722a82880a,,,,,0
f46cc156-2f2c-429c-a595-3cd0b157cd0e,,,,,0
f473e66c-9d8e-4a04-bc05-f3359d5b014d,,,,,0
f4741367-a732-4b34-8b4e-586346f1a702,,,,,0
f47ca753-31a2-4db1-993a-8eaf62f109c4,,,,,0
f47ff61f-e517-455a-9e14-2e8daf40ddc6,,,,,0
f49695ae-3b94-4a4b-8175-a4abfac6583f,,,,,0
f49e0a34-836f-43ec-ae02-8b7891502404,,,,,0
f4a6bb3b-0139-4b83-9ced-02f6122ecf4c,,,,,0
f4a8c643-9800-42d9-bcd7-9a4917c3fa4f,,,,,0
f4b051b5-e21f-4599-b698-dd7f034aa110,,,,,0
f4b0d823-4c8d-42ce-8e1f-9695227bae83,,,,,0
f4b33c44-a7c1-4a14-a094-34bf19b38fd5,609.0,689.0,225.0,148.0,1
f4b7ca2f-3d16-449c-8e25-394b1293b45e,,,,,0
f4c1d5e2-95aa-46f1-9815-10bf70f564d1,,,,,0
f4c7d67e-1025-46e0-bba5-cee068b8bd6c,652.0,359.0,195.0,199.0,1
f4caca65-760a-4726-a622-38ddc68e55e9,,,,,0
f4cc8d1d-d7ba-4170-9e6c-69621b3e2869,,,,,0
f4f59f5a-2958-43fb-89c4-2f97da2cc0f2,,,,,0
f50616b4-c6ab-44bc-8a70-28464c77c397,279.0,441.0,165.0,269.0,1
f50616b4-c6ab-44bc-8a70-28464c77c397,732.0,508.0,179.0,261.0,1
f5257a21-9efd-491f-94da-5cbce76d8f95,576.0,413.0,217.0,417.0,1
f5257a21-9efd-491f-94da-5cbce76d8f95,51.0,586.0,238.0,195.0,1
f52d8346-4c50-4788-9302-29b043356ee1,,,,,0
f5310d22-83c1-4051-b114-843c10c67749,,,,,0
f53a8cb7-7848-4589-8301-b5fcf6314ae4,,,,,0
f53ee77b-da21-4d65-8ad3-97561e829092,,,,,0
f540ecf3-66ea-46bd-92c6-9ef59d909b8b,,,,,0
f543b86f-4da7-46a5-b987-b0e68a52c42d,,,,,0
f54cc1dd-2929-4b50-a0ed-6778734cd9a7,,,,,0
f54cd24e-1464-46f4-b8b3-3e6946ae2584,,,,,0
f54f2bdd-5ae9-4fa1-b411-fee73631f191,,,,,0
f5544779-e6b9-456b-a475-867e41212602,323.0,210.0,204.0,307.0,1
f557b7c9-6e13-4f1e-830c-b1185eb8b5c0,,,,,0
f55de1b9-73f2-487c-b717-c09b047a388b,,,,,0
f560fc1c-ec3a-409c-a035-344bff1bbc06,252.0,385.0,149.0,246.0,1
f566c3b0-cfd0-4857-8155-6e4c44e5c442,,,,,0
f574b116-7f36-4ed5-9d6c-d885fd7b6caf,,,,,0
f57866db-e88b-45f6-b9ce-1a185ac5dea8,,,,,0
f5808231-bcfc-4205-95cd-9ba5ed5bed03,,,,,0
f58819c4-260b-4825-b9b6-d643e96cf1b0,,,,,0
f58907a6-f635-482e-9723-bc4325e90d99,,,,,0
f58a1365-013f-49b1-b5c4-24523ba9bc0f,,,,,0
f59ae39e-a3c9-46ba-a402-2e17e91bfd5e,,,,,0
f59ae80d-d98e-465f-963a-1064764211f8,266.0,254.0,132.0,286.0,1
f59ae80d-d98e-465f-963a-1064764211f8,593.0,407.0,160.0,195.0,1
f59d9b1e-1962-4c82-b1de-0d38666b0595,,,,,0
f5a39048-3956-4679-bc82-0ae4cce50614,,,,,0
f5a9f284-5c9b-4eb1-8c03-aa2bf65bb9e6,536.0,298.0,218.0,189.0,1
f5ab1b24-8ee2-4f6b-8866-0c5e6d0581cf,,,,,0
f5b466b8-f96d-4b30-9989-ce0185c8e555,,,,,0
f5b63011-870c-40cb-8bad-c15a5270500e,,,,,0
f5b67371-5425-4409-9065-3ab3f48afbfb,,,,,0
f5c357e1-82e8-46bc-8b8d-ab4d57788aa4,,,,,0
f5c8c054-78a6-4085-8028-7bb635dc6122,,,,,0
f5dc76a7-237a-419c-a28a-c3fc7ff43b65,559.0,216.0,156.0,218.0,1
f5dc76a7-237a-419c-a28a-c3fc7ff43b65,198.0,191.0,192.0,255.0,1
f5dda7ca-c53f-47f8-8a10-08a1e31794c9,789.0,234.0,148.0,255.0,1
f5dda7ca-c53f-47f8-8a10-08a1e31794c9,348.0,252.0,212.0,289.0,1
f5e587fa-9b99-4e6f-a0f6-b510bdad6183,,,,,0
f5ec1010-b315-453d-a163-2cc716ab182f,695.0,427.0,177.0,229.0,1
f5f736d7-ce6f-4e5b-8374-aad9cbf4b86b,,,,,0
f5fa8017-92d4-4d23-93c0-7603d6ceda13,,,,,0
f62228fa-f536-4720-952c-99cdd76d3c52,,,,,0
f6236cb5-cc36-4ec4-895c-d11ce043341d,,,,,0
f623bffb-23e3-4861-a081-17ff805f9570,,,,,0
f62488bf-6241-453e-af87-c7649ec75780,,,,,0
f626cd28-748a-4b1c-8388-8dffa22bac5a,,,,,0
f62c81d2-f85c-432f-861d-1911b66d9727,,,,,0
f62f689c-a7a0-4bb2-8321-2dd3dabd424d,,,,,0
f630809e-2498-44af-beaa-dda23a36cf20,296.0,319.0,163.0,253.0,1
f632328d-5819-4b29-b54f-adf4934bbee6,,,,,0
f64be80f-19e4-4c00-938c-9ad848e9278d,,,,,0
f650ee02-3a03-4da0-8fd9-12f1ffae35b4,340.0,232.0,188.0,354.0,1
f650ee02-3a03-4da0-8fd9-12f1ffae35b4,761.0,395.0,139.0,248.0,1
f6527579-0d96-459a-9c36-0b0047308bc6,,,,,0
f661fe70-2fc1-4564-9f53-45504c0b0688,168.0,283.0,246.0,325.0,1
f661fe70-2fc1-4564-9f53-45504c0b0688,555.0,358.0,171.0,202.0,1
f66549b1-f756-45d1-88cd-f0083e9a25ca,756.0,330.0,214.0,381.0,1
f66549b1-f756-45d1-88cd-f0083e9a25ca,271.0,538.0,214.0,155.0,1
f6676d12-7621-47c8-82d0-2bf385f89e38,,,,,0
f6763491-eff0-40fd-bb34-f61e0b0da4ae,,,,,0
f6795551-1ff4-4f68-850a-8f84b31fef4d,,,,,0
f67d2434-0c18-441e-9ed4-66af65f511f7,578.0,366.0,185.0,320.0,1
f67d2434-0c18-441e-9ed4-66af65f511f7,132.0,312.0,174.0,356.0,1
f688fd10-1744-4d06-92a2-43f3d54a96e6,,,,,0
f68d03d0-4afd-490f-8132-06e2103b690e,,,,,0
f694c8f4-978d-484d-be6f-e201c64a0206,,,,,0
f6996063-32fb-4c81-88d5-88d378cde412,,,,,0
f69b3d65-3650-4bd3-8809-a0fc0eac5f2a,,,,,0
f69d3d54-8cd6-493a-8aa1-8759da558653,,,,,0
f6ae6a07-2f67-49cc-92ac-c84daae85ba3,,,,,0
f6b09a6d-d47f-44e0-a8d4-a332eb8854aa,,,,,0
f6b1cd9b-dce3-498d-8041-4cbb66a77d14,,,,,0
f6b51ab0-d1b0-4fbb-8b6e-3acc0464b055,,,,,0
f6c2c26b-7d88-4709-a874-e85c65358c3f,308.0,182.0,207.0,470.0,1
f6c2c26b-7d88-4709-a874-e85c65358c3f,651.0,198.0,199.0,507.0,1
f6c48267-7544-4d6d-bcbd-3dab254b653b,,,,,0
f6ce369b-42d2-40b4-8020-00ffb5ee2dc1,,,,,0
f6d18c0f-9c71-4693-a8e2-56edd30008b8,,,,,0
f6d5b202-5ff1-428a-8d3e-5b64d67fc095,,,,,0
f6ddea00-5bbf-46ee-8606-634dd5237657,,,,,0
f6e13f4d-82c4-44ea-ac28-14921fec4ae9,,,,,0
f6e19d24-ce31-4546-8804-b704fff14a45,,,,,0
f6e3bb77-4eac-447e-8fd5-d12d5ced14e0,,,,,0
f6e624f8-75fd-4f03-9119-24a617008e2b,,,,,0
f6e6a811-d674-4606-bf12-59e0cced16e8,,,,,0
f6ea62b5-fb92-45b3-b59b-2f9b6d8b7e7e,179.0,284.0,275.0,511.0,1
f6ea62b5-fb92-45b3-b59b-2f9b6d8b7e7e,599.0,371.0,215.0,499.0,1
f6f6cb82-f83b-4abd-88b1-4ad5e9436bfd,,,,,0
f6fc2565-6f6c-4f0c-9a4f-c367ef4cacf0,,,,,0
f700d213-ca55-4297-9e4f-4b0cad996a7c,,,,,0
f709fca4-e872-4251-aa84-e1941fde8f58,,,,,0
f7107a21-770a-4305-a5ba-1b2a505d9c75,,,,,0
f71656b8-8746-4025-a813-9ae4c61a0d36,,,,,0
f7410d4f-98bc-4a27-8185-b7c9bea83dc4,,,,,0
f759e4b7-21fe-4f3a-aaeb-0b8b99cb103c,217.0,550.0,150.0,223.0,1
f75ca225-f1a4-4de7-a359-72e2aef59b5e,,,,,0
f760c946-a103-4991-a6e5-ff60c24cd99f,639.0,225.0,187.0,320.0,1
f760c946-a103-4991-a6e5-ff60c24cd99f,213.0,227.0,228.0,376.0,1
f76c9846-d88a-4d7c-b887-2759a4333f7c,289.0,402.0,196.0,195.0,1
f773866f-22ae-498d-8cef-8f8638a77425,,,,,0
f77f88c9-699e-4341-a55f-f84eeeedb7c0,,,,,0
f78584ca-15f7-45e6-abb5-a2493fb9e05a,,,,,0
f785a2f6-f2f7-4a89-9bde-e77d31e35a6a,,,,,0
f78a62d0-f9aa-4828-ad8c-ec4917f52d48,181.0,695.0,195.0,187.0,1
f797d075-bb52-465b-84bf-da47866e002d,,,,,0
f79893ef-5f7f-4b63-bcbe-694a2bd8bf42,,,,,0
f79e5a75-5e15-431a-9ba3-de64c1724b65,,,,,0
f7a1de8c-7802-4af3-98c4-4dfb088b986d,,,,,0
f7a9a992-549e-47d4-8ffb-ba22fef38d8d,,,,,0
f7aa6eeb-8643-46b7-83d8-1e216af7785e,,,,,0
f7b2bbb3-b6d2-4df7-b9d0-ba983a3c0c7c,,,,,0
f7b62a45-653e-4495-b50b-dc23c63db0d0,,,,,0
f7cb30d5-3102-46c2-a66d-6af7a147b51a,,,,,0
f7cc8800-27a2-4aca-b9d2-d07030ecbd7f,603.0,359.0,227.0,350.0,1
f7cc8800-27a2-4aca-b9d2-d07030ecbd7f,155.0,156.0,298.0,500.0,1
f7ccfda0-98a0-4bd6-a032-66d0940cb118,,,,,0
f7d0e9c2-68d8-4742-9ce6-1ac3d250cb35,215.0,430.0,221.0,291.0,1
f7dfa994-ff99-46eb-bac4-e431688046cf,,,,,0
f7e14331-ae8f-4367-8ca3-93699785e0e2,,,,,0
f7fcd6bd-940c-4ef9-94f1-8c322bf53586,,,,,0
f7feb95a-6cb9-46fd-84ea-3d421ae122ef,,,,,0
f7ffee08-c47b-4c2c-8748-93d6ba148652,,,,,0
f8024b23-e4e2-4723-b372-0ebcd2a205b2,,,,,0
f8153745-24f3-43d5-8684-209b59fcddfe,231.0,568.0,164.0,122.0,1
f8279c3c-7906-4ac7-a2da-a2a94e4de519,,,,,0
f8296520-afbd-40f5-b988-087201f8b2a9,,,,,0
f8377b25-0c03-4615-b18d-f0131b80b3d4,701.0,409.0,146.0,194.0,1
f8377b25-0c03-4615-b18d-f0131b80b3d4,212.0,553.0,188.0,186.0,1
f83df085-ffda-4d09-8c53-6689bcc2a7a0,,,,,0
f84739d6-6fa1-4025-9dde-a1bd80b56eef,,,,,0
f852e922-6bcc-4ef2-851e-7fcc81296ddf,,,,,0
f85334f9-9258-44b2-b4c4-6dbd17170bb2,,,,,0
f85378a5-386e-4889-b494-575e6b6da3ab,,,,,0
f854d6cf-8297-4894-80fe-90f9a11d0cb0,600.0,551.0,168.0,239.0,1
f860705c-9008-4c59-9c39-1d99226c33b3,,,,,0
f867328a-ebe2-4e08-8422-49bb6c6e5497,,,,,0
f86808c4-51eb-423b-978c-25a176edaffe,,,,,0
f86a02d1-4ee2-4578-b001-a03952254643,666.0,515.0,146.0,264.0,1
f86a02d1-4ee2-4578-b001-a03952254643,175.0,417.0,239.0,312.0,1
f86b5b00-73a5-4d58-ba24-196ee4c58b17,,,,,0
f86eae7e-2499-4f10-ade7-c25f47cf614f,,,,,0
f87332a3-9e9b-4405-bcb2-d52652adbaba,637.0,570.0,210.0,152.0,1
f880d2fc-8720-42f4-b72e-0755aa82b94a,,,,,0
f885ec45-b837-42bb-9958-c6f61a7982d1,,,,,0
f8868bd7-01d1-43b6-aa99-29a98665dedc,,,,,0
f88b00fa-454b-4965-8279-bad3674a9909,,,,,0
f89cdd03-5ea2-4e80-98fb-1d2e57686638,214.0,356.0,180.0,290.0,1
f8a015d6-f7e6-4dd6-8984-6db9ae4c556b,320.0,301.0,158.0,230.0,1
f8a11cd6-e541-4765-a41b-3d70b6f3481e,,,,,0
f8a38e37-ad16-433c-bb45-84fe178517bc,,,,,0
f8ae7a9c-9168-4a6f-8309-cd004da478b0,,,,,0
f8ba25b1-23c2-4f71-bdb3-3850e40f5426,,,,,0
f8bd3b85-13cb-4742-a3e4-3c780d6f0cb2,,,,,0
f8ce366f-985a-489d-9527-8fa0442c44a1,,,,,0
f8d2f617-b0f6-4ff5-a49b-e63120e4c9c9,,,,,0
f8dffe8e-2715-47ec-bdef-8d33db0464ee,,,,,0
f8e0ed85-399a-4c57-afc5-a111923d2662,,,,,0
f8f84dd5-5c41-4f63-9d3b-23e6e04d7fe8,,,,,0
f8f85fb2-ebab-465b-87f2-41ab2f27c666,,,,,0
f8fda666-c689-4416-bd0b-9c690511ca69,,,,,0
f8fef94a-8314-462a-a3de-a45fd2265efe,,,,,0
f91cc1bd-468c-4c3e-9d92-76c422a756ac,,,,,0
f9230537-bb87-4de7-90f1-73bc730d4b3b,173.0,610.0,201.0,179.0,1
f9230537-bb87-4de7-90f1-73bc730d4b3b,673.0,561.0,124.0,120.0,1
f9230537-bb87-4de7-90f1-73bc730d4b3b,226.0,331.0,216.0,227.0,1
f92e409f-ade8-48a5-84db-55fa498ec3c3,,,,,0
f92e80ed-83e2-4f75-9df3-c41242715bad,,,,,0
f937e2d2-c4e5-4cdc-b094-91daa023e9ef,,,,,0
f938d936-8c4a-497e-9b73-244a22786490,,,,,0
f93d61c1-097d-4fbb-872d-d420c6a8d563,,,,,0
f93d9a23-cc0d-4eff-abf1-62139ebe80d9,,,,,0
f947b895-67f8-4132-a24c-99f803410b4d,,,,,0
f95ede95-909c-4710-a5f5-ee6a8eaf3ed6,,,,,0
f966c01e-ee55-4544-a700-032f9d538a2b,261.0,345.0,185.0,331.0,1
f966c01e-ee55-4544-a700-032f9d538a2b,681.0,365.0,191.0,198.0,1
f970005f-e300-4102-a486-f9bbf30849bb,,,,,0
f9715e1e-5d0f-4616-9bb4-c98e105acab1,332.0,289.0,139.0,295.0,1
f9715e1e-5d0f-4616-9bb4-c98e105acab1,630.0,312.0,136.0,285.0,1
f975624b-62f4-4739-86fe-3e7c32a055a9,,,,,0
f979069d-6915-4f84-9b97-345f35ad2083,609.0,412.0,190.0,192.0,1
f97972cb-b8f7-4363-9607-fd6c880250b9,,,,,0
f98256eb-738f-4da3-a36f-84d3df884410,,,,,0
f986edcb-2bc8-4bd0-9b22-e16f9633392d,,,,,0
f9883384-de94-4687-8c57-69d2e4a37c82,274.0,404.0,206.0,296.0,1
f99423e2-de7c-45d7-9e88-9ec4b7b0936e,,,,,0
f9948c5e-f97b-45a2-a5f5-236cf83fdc13,290.0,227.0,166.0,330.0,1
f9948c5e-f97b-45a2-a5f5-236cf83fdc13,677.0,159.0,163.0,507.0,1
f99ae625-f66e-4ec5-ad5d-a87f036664e1,,,,,0
f99c02a3-1731-4d3b-80c2-fc0cf713787e,664.0,236.0,224.0,406.0,1
f99c02a3-1731-4d3b-80c2-fc0cf713787e,247.0,199.0,231.0,393.0,1
f99e3606-9561-4523-aada-2a8514f185d9,,,,,0
f9a0d038-76b5-4252-aeb3-b0a82aeeddba,,,,,0
f9a3c734-1483-4385-ab4f-e45853f3f00e,682.0,445.0,195.0,173.0,1
f9a3c734-1483-4385-ab4f-e45853f3f00e,214.0,502.0,201.0,193.0,1
f9a41f85-2c42-4b7a-bc19-b0cf75e22d7d,,,,,0
f9a883de-5326-44c8-8fe2-487f199887d4,,,,,0
f9aa0398-7cf5-49f2-9cce-fe86b12f9c1d,,,,,0
f9b031df-747f-4158-ac9c-15a7b1908827,,,,,0
f9b4c07f-4d0c-4afc-bab6-96014387fb5e,,,,,0
f9b51197-b08a-44ed-9d86-d88488319ef8,,,,,0
f9b7501e-d8f1-4765-b940-254680b3e2d6,,,,,0
f9bb71fc-fec8-4faf-8c59-2e5391e6327c,,,,,0
f9bf7579-e589-4953-bd68-d92f44f0aa95,189.0,409.0,217.0,238.0,1
f9c00705-ccbf-4cf0-a1ba-988ea98d9b9e,,,,,0
f9c25a59-d1dd-431e-ae40-85295a25e647,,,,,0
f9c99896-bcb6-45b4-9128-528f695e3628,615.0,482.0,203.0,106.0,1
f9c99896-bcb6-45b4-9128-528f695e3628,231.0,482.0,192.0,156.0,1
f9cd3c04-953f-404d-b252-c860b11d167e,,,,,0
f9d39144-ca15-4589-a595-aeb28b50925e,,,,,0
f9ff51b4-c9af-4224-b0f1-38a81a94830e,,,,,0
fa03359d-9704-44e0-9050-987ffecc5435,,,,,0
fa0f397f-7b3c-4244-9692-80e622821131,,,,,0
fa110348-7f47-4528-8339-a8df940b6ae6,,,,,0
fa14080c-771a-402e-b456-3d3a1bb0ff8e,,,,,0
fa1dec3b-9428-43ac-9365-128608ce1539,,,,,0
fa2492de-0260-45e3-9491-a0eaed9658a0,660.0,275.0,209.0,337.0,1
fa2492de-0260-45e3-9491-a0eaed9658a0,168.0,302.0,237.0,285.0,1
fa2932b5-02fa-4d1a-b2c6-3db35049e65a,,,,,0
fa2c4817-831b-4c4f-81f1-645acb122756,,,,,0
fa2ef1a4-30c5-4198-9604-e1060054ebea,,,,,0
fa315c5c-8444-4014-b4e5-ed21f891b251,,,,,0
fa3179b8-cc14-411f-89bb-611ac377f574,,,,,0
fa35c48a-e3b1-40ad-9c2d-7a9cb9f40eeb,,,,,0
fa42a65d-581e-44bf-a8de-b89e9a6c17fb,717.0,524.0,185.0,197.0,1
fa4f2172-b7b7-47c9-ba52-04642e880a68,,,,,0
fa545d15-c639-42d9-a12d-b1f2c3a614a2,,,,,0
fa584b0e-860e-4b54-aadd-65dd0ba16f67,,,,,0
fa596a49-d322-4bc9-9573-cac9926e11da,,,,,0
fa5cab52-5ad0-44a2-932e-142483abd8a5,,,,,0
fa674e0d-3a2d-4da9-a336-df42cb12f8f6,,,,,0
fa6a042d-525b-4b4e-b1e9-0c1d4f8cf540,,,,,0
fa77a4cf-1db1-483f-af3d-c2be04c3e1f1,,,,,0
fa7af4c7-4c35-48b6-bf91-585da33e4b6e,,,,,0
fa7f8cee-db31-4015-92c8-25d3f792c179,,,,,0
fa8f46e9-4e03-49b8-92c5-3432a300cb7e,235.0,527.0,150.0,163.0,1
fa8f46e9-4e03-49b8-92c5-3432a300cb7e,533.0,707.0,202.0,138.0,1
fa90de74-1515-4fa1-860b-b98ca8f96639,,,,,0
fa9279e7-29b5-4997-b30d-dcfa0a3ba47f,,,,,0
fa9d8ccd-2763-47f3-a59d-898fd7a0bd32,,,,,0
faa193f7-eeab-4acd-bc73-72208df5dd72,,,,,0
faab1954-075a-473c-acf1-aca1ba777de8,,,,,0
faac3aa2-9311-4caf-8c60-e9151aaca922,,,,,0
faac8c86-e421-4dee-bcc8-200026cd17fc,,,,,0
fab18a7a-9b10-40a8-a2c3-e6f6644de5d6,,,,,0
fab1ae5a-5a01-46db-a260-7e6b537f53eb,,,,,0
faba5858-b8e1-478c-acb7-0902932f834e,,,,,0
faccc909-7b46-4c7c-ad86-1ebdfec79bf9,,,,,0
fad3102b-f4e5-4ad2-9012-47344a53d61e,,,,,0
fad3b944-c243-4211-b1b9-8d66d2ad30ad,,,,,0
fad80315-158c-4399-b3b2-bee20c35863d,204.0,447.0,229.0,186.0,1
fae7b1fc-10f3-492d-a79a-49061fe0059d,,,,,0
faeba3cd-ebb5-4110-93eb-03ca0dd51d5e,,,,,0
faee7a7d-14fe-4c7a-bf98-470b48beaf75,,,,,0
faf9a876-0015-42e8-893c-fb45e39eb351,,,,,0
fb00a3b8-e507-4ad3-b6b3-64f267d0e62e,,,,,0
fb06bc98-4c80-4b67-94d2-b9e20e168f3c,589.0,391.0,185.0,403.0,1
fb06bc98-4c80-4b67-94d2-b9e20e168f3c,202.0,333.0,230.0,406.0,1
fb0a56d7-73ca-49d7-85a8-146880e12799,,,,,0
fb10f71b-fd9d-43cc-a310-c5b48b7d22c8,579.0,377.0,197.0,324.0,1
fb10f71b-fd9d-43cc-a310-c5b48b7d22c8,150.0,354.0,217.0,327.0,1
fb1e65f1-4b6a-4900-8b7e-ba69ed91574f,,,,,0
fb25a758-fb40-471d-b15e-03aa03e245b0,,,,,0
fb28dcb2-055a-4619-9b8d-5ca654fd0345,,,,,0
fb2d6329-0e0a-40e2-9f31-9491cda7c267,,,,,0
fb2dc9da-0ddd-4d3e-b94c-64a64c0eaf00,,,,,0
fb3c2065-8458-481d-b45c-9e1887409ecb,,,,,0
fb3d62c8-5eba-4aa3-b904-4bfd270bffa6,,,,,0
fb423cbf-a579-48cc-93e2-239f30a1f0c7,,,,,0
fb4406f0-2d2c-4571-9b15-5db51e7cbe60,,,,,0
fb4a8435-917c-4d52-94c6-9ed16c95a078,,,,,0
fb4b98af-d6d1-468f-8194-ceffd09d9fb0,,,,,0
fb4d84df-d806-4a95-b5b0-e23f824d77b7,,,,,0
fb61dafc-4419-4b10-8008-b5d4499571d6,,,,,0
fb6547ae-25ae-4b2e-9047-d5dbd2b328ac,,,,,0
fb679675-c42d-4c9f-9006-456eaa860e1d,,,,,0
fb73b991-f19b-415f-9cc9-2a10f7226bee,,,,,0
fb76d89d-c58e-4a62-b390-d85ca269b2a7,,,,,0
fb79a8a2-0c21-4386-b95f-3427da288202,,,,,0
fb7c7c19-3c2c-452e-84ad-16a435b1ee6e,,,,,0
fb7caab5-e71b-44b0-b395-2074ae1c161f,,,,,0
fb7e027c-7111-41f9-b0d6-32d16ebc2c6b,,,,,0
fb8167ad-76f8-4f75-a422-90304c82f9d7,280.0,213.0,189.0,388.0,1
fb8a32a0-d1e5-4057-b1e0-2c26d5645d32,,,,,0
fb92d9dc-51e7-4311-8e68-ccc610fc175a,,,,,0
fba69c73-b836-4af1-8c84-4526ee8fdde3,224.0,395.0,236.0,226.0,1
fbb1a00f-e687-4f08-a085-94ba2a3ff0ec,574.0,239.0,198.0,418.0,1
fbb3b33c-0ce2-488c-b787-05b31358d66e,,,,,0
fbb54a48-095e-4c87-b29d-e4eb2cf1adc1,,,,,0
fbb70ec7-443b-4261-8c5a-44d3ffd9bb9e,,,,,0
fbbcd1fc-07ab-4d58-894a-971fcaf9fbc8,,,,,0
fbbd1c86-6545-4cf7-8273-0c77161c847c,,,,,0
fbbd3b4b-eab1-4bc2-b588-4caf9420d34f,,,,,0
fbbe59b1-39aa-45f2-adf8-42fba9f99c6c,,,,,0
fbc0ed64-7998-4e75-b5ed-ba4c51e8d5b8,,,,,0
fbca4f58-4356-4658-8abe-95d73dfbeba8,,,,,0
fbd611c7-629b-4f62-a9b2-cc5620627c4d,,,,,0
fbe7c985-22cd-4853-b4d0-2f594fb3237a,,,,,0
fbed0d04-0a3a-4533-9423-c2988ca3f599,,,,,0
fbff894b-316c-495e-9bba-e6f6228af214,,,,,0
fc0912c2-0cfc-420e-8c77-0fae34451d7e,622.0,276.0,205.0,357.0,1
fc164842-b109-4f1f-9f60-e8f2358ddf00,,,,,0
fc16f271-8405-4020-b564-bc84696bed88,,,,,0
fc1962a9-5a12-47d7-b164-9e2435dc3beb,,,,,0
fc27980c-fe2d-45ba-811a-c4fdf40ea059,,,,,0
fc30c08f-0b13-44bb-a8dd-7517e38fcb8b,,,,,0
fc3759df-79a4-41f1-a461-a2d12f09f489,121.0,329.0,226.0,162.0,1
fc3759df-79a4-41f1-a461-a2d12f09f489,602.0,239.0,195.0,223.0,1
fc5b76b1-3ab4-465e-a120-710a4e06cc39,,,,,0
fc5e51d0-cd76-45c1-a95b-a6bc6dd5b141,,,,,0
fc66e937-7626-4dba-b8bb-a1d8d0ed8188,,,,,0
fc6a9664-a081-4a66-ab6c-1be36810fc5e,,,,,0
fc7276ad-47d1-451e-bf68-c4e2db43b6a5,204.0,256.0,194.0,525.0,1
fc7276ad-47d1-451e-bf68-c4e2db43b6a5,617.0,274.0,155.0,291.0,1
fc74ff08-3d2e-497f-8068-a7c1482cc8a3,,,,,0
fc753cd9-e419-4baa-8233-008548b8aa3a,195.0,629.0,160.0,134.0,1
fc81660d-7d13-43ab-9f1c-0608f5f21d45,,,,,0
fc84e604-e8b3-4bfc-87ae-a1ef4ee4a5aa,,,,,0
fc91bbb1-0c63-46fe-91fe-9c8250e78ae9,,,,,0
fca2546c-2d5b-47b5-b16f-7933453e08cb,,,,,0
fcabeae4-2631-494c-b7f9-f96d6da5e0ab,,,,,0
fcac407d-3950-41a9-b7f9-3b201b33a7b1,,,,,0
fcae8bb7-864b-46d1-b07c-9ab349494c34,,,,,0
fcbae9af-e49f-4501-a3fa-c1cf3962272c,,,,,0
fcc31b16-52dc-4dd6-ac79-4ac0be052a96,,,,,0
fcc5b8a7-b89f-4b6a-9dfd-40564bed2531,,,,,0
fcc70304-c7bf-47ce-85cc-0754706b1a91,,,,,0
fcce9705-b960-40f7-9426-4cd36b6f56e6,,,,,0
fcd159f4-21d3-4169-a94b-95a2b5ccddcb,659.0,409.0,230.0,307.0,1
fcd159f4-21d3-4169-a94b-95a2b5ccddcb,178.0,435.0,232.0,310.0,1
fcd2dbee-abcc-4ae4-a2fb-7e89a4857126,,,,,0
fcd6452c-680d-40a6-9fc6-1793eb3ca0a8,661.0,342.0,153.0,451.0,1
fcd6452c-680d-40a6-9fc6-1793eb3ca0a8,347.0,300.0,171.0,437.0,1
fcde3246-79cb-4e2e-b9b7-0820aa170a09,,,,,0
fce3c904-7261-4957-8494-1dd21e71e4fc,,,,,0
fce56107-c115-4cb6-b340-19f87b757035,149.0,256.0,163.0,193.0,1
fcf2db6b-69ec-480d-8924-3653c7d350e4,,,,,0
fcf8c32d-ff7e-4d96-8db2-e799650e1bed,,,,,0
fd060e38-c89d-4bef-b9aa-427a97a1cf9a,,,,,0
fd070065-c0c6-466e-8743-c440da108917,,,,,0
fd08f9c5-1101-4353-bfc0-12d06be82d0c,,,,,0
fd147f16-7eeb-474f-98df-c3b0c39c163c,619.0,405.0,177.0,264.0,1
fd147f16-7eeb-474f-98df-c3b0c39c163c,178.0,332.0,225.0,347.0,1
fd1550bf-b079-4ff1-a1f3-8aa821c4b83b,,,,,0
fd1e67db-bdf2-4b41-815b-c33a0d7afa1e,,,,,0
fd24442d-ffcb-4e70-8516-8e699c40b9fb,,,,,0
fd49c13b-5627-4ee1-9b61-54013d8f1fd9,,,,,0
fd576cc7-381e-496c-a347-1d4c07d792bc,,,,,0
fd5cc454-f85b-464d-a04f-09d46a86d200,325.0,277.0,210.0,335.0,1
fd5cc454-f85b-464d-a04f-09d46a86d200,770.0,366.0,201.0,279.0,1
fd67d636-d57c-4698-876b-23e94eed5067,178.0,251.0,238.0,305.0,1
fd67e4af-12e9-4aa8-b227-b8369a09804a,,,,,0
fd78ad6a-c1ea-4ebf-826b-55bf09cfceff,,,,,0
fd959403-bc04-42c5-9a71-2112925bd350,,,,,0
fd9fe662-92ed-4fb0-a4c4-9f98ad218444,,,,,0
fda9946c-adac-4be9-a57d-c1ee75887c3c,,,,,0
fdaaedbe-1d47-4626-a7ab-f9f06dfd009a,,,,,0
fdb7ee89-c1fc-473d-8336-c82f1658dbbd,,,,,0
fdc1d245-cf5c-4b71-b75d-4d6194029b53,,,,,0
fdc740ef-4924-4806-9241-5e5685b251ed,,,,,0
fdc8b07c-8c97-4022-ac84-347f8072f07a,635.0,389.0,194.0,318.0,1
fdd012a3-154d-4c94-ad81-762840746c39,,,,,0
fdd7ad70-be5f-4927-95ee-e6d4c05c9bdb,,,,,0
fde168d7-af3d-4213-9fb5-e0ae8b09c786,,,,,0
fde52c03-0614-40e6-9f8d-4c09f05668d4,,,,,0
fde9b6e5-382b-4fec-8406-70a279a4b696,549.0,329.0,172.0,400.0,1
fde9b6e5-382b-4fec-8406-70a279a4b696,194.0,246.0,188.0,445.0,1
fdeff9e3-54ca-487e-a00b-71c9072eed25,,,,,0
fdf04bbb-d289-4421-9ec5-020f71535fab,,,,,0
fdfbe45e-d197-4462-900c-bf5f2d489c11,,,,,0
fdfce1ff-203e-4b23-a360-3803558a7f7a,625.0,466.0,186.0,190.0,1
fe0f0271-231a-45fb-9ae4-d9e8a129c549,,,,,0
fe169755-e3b1-475b-a31c-e273c77b2013,,,,,0
fe16b6d8-add2-4d0d-b052-96b1986b67e0,755.0,472.0,159.0,335.0,1
fe16b6d8-add2-4d0d-b052-96b1986b67e0,215.0,374.0,213.0,393.0,1
fe23b27d-db99-40f5-b2ab-d9a91cc361cc,,,,,0
fe29ab2c-aee8-42f7-85e0-d836d8e30ea8,,,,,0
fe2e6108-895f-4469-8712-7965544dd47c,216.0,351.0,150.0,348.0,1
fe3b3a17-4fac-4180-ac77-a53d39f10406,,,,,0
fe455399-fd6f-4baa-8b02-cee57eb9986b,,,,,0
fe503a3e-17ce-4196-8bfd-4f18a4f2280f,,,,,0
fe51865c-9003-4094-ac67-1cc70cb33c88,,,,,0
fe5f1cb5-2742-482c-8197-bb7cf0b2952e,,,,,0
fe75d8cc-3123-4e4c-a21e-4983e741b855,,,,,0
fe7a79ba-8b35-4a93-9186-08da014b63e1,,,,,0
fe7c2f5b-2ca9-4773-9a30-611108c59bc5,,,,,0
fe7c43ad-4a80-4752-a271-91cc6fe5a370,,,,,0
fe894020-017c-41f7-9f64-99467937263a,,,,,0
fe8aa582-6794-4665-bb34-9c9d6ccb5a56,,,,,0
fe984b23-53b7-403e-9c18-b4302ff46f2b,,,,,0
fe9ba80f-ccb3-4de8-9f6b-610f814067d2,,,,,0
fea45df8-aa0d-4483-ae67-5ed1b4b05b52,,,,,0
fea6191a-f4d4-4cc6-8bf7-5e81bd097209,236.0,322.0,160.0,390.0,1
fea6e37a-41c3-45ce-9b27-6f1bed1bc7f4,196.0,425.0,178.0,321.0,1
fea6e37a-41c3-45ce-9b27-6f1bed1bc7f4,664.0,452.0,142.0,294.0,1
feaf9f54-74da-400e-85aa-35db240cf11c,,,,,0
feb64d56-3824-4df5-8ca0-72f146dc3aca,,,,,0
feb8dd3e-ecfc-493f-9094-00331a043c7c,214.0,312.0,218.0,227.0,1
febbc3ae-c1c8-4625-8cf0-3170c460ca4f,,,,,0
fed1a50d-85a5-44f4-825f-3a5f2a826678,,,,,0
fedfec87-0d4f-488f-8e0b-50e2db8942d1,,,,,0
fee51f1f-1143-4609-ad3f-baefbfbdc1f1,,,,,0
fee72484-77b0-4d59-ad08-5d8f497dde99,,,,,0
feeae8c2-49ec-4ef9-8ad2-7e29b3dfd617,,,,,0
fef2c610-5694-4192-ae72-7874fee1feb9,,,,,0
fef72585-1a73-428d-9138-07f19fa8603c,,,,,0
fef734db-9599-4df3-83cb-45de251a98d9,,,,,0
fef7b294-017c-4491-9e57-119086855785,121.0,612.0,181.0,165.0,1
fef9cea7-b11c-467a-b64e-3f7199d18311,,,,,0
fefe9ff5-ec06-43bb-a70a-8a7b4b16b3bd,,,,,0
ff004b71-fe8a-4c62-acb1-44afc44eb59d,,,,,0
ff00eb58-e9c8-4c4b-8837-88355b3b7d2b,,,,,0
ff0fcf72-7b10-4c5c-bb43-f81368872b9b,,,,,0
ff172cdc-bcfe-4fed-904b-6e573b1bc74c,,,,,0
ff17d695-3f5e-4574-a7f3-0329d9ce92ea,,,,,0
ff1bf27e-55e4-41b8-a0ab-4aff74ee529e,,,,,0
ff1c8291-32bd-4d9a-8c4e-570dca044bcc,,,,,0
ff21f6b8-5ebc-4097-a402-54d203884923,,,,,0
ff3258f3-2c66-40cf-9d5d-fe77f8036fa6,146.0,483.0,141.0,218.0,1
ff3258f3-2c66-40cf-9d5d-fe77f8036fa6,591.0,276.0,161.0,486.0,1
ff3263ac-8016-47aa-ac03-4254bf0f2f13,,,,,0
ff337f11-e307-4173-bd1a-5b285dae5073,,,,,0
ff34eb2e-60eb-401a-81bc-8083dab28957,,,,,0
ff36df91-52bc-4fa6-a3df-1da3d3f6191a,,,,,0
ff38a1fd-53c4-4c3c-93e2-860f025f90de,,,,,0
ff3b24b7-a7df-4ee0-a3f8-d213914355c4,,,,,0
ff3c2e94-b672-4bd2-8073-e9a4b6d9294d,,,,,0
ff58dc9c-7f64-40d9-82da-3bb6d22494b6,,,,,0
ff68830c-84cf-44c5-983d-6d332f86d82a,,,,,0
ff69289a-dc4c-4c24-af25-b9a71dceac3f,,,,,0
ff71338e-e5c8-41c4-b057-e7743497665b,,,,,0
ff728586-b8a3-4d0f-8956-4b93dfc3b728,,,,,0
ff7f3397-73b7-4601-9447-cb6261fcb51d,,,,,0
ff7f99be-2021-4094-9cf4-1865061ce3a3,,,,,0
ff863e04-0cd1-4cc4-b68d-f403d05193c4,,,,,0
ff8d9de6-d439-476d-a171-36c8d5825e41,,,,,0
ff8dffe0-57bb-4b95-b425-38f8ef290339,,,,,0
ff91fe68-b870-4efa-a0a8-3de999ef71a2,,,,,0
ff955beb-6f41-4292-adf7-f224054c882f,,,,,0
ff9d37d1-3660-4187-8f57-d31f9c91a3fd,193.0,556.0,207.0,262.0,1
ff9d9177-ab50-4667-8193-9569ddf519e5,,,,,0
ff9f1f48-402c-4a72-9ceb-d97c416726d6,,,,,0
ffa141d4-00d8-4df5-86e0-b6f37dd8f3b1,,,,,0
ffabea71-fba0-49ff-a038-2b1dac9971b7,,,,,0
ffaddbba-6aa4-4f12-ab24-b994567f01e6,,,,,0
ffc3fc59-f046-48b8-b7ad-3a9e07362d0c,,,,,0
ffc9e552-ca53-43a8-a156-b0f97f0d40f3,,,,,0
ffd2bc74-f9d6-49fb-84d7-de060ee22583,,,,,0
ffd787b6-59ca-48cb-bd15-bcedd52cf37c,157.0,393.0,237.0,458.0,1
ffd787b6-59ca-48cb-bd15-bcedd52cf37c,571.0,238.0,286.0,482.0,1
ffdc771e-1f1a-47f7-b732-3e06e48c24e8,,,,,0
ffde3879-241c-4b03-9d91-625cae6b49e8,,,,,0
ffe16061-b19f-4333-8a03-b41aab42b47d,,,,,0
ffe9a1c4-634d-408f-9b0f-8098ffb78a4e,,,,,0
ffe9ab5c-9d39-4235-9ade-d725dcad6b76,,,,,0
fff50447-821b-4b72-ae91-22b0679d6d3e,,,,,0
fffba05a-1635-4545-9bbd-57ad4cfe8d27,,,,,0
fffec09e-8a4a-48b1-b33e-ab4890ccd136,,,,,0
000db696-cf54-4385-b10b-6b16fbb3f985,316.0,318.0,170.0,478.0,1
000db696-cf54-4385-b10b-6b16fbb3f985,660.0,375.0,146.0,402.0,1
000fe35a-2649-43d4-b027-e67796d412e0,570.0,282.0,269.0,409.0,1
000fe35a-2649-43d4-b027-e67796d412e0,83.0,227.0,296.0,438.0,1
001916b8-3d30-4935-a5d1-8eaddb1646cd,198.0,375.0,114.0,206.0,1
0053ee32-1e03-4dc2-a103-f46ad0448787,,,,,0
0092d9c5-26b6-4e66-b196-49b2224ab8d1,,,,,0
00a05408-8291-4231-886e-13763e103161,156.0,187.0,173.0,371.0,1
00a05408-8291-4231-886e-13763e103161,491.0,194.0,156.0,222.0,1
00dd08bb-b7ea-4617-801e-02b3051c3475,,,,,0
00ddefb9-d94e-4e86-b945-970be30483d7,,,,,0
0103fadb-1663-40a6-8a9e-09d626cd2091,,,,,0
0111d61a-8a5d-4dc8-8c00-7365f8a8de3d,,,,,0
0135d3e6-15d6-4491-a263-0bac7b7c2b47,,,,,0
01469010-0fab-4a07-86c6-962996ce2ca0,,,,,0
016b050d-bf68-4a32-8d3e-421338819519,,,,,0
020f45a7-14f8-4ed6-9639-3969d1a87b8c,,,,,0
0232c2b8-f7ac-4f42-84be-510ccb7cf351,661.0,396.0,227.0,275.0,1
0232c2b8-f7ac-4f42-84be-510ccb7cf351,223.0,373.0,191.0,264.0,1
0257438d-8365-4000-935e-3de03114734e,,,,,0
02589621-9494-4801-99a8-a4e89c1b525d,232.0,288.0,141.0,424.0,1
02589621-9494-4801-99a8-a4e89c1b525d,642.0,307.0,128.0,286.0,1
0266f96e-df45-4d2c-b445-bc96485b8f12,,,,,0
02743848-e50a-4faf-a3f4-a6215613a23d,605.0,84.0,279.0,547.0,1
02743848-e50a-4faf-a3f4-a6215613a23d,223.0,102.0,236.0,540.0,1
02b7b018-0fed-44c2-a9c2-93b2b3952efc,233.0,566.0,113.0,150.0,1
02b7b018-0fed-44c2-a9c2-93b2b3952efc,695.0,448.0,161.0,247.0,1
02b7b018-0fed-44c2-a9c2-93b2b3952efc,239.0,329.0,126.0,156.0,1
02de832c-0929-4d8e-a333-6fd53367c63e,,,,,0
02e141b9-8bc0-45df-be3a-5508768412c6,,,,,0
02e4191e-fb03-4581-914c-f0438a17e53e,,,,,0
0300267e-bb80-4c68-b57c-d58338d303a0,,,,,0
031d627f-e6af-4588-8cca-6be8aa1222c7,247.0,716.0,173.0,77.0,1
031d627f-e6af-4588-8cca-6be8aa1222c7,267.0,436.0,98.0,194.0,1
031d627f-e6af-4588-8cca-6be8aa1222c7,649.0,498.0,231.0,269.0,1
036a1ed9-6ce8-4a5c-80aa-4790abe94dfc,,,,,0
03774732-81ca-4da0-a35c-ec222c14a4c9,,,,,0
03a9b990-18bb-4370-ac03-7fa385ea72bf,,,,,0
03cf39fd-692c-46db-80d2-f1efb09b0e31,,,,,0
03dedd9f-7e97-42dd-99aa-afcb09e0395a,,,,,0
03df15ef-8653-44c6-8088-4242a5073318,,,,,0
03e4827c-7338-4de3-9ac6-8831ba5637e9,310.0,388.0,140.0,133.0,1
03e5bc75-633b-40d1-88a7-0b5fad2eba85,,,,,0
03f8bb03-eb04-4365-ac4d-d63d2b5d49cc,65.0,154.0,300.0,573.0,1
03f8bb03-eb04-4365-ac4d-d63d2b5d49cc,584.0,214.0,218.0,538.0,1
043410c0-9453-4c89-a1d6-2ee846d8a343,,,,,0
045a317c-52dd-4528-ae30-5c6d53e039b1,,,,,0
045df9bb-0f72-4b8a-8135-cd5120fb40ed,,,,,0
045e3b0d-46ef-4a89-8795-0a85a2be0d6b,,,,,0
0497796c-c5a0-4eb5-b6a4-66794924727c,,,,,0
04c08d05-e5f7-4de3-b0b3-d39b3bb9d113,246.0,526.0,90.0,136.0,1
04c08d05-e5f7-4de3-b0b3-d39b3bb9d113,677.0,614.0,118.0,199.0,1
04cdd736-43c8-486a-aa76-9ed39feea7b7,,,,,0
05333c60-bee9-4c69-adc6-fc9de52e8cdb,639.0,469.0,105.0,163.0,1
05333c60-bee9-4c69-adc6-fc9de52e8cdb,349.0,554.0,158.0,53.0,1
0566560d-cbff-4025-b803-64498357df9d,,,,,0
0567a5b7-3ba8-4741-87ed-488aebd02321,,,,,0
0572881e-d1dd-4757-a54e-b240b30da946,538.0,387.0,167.0,413.0,1
0572881e-d1dd-4757-a54e-b240b30da946,160.0,463.0,179.0,262.0,1
0582f503-a451-448f-87a5-a67589c5f7c5,,,,,0
05905ac6-1b8f-4793-a7d2-ac794b1bb2ff,,,,,0
0d1b2c45-309a-407f-8224-36761e8451c4,,,,,0
0d4cb628-fdfd-4a4f-838d-9054ed99cc9e,181.0,506.0,184.0,120.0,1
0d8c48b1-8f7a-46c6-b63d-056402ed5b52,,,,,0
0d8cddcf-45bf-415e-b365-1dcb29baa0de,,,,,0
0e08846c-ab58-48d1-9919-f5ea1f47d032,710.0,372.0,164.0,322.0,1
0e08846c-ab58-48d1-9919-f5ea1f47d032,180.0,744.0,242.0,87.0,1
0e240e03-8d4e-4415-a2e1-03ec36b15bfc,,,,,0
0e35a952-7d7e-44a1-b6dd-dd64a3461905,,,,,0
0e3a2225-066f-4aed-90e1-70663f739d9d,,,,,0
0e56c0b6-399e-43df-91ff-cff36f31c977,,,,,0
0e9f4af5-64ae-41aa-b331-e012e28caac4,,,,,0
0ed30a38-fd74-498f-aeaa-6febf7eb66be,,,,,0
0edb45b6-eb6a-42d9-902d-204730c3405e,,,,,0
0f60ce12-960f-4ecf-8c71-040737565327,,,,,0
0f739fa7-fa35-4c0e-997d-9dc9866346dc,,,,,0
0f7c7af4-5ef8-43fe-a598-e9929fd76f5c,,,,,0
0f808f7e-2d1f-4af2-aa9a-aae175acd042,,,,,0
0f87bb25-447f-4c72-b91c-f85824435051,,,,,0
0fa93f8a-c813-4ff1-b44d-57cbe7f54d9a,,,,,0
0fc4edec-08ea-4cd4-bf21-a6319ef0b44d,115.0,386.0,150.0,321.0,1
0fc4edec-08ea-4cd4-bf21-a6319ef0b44d,608.0,402.0,134.0,239.0,1
0fd9d050-6ad7-4bd8-a18b-8e583192726f,672.0,421.0,190.0,352.0,1
0fd9d050-6ad7-4bd8-a18b-8e583192726f,277.0,528.0,109.0,195.0,1
0ff34948-d637-46ff-a36b-02260dfa9b03,,,,,0
107f84d9-65b3-4a11-9c8d-921a5bed5b2f,565.0,240.0,181.0,383.0,1
107f84d9-65b3-4a11-9c8d-921a5bed5b2f,204.0,312.0,212.0,304.0,1
10b1ae91-9c1a-4b1d-b269-51754df1b4f6,320.0,298.0,99.0,74.0,1
10be8144-046d-478b-8a8d-3b41af8b229b,,,,,0
10ec7da5-0d58-4c84-bcdc-180591028054,,,,,0
10f2cb81-ad90-4857-a2f7-18e7d8f66907,241.0,659.0,141.0,113.0,1
10f2cb81-ad90-4857-a2f7-18e7d8f66907,653.0,631.0,155.0,142.0,1
10f8e8da-3c33-4c68-8c10-bba18360b166,,,,,0
110f1696-ffba-439f-9918-1230c656121a,,,,,0
112bbb1f-9e2a-4421-b276-39868ef35904,681.0,670.0,208.0,98.0,1
112bbb1f-9e2a-4421-b276-39868ef35904,232.0,659.0,188.0,124.0,1
115bf7b6-065a-46eb-bd14-f4afbc8384f3,92.0,469.0,192.0,283.0,1
115bf7b6-065a-46eb-bd14-f4afbc8384f3,510.0,437.0,205.0,319.0,1
115d5f48-c01c-485a-8d92-da9529dd428b,,,,,0
11757990-5db5-45da-905d-dc9ad56b9087,,,,,0
119b4b57-ad0c-4581-89c9-64841b14aa12,,,,,0
11a355bd-9544-4211-bfa8-451777c1d3c2,627.0,488.0,263.0,338.0,1
11a355bd-9544-4211-bfa8-451777c1d3c2,267.0,308.0,156.0,280.0,1
11a4ad3f-7899-4c3c-a88d-f1c799ec04df,593.0,496.0,260.0,270.0,1
11a4ad3f-7899-4c3c-a88d-f1c799ec04df,182.0,313.0,264.0,432.0,1
11b092a2-141f-4a4d-8559-8cbef2f8af21,,,,,0
11e0e617-cc49-478e-bcba-209866654fde,217.0,60.0,253.0,605.0,1
11e0e617-cc49-478e-bcba-209866654fde,569.0,60.0,264.0,675.0,1
1202ef51-061c-43a4-8d2b-759fce4f15d4,,,,,0
125a4350-c49f-4056-bfc1-d016c68a1159,,,,,0
1260a8e0-dad4-4b75-8448-0c54c1e21f84,,,,,0
127a6d90-0b91-4927-8810-2788d3e8a1a0,,,,,0
12970580-799e-4c61-96ae-3439238b9ebd,,,,,0
129a1251-95cf-4663-91ad-4e58bc0b2d08,580.0,458.0,177.0,267.0,1
12e5493a-1f4b-463b-a373-67981fc1e76a,,,,,0
12ee00f1-d4ea-4546-a07c-d43280aca538,261.0,218.0,298.0,597.0,1
12ee00f1-d4ea-4546-a07c-d43280aca538,655.0,212.0,298.0,622.0,1
131cd368-4db7-4883-9408-47da2b59650a,666.0,549.0,324.0,231.0,1
131dd766-23cb-43e2-9653-13033d70765c,316.0,240.0,152.0,134.0,1
13259a9d-5393-4a94-aceb-c550042694cb,,,,,0
1325b50a-3e35-41a6-a871-40359dccf55e,,,,,0
1352a7f3-1f0d-4f1f-af05-daa5d7f8624a,631.0,263.0,191.0,351.0,1
1352a7f3-1f0d-4f1f-af05-daa5d7f8624a,255.0,205.0,282.0,514.0,1
13b42b81-7e2f-436f-9dd7-63ec96eccb6e,,,,,0
13bf28d4-fa19-4ba0-966a-938f676d6d04,649.0,357.0,194.0,297.0,1
13bf28d4-fa19-4ba0-966a-938f676d6d04,273.0,427.0,196.0,305.0,1
13eee970-ca31-44a9-9b8a-83e317f129dc,,,,,0
13f8bb2b-9c21-4131-aee1-eef3bc0cf88b,,,,,0
13fce2c5-6834-485f-8280-c3b0c1b952b5,244.0,479.0,217.0,195.0,1
141fcca0-f7b6-464b-8467-5adf3cb16da2,,,,,0
1467b120-791b-4d54-a7ac-26c3f2201891,,,,,0
1483c479-9496-47e1-bfd2-bda652f83fc9,,,,,0
14972d5d-9c7c-430b-bc31-17ce7fc3422e,,,,,0
14ba7fdd-0279-4a71-a0ba-b638548684eb,,,,,0
14cc479c-1385-46a1-9559-638c7da6f02d,685.0,384.0,181.0,304.0,1
14cc479c-1385-46a1-9559-638c7da6f02d,84.0,304.0,226.0,273.0,1
14d6efa1-b137-40c0-bc77-d512b2ed0695,,,,,0
14f29678-d258-4cef-bd42-352070353966,,,,,0
14f630ba-5e88-4944-9040-9861c91dc362,787.0,320.0,172.0,219.0,1
14f630ba-5e88-4944-9040-9861c91dc362,298.0,321.0,143.0,268.0,1
15074516-5791-4026-b665-3cfea4748323,,,,,0
152f7c75-b645-4662-91c6-234d79ffeb02,,,,,0
153a8af1-6d5c-42fc-b681-b81953d796b3,,,,,0
15427579-e055-4f31-a2ac-f92da3855bcb,152.0,254.0,300.0,239.0,1
19a86909-69d0-424b-9b46-1e7a246a2174,,,,,0
19b1f7ba-bd40-4e8d-813d-da977b2306b3,222.0,522.0,180.0,188.0,1
19b1f7ba-bd40-4e8d-813d-da977b2306b3,658.0,590.0,151.0,228.0,1
19da7299-3657-4477-b22e-998d550cfed4,,,,,0
1a007e73-2048-4948-a4c0-ef745246bc76,245.0,439.0,152.0,304.0,1
1a007e73-2048-4948-a4c0-ef745246bc76,691.0,509.0,157.0,274.0,1
1a04f083-d880-4493-87be-68521bc197c1,256.0,468.0,194.0,332.0,1
1a04f083-d880-4493-87be-68521bc197c1,665.0,461.0,172.0,269.0,1
1a42aa5f-54c6-4ada-b381-cdf65cfc69b1,713.0,336.0,113.0,156.0,1
1a42aa5f-54c6-4ada-b381-cdf65cfc69b1,193.0,336.0,165.0,231.0,1
1a5ad03f-aac6-4491-b2e2-e5634fdfd2be,,,,,0
1a9af28f-f757-4d16-92dc-469f2da9fef7,,,,,0
1aa03e26-b635-47f9-bd58-8ed0a8e5fa50,,,,,0
1aea68e3-a8b7-4402-92a5-16a1f23c6d4a,245.0,183.0,243.0,447.0,1
1aea68e3-a8b7-4402-92a5-16a1f23c6d4a,676.0,262.0,202.0,453.0,1
1af01c2b-ade7-4482-a406-4e1c24335f1a,,,,,0
1af50916-9b55-4df5-b1d3-dde1af2bc441,,,,,0
1b0b50d0-c31e-4713-b252-292423149457,,,,,0
1b167f33-a18a-4aab-8a29-2a9d1d41c054,603.0,564.0,184.0,141.0,1
1b191289-3e02-4521-b96d-4d412d02c102,,,,,0
1b1dc237-cefb-48f9-87ae-467e99fa9cf0,,,,,0
1b440724-2e24-4124-b7c7-0bc82015a674,,,,,0
1b57f09b-5884-48b6-b7b5-2b3a323280b7,170.0,390.0,247.0,187.0,1
1b57f09b-5884-48b6-b7b5-2b3a323280b7,671.0,415.0,197.0,216.0,1
1b605652-ed75-4e59-9d78-4b5ee5aa11ec,,,,,0
1be3fba5-6b8b-47b4-aa7b-9d0d08d42f1f,,,,,0
1c187dbf-3fa4-4a39-914a-39994b76d4c5,615.0,452.0,67.0,113.0,1
1c187dbf-3fa4-4a39-914a-39994b76d4c5,279.0,396.0,191.0,207.0,1
1c2633c2-6fba-4a94-84e7-648ea251f1b0,,,,,0
1c5c3093-5a22-4728-8d74-84846c3cbe72,,,,,0
1c807df9-7cf0-4f02-bb16-7ad88384ef2e,565.0,502.0,136.0,211.0,1
1c807df9-7cf0-4f02-bb16-7ad88384ef2e,149.0,605.0,184.0,166.0,1
1c807df9-7cf0-4f02-bb16-7ad88384ef2e,521.0,159.0,151.0,156.0,1
1c9d6056-3f6e-4d56-b425-e216ead4038b,,,,,0
1cadf040-18bb-424d-aa1f-2e6fa971277b,,,,,0
1cc1ad56-7cf5-464c-994f-ff10d880ded9,,,,,0
1cfe520b-cb8f-4aeb-8861-ac8ef6c79d8c,,,,,0
1d0386e4-e101-4f48-a7cb-d4d763316d47,,,,,0
1d1c3fb7-71d6-4104-8a93-320e4959bbdb,312.0,484.0,143.0,233.0,1
1d1c3fb7-71d6-4104-8a93-320e4959bbdb,620.0,497.0,116.0,251.0,1
1d542f61-b3df-439b-bdbd-c8b38eb8454f,,,,,0
1d9c11e2-ad66-48ae-a898-b7aba7fb0fb2,,,,,0
1e79584e-007e-43a7-bef3-94c4889dbfdf,,,,,0
1e83e240-c08d-4f0a-8236-d11a3f8d95ac,,,,,0
1e98c91f-9481-4ea3-917f-69f11c7740b3,603.0,245.0,206.0,268.0,1
1e98c91f-9481-4ea3-917f-69f11c7740b3,194.0,424.0,214.0,246.0,1
1ed2b1aa-c8e6-4b76-aaeb-289fecd0095b,,,,,0
1ed9d674-2a7d-40d9-b40d-e754fc49938e,,,,,0
1eef9264-e6e3-41ba-b5fa-6a2ab638a7c9,526.0,641.0,109.0,153.0,1
1f0d06c7-de90-491e-ab76-58f62575a35a,,,,,0
1f0ef178-e4be-4ec3-b44a-232ef178f5e9,,,,,0
1f6e393f-ae2b-4086-acba-8e4272245a7c,,,,,0
1f89239e-8271-4c33-abbc-7c018723b4c4,277.0,310.0,156.0,113.0,1
1f929e8d-0289-4712-806b-8894c2ba2f93,,,,,0
1f99edfe-6ad8-4781-9f7a-cf6c3f3123ff,,,,,0
1f9aa2f6-c219-47c5-834c-173825b2a110,,,,,0
1fa9f43b-3f5f-4c16-8731-c88d71ee6e0b,,,,,0
1ffc10a0-40a4-4a34-92b1-d9cab759f444,,,,,0
200613d9-e461-4836-ae40-b349087e01a2,,,,,0
201fe232-cebb-4e8d-ab9a-f41f03bd676a,167.0,481.0,266.0,376.0,1
203a63e3-238f-40ff-a0fc-de85641f7dd5,,,,,0
203b7f39-41eb-4b06-ae00-387fbfa45dd8,597.0,322.0,271.0,599.0,1
20e1f3f2-953a-4a8e-b7d3-8db21a4ce933,,,,,0
212ccee9-80ec-4d67-8edb-5959d344c923,,,,,0
214dcd68-4220-4010-8510-4c8eee830c70,,,,,0
21acb261-5038-406a-bb35-054fe557f0ee,,,,,0
21aea18e-5904-4663-9d36-54a43b90e4d8,,,,,0
21b97415-1275-4483-9705-af9174fc2b4f,180.0,469.0,243.0,277.0,1
220e0278-363d-431b-8094-1e28085ddb0f,644.0,345.0,192.0,337.0,1
220e0278-363d-431b-8094-1e28085ddb0f,334.0,234.0,170.0,411.0,1
2232fe6c-e152-4875-9b6d-1706a3b1652c,,,,,0
224a054f-8497-4e62-b4fe-b7829c62879e,,,,,0
22a39d0b-3a66-400a-96cf-97a228a2de79,,,,,0
22ce653c-e7f4-45d5-9c5e-4abdc753b1b0,647.0,421.0,142.0,223.0,1
22ce653c-e7f4-45d5-9c5e-4abdc753b1b0,279.0,560.0,149.0,152.0,1
22d23df8-22af-410c-bea9-2e6e8eb1ce94,,,,,0
22ff9ca2-6b24-422a-b8da-6f986a870077,633.0,485.0,112.0,79.0,1
232f6bcd-2006-459a-9b30-b51beea28044,602.0,421.0,197.0,148.0,1
233fa720-d58a-4db3-beac-e99002f7080e,,,,,0
23550fde-0680-4c70-afd4-c3534df4c657,,,,,0
2387db99-efe6-4e4b-bbc8-6f725e1b757e,,,,,0
2391484d-edaa-4e8d-a993-1ff779eafce7,,,,,0
239e9d1c-e5c1-4798-a6ba-64fd64e7c486,701.0,435.0,160.0,276.0,1
23ae7f52-f3be-4b6f-ba8f-ac2a72f433fc,634.0,594.0,214.0,226.0,1
23bf02dd-a965-4b1d-b4f3-060c330f63e9,,,,,0
23ca0450-4138-4e7a-9489-0f5b6a91031d,621.0,399.0,193.0,91.0,1
23ca0450-4138-4e7a-9489-0f5b6a91031d,94.0,414.0,224.0,134.0,1
2456fcb4-82bd-4fa9-8ef2-8e1250c3ff50,210.0,451.0,139.0,167.0,1
2458fdf6-7200-425e-b072-0a4e08afcdca,,,,,0
246bf123-5a0d-4a3d-b4b4-6e442f8a830c,,,,,0
248212c6-2326-47ea-9976-6cbaa9c7ae3e,,,,,0
251f6387-f60a-46e3-9bfa-78262116bc28,,,,,0
2529eed9-738c-4a5d-9e77-c061d77e3510,,,,,0
25300d70-86f1-4be6-83a9-f6ae31a0b451,577.0,511.0,195.0,86.0,1
2550ee5f-ea6e-4683-8aeb-54ab06e0c318,,,,,0
255bd0b6-8c03-4eac-8275-941ced8de709,,,,,0
25957b99-212d-48d2-aef4-ca816f211f0e,281.0,255.0,134.0,281.0,1
25957b99-212d-48d2-aef4-ca816f211f0e,612.0,314.0,148.0,278.0,1
25c915e6-1b94-43b5-a19f-21931faac3b2,621.0,548.0,204.0,102.0,1
25c915e6-1b94-43b5-a19f-21931faac3b2,233.0,610.0,137.0,66.0,1
25d34f4c-7ebe-4fb7-a609-f0d98f5b06c5,639.0,385.0,175.0,110.0,1
25f20eb8-ca8b-4763-b213-8dcc63df4aed,,,,,0
26346765-2787-412c-be8f-6914ac16259e,,,,,0
26408db2-e7f0-47de-96d8-5aa9c2b47153,316.0,462.0,139.0,132.0,1
265fdc5a-6b13-4ec0-a13c-81ac83bc3865,,,,,0
2673d0ba-ab94-4aac-8a9f-1599818c2c12,629.0,342.0,170.0,158.0,1
2673d0ba-ab94-4aac-8a9f-1599818c2c12,583.0,518.0,171.0,176.0,1
2673d0ba-ab94-4aac-8a9f-1599818c2c12,244.0,366.0,186.0,244.0,1
26c3d53a-f772-4ad1-96d5-e217ca8c19af,,,,,0
26c94e32-023b-4963-aca3-525ac2752d2c,,,,,0
2721b917-061a-489b-8580-db98f0e80d60,,,,,0
27257ed5-0b0b-4840-9afd-7422ca03b3fb,,,,,0
27aa5880-422d-4084-b907-409754c89713,,,,,0
27bdb2cc-9665-40ea-a6b4-248a1112dbe8,676.0,588.0,203.0,275.0,1
27ee75df-d2e3-40c0-994f-3efd14e6dafb,251.0,193.0,258.0,482.0,1
27ee75df-d2e3-40c0-994f-3efd14e6dafb,638.0,204.0,238.0,554.0,1
27fa7496-e222-4016-8d1a-5a8dd4db52ed,132.0,310.0,269.0,445.0,1
27fa7496-e222-4016-8d1a-5a8dd4db52ed,536.0,275.0,263.0,458.0,1
2846f61a-9763-4ddc-80a9-a8701c974aa6,,,,,0
28775c77-80e8-4f8c-be85-7a44162b5c28,612.0,354.0,251.0,297.0,1
28b55977-46e6-4113-a582-e93ba5c25cd6,,,,,0
28b67d93-2432-41e4-9e3b-3d0ba249ad39,,,,,0
28c22b85-a506-469f-a85e-1618a765901c,,,,,0
28dfbd38-b24a-4cfb-a355-34c226dd2aa2,622.0,585.0,226.0,333.0,1
28fa453d-027a-4569-9e22-7814e7b74f43,686.0,572.0,100.0,201.0,1
290ba340-b0c0-44d5-ab13-e0e315504cac,,,,,0
293f4b7b-3a6e-44a6-b9d2-810b139094cf,683.0,559.0,191.0,170.0,1
294ffc42-a92a-40d6-bcda-96bb3c9b8def,,,,,0
29a2fb4c-481c-4147-89ad-5b6d1e343903,,,,,0
29bc3aa5-938c-4afe-8a7b-50ebd2cb5621,681.0,569.0,118.0,145.0,1
29bc3aa5-938c-4afe-8a7b-50ebd2cb5621,296.0,572.0,117.0,118.0,1
29c7e6ff-0de0-499d-9049-c2aae8303cd0,,,,,0
29ce63f4-8e2d-4266-9b3d-00949aada503,,,,,0
2a1d9cf8-871f-4aaa-a461-cbefbb880b09,,,,,0
2a495fc1-09c7-4482-a2c8-71bed72628f5,,,,,0
2a52de75-f306-4615-ba64-61585c8e016b,,,,,0
2a55f0bc-4943-4473-8f08-5c0a36fdc929,,,,,0
2a5752c7-6f90-4c5f-a5bd-9dd7736097ef,,,,,0
2a607bec-696e-4248-b6cc-21a6266744bd,,,,,0
2a689cee-3fa4-405a-98de-da24278e7d33,,,,,0
2a740d72-0dc4-4439-93ed-60cad708d7c4,,,,,0
2a9cbbfa-3d10-44ce-af56-7ebe00f51719,,,,,0
2ae3e7ba-a0fe-4f0a-96db-d337714aa657,589.0,574.0,159.0,97.0,1
2ae42ec0-68e3-463e-8559-4a5edd45f32c,,,,,0
2b1eb6ac-335c-406e-bcea-31dffed2e79f,,,,,0
2b4c09a2-c8d7-4773-84e3-f1aa664fba9a,604.0,214.0,267.0,387.0,1
2b885980-3f3c-452f-9ca6-af215dbfe61c,598.0,571.0,168.0,200.0,1
2b885980-3f3c-452f-9ca6-af215dbfe61c,215.0,629.0,172.0,132.0,1
2bbd1729-f918-4712-bdc7-691240c8636f,,,,,0
2bc72e37-294d-4d3a-b018-298c35c11f29,,,,,0
2bd138cb-a07a-48b9-bbc9-137a460e1e2d,,,,,0
2bdb2f30-8f33-44f7-9103-fde567dbfd65,,,,,0
2beb8746-4e01-499d-ad6a-e29e7b30ddf6,,,,,0
2c43c983-3fb6-4110-87d4-a282af171b69,,,,,0
2c587800-9537-42f4-8acd-b86519ab09b4,,,,,0
2c7411ab-ce18-469d-868f-de850cafa9ba,304.0,456.0,150.0,215.0,1
2c7411ab-ce18-469d-868f-de850cafa9ba,718.0,546.0,169.0,170.0,1
2c7ce8e8-56b1-43a7-b955-7e9669ecab45,,,,,0
2c9a388f-0042-4b88-b52b-ea0b21fb7960,511.0,470.0,118.0,127.0,1
2cce4f3d-ad2a-4021-b46a-3f34015600e5,218.0,453.0,135.0,83.0,1
2cce4f3d-ad2a-4021-b46a-3f34015600e5,668.0,525.0,117.0,80.0,1
2cd0cbc4-bf35-49de-963e-8ee3fd08ca75,186.0,427.0,150.0,180.0,1
2cd0cbc4-bf35-49de-963e-8ee3fd08ca75,630.0,389.0,195.0,95.0,1
2cd0cbc4-bf35-49de-963e-8ee3fd08ca75,291.0,224.0,153.0,119.0,1
2cda8261-0bf1-427f-bd12-824470b9bcf9,,,,,0
2ce34f96-40b4-4d2a-b6a1-c7e21e6db8a1,269.0,493.0,218.0,318.0,1
2cf0e85e-a6d7-4c20-a338-0a798d9a136c,,,,,0
2cf3b965-6711-4f43-8bab-5e27e3d12909,,,,,0
2d2a74bc-10a5-40cd-aa6a-4ae5237c6d76,,,,,0
2d5e1e45-218a-4a12-bef9-43411265b464,,,,,0
2d8aa8bb-f2f3-4da0-93f6-5e92d02481ed,,,,,0
2db71952-47f3-455b-aed2-675ec9113cf3,,,,,0
2dce8e47-d87c-48c0-964a-f47695522915,,,,,0
2e02f4ce-3130-42b9-af78-997942bc4f38,150.0,488.0,201.0,146.0,1
2e12816f-48d5-4a6c-a8ac-c3c2ae7ba059,,,,,0
2e303b9f-1a06-4553-afce-3561db6420f3,,,,,0
2e566084-386d-48a6-beb2-8b28732371e7,,,,,0
2e8dae63-1cbd-4361-bb5d-3baba942bbc2,,,,,0
2e9e3ac8-d85c-4d0a-92a0-14030dc21c66,,,,,0
2ec54800-bf48-43c5-aee9-18de34508ef4,,,,,0
2ec88120-5cef-45a0-b9d6-629fdf99ab8c,,,,,0
2ed28305-1b61-44f5-ba2c-a8f54635ddb2,,,,,0
2ed57b2d-a30f-4728-a2f8-76bb825a813c,,,,,0
2eec752d-9977-4ea9-b73c-78e1d196d98d,,,,,0
2ef4cfe7-bbc1-4ce2-ba1e-6df54a94252c,295.0,595.0,170.0,135.0,1
2ef4cfe7-bbc1-4ce2-ba1e-6df54a94252c,728.0,533.0,234.0,178.0,1
2ef52c28-b6f9-4317-b062-e016efc73c5f,,,,,0
2f06b4d6-f9e2-463a-a8f9-f4b9715b61cb,,,,,0
2f42fe81-bd2a-4b14-966b-589873d13663,764.0,509.0,96.0,89.0,1
2f55c07d-beb7-4b5f-9e9d-18d4fed5ae27,613.0,427.0,96.0,121.0,1
2f7fd25d-4968-44bb-96c3-91e377284546,,,,,0
2f9c1b97-74a7-4781-bad3-c46cc08c69c8,614.0,575.0,138.0,155.0,1
2f9c1b97-74a7-4781-bad3-c46cc08c69c8,185.0,572.0,190.0,148.0,1
2fa75092-e364-4326-b5b0-f1d61df464c8,224.0,295.0,189.0,267.0,1
2fa75092-e364-4326-b5b0-f1d61df464c8,592.0,259.0,179.0,231.0,1
2faeab4f-17bf-410e-99b9-77bf4ae75963,,,,,0
2fb8f201-843f-44fd-90cd-d1f257f996cf,,,,,0
2fc6c353-a51d-4eb7-ae51-d971f12a38d9,644.0,359.0,149.0,106.0,1
2fc6c353-a51d-4eb7-ae51-d971f12a38d9,287.0,324.0,135.0,189.0,1
30181ed4-6337-47e1-89b7-9dfe63c95131,600.0,590.0,226.0,134.0,1
30181ed4-6337-47e1-89b7-9dfe63c95131,242.0,577.0,166.0,158.0,1
3022b5a2-88d8-48b8-8f90-55e037f4e86b,,,,,0
303c2367-2911-4e0a-8b63-24f01c94b217,,,,,0
304a94f8-b5cf-4bef-ab88-ad9edbb7e68e,,,,,0
30865d74-df6d-4ce9-8292-d16759b82e2e,,,,,0
308cf5b6-fcaf-4673-bc75-737b8d67b889,596.0,353.0,229.0,415.0,1
308cf5b6-fcaf-4673-bc75-737b8d67b889,275.0,303.0,130.0,380.0,1
30aa278a-8311-402a-9b9b-dfa4d6c36c8f,,,,,0
30c7ba0d-6b34-4a40-a92e-493c756d924a,,,,,0
30e21f60-403d-4f23-b01b-c42a638adf7e,,,,,0
30f2c879-2104-45e4-acbd-6284f7a62d35,361.0,289.0,204.0,631.0,1
30f2c879-2104-45e4-acbd-6284f7a62d35,674.0,280.0,212.0,663.0,1
3134ae04-5935-4337-9a7d-f190f118091b,,,,,0
bfef9bd8-fd91-45f3-8962-cae5503eda0b,,,,,0
c003fdb7-d3ca-4295-92a8-03b32bffc780,,,,,0
c0052da2-7dcd-47e9-9300-122801e1617b,,,,,0
c033f66d-900e-4ba3-8da4-a6823ea89d09,547.0,369.0,177.0,285.0,1
c033f66d-900e-4ba3-8da4-a6823ea89d09,217.0,348.0,161.0,488.0,1
c0608b6d-a375-4cda-8133-b5ec73217435,693.0,519.0,130.0,206.0,1
c0608b6d-a375-4cda-8133-b5ec73217435,300.0,559.0,147.0,152.0,1
c0654897-6bfe-4b7c-abd3-dda76d0fcac2,131.0,369.0,270.0,460.0,1
c0654897-6bfe-4b7c-abd3-dda76d0fcac2,615.0,456.0,213.0,435.0,1
c0760d93-760c-4be7-afca-5e9914e6f8f1,,,,,0
c07f52df-d481-434f-84c1-04263926ac40,627.0,177.0,181.0,349.0,1
c07f52df-d481-434f-84c1-04263926ac40,234.0,214.0,207.0,471.0,1
c0801452-425d-4196-b369-8abd70fa3268,,,,,0
c09b4889-d8d1-4690-806e-dfada1f79e0b,606.0,555.0,156.0,129.0,1
c0d8eb9f-8276-414b-8cbb-d8f28b61aac1,,,,,0
c0f3d102-ed5f-4820-81d4-89cefcf2d53a,,,,,0
c102bfc2-601d-4275-b986-d928bf170ef9,662.0,395.0,253.0,488.0,1
c102bfc2-601d-4275-b986-d928bf170ef9,220.0,402.0,239.0,490.0,1
c14d9ceb-019f-45f6-9299-281b58de57df,578.0,447.0,157.0,258.0,1
c14d9ceb-019f-45f6-9299-281b58de57df,239.0,268.0,172.0,418.0,1
c1592aae-c80d-4794-ab28-463905558534,,,,,0
c1718678-44af-407f-829a-fc65bc854094,,,,,0
c1cddf32-b957-4753-acaa-472ab1447e86,269.0,416.0,193.0,285.0,1
c1cddf32-b957-4753-acaa-472ab1447e86,766.0,475.0,135.0,213.0,1
c1e228e4-b7b4-432b-a735-36c48fdb806f,,,,,0
